2026-10-08 15:41:02.960 | INFO     | src.database:_init_db:58 - База данных инициализирована (таблицы созданы)
2026-10-08 15:41:02.961 | DEBUG    | src.moex_loader:_fetch_page:48 - Запрос: https://iss.moex.com/iss/engines/stock/markets/shares/boards/TQBR/securities/ABIO/candles.json?from=2023-10-09&till=2026-10-08&interval=24&iss.meta=off&start=0
2026-10-08 15:41:04.197 | INFO     | src.database:insert_raw_candles:110 - Вставлено 500 записей в raw_candles
2026-10-08 15:41:04.198 | INFO     | src.database:upsert_meta:149 - Мета-информация обновлена для ABIO
2026-10-08 15:41:04.198 | INFO     | src.moex_loader:load_asset:195 - Загружено 500 свечей для ABIO (stock)
2026-10-08 15:41:04.198 | DEBUG    | src.moex_loader:_fetch_page:48 - Запрос: https://iss.moex.com/iss/engines/stock/markets/shares/boards/TQBR/securities/ABRD/candles.json?from=2023-10-09&till=2026-10-08&interval=24&iss.meta=off&start=0
2026-10-08 15:41:05.485 | INFO     | src.database:insert_raw_candles:110 - Вставлено 500 записей в raw_candles
2026-10-08 15:41:05.485 | INFO     | src.database:upsert_meta:149 - Мета-информация обновлена для ABRD
2026-10-08 15:41:05.485 | INFO     | src.moex_loader:load_asset:195 - Загружено 500 свечей для ABRD (stock)
2026-10-08 15:41:05.486 | DEBUG    | src.moex_loader:_fetch_page:48 - Запрос: https://iss.moex.com/iss/engines/stock/markets/shares/boards/TQBR/securities/AFKS/candles.json?from=2023-10-09&till=2026-10-08&interval=24&iss.meta=off&start=0
2026-10-08 15:41:07.433 | INFO     | src.database:insert_raw_candles:110 - Вставлено 500 записей в raw_candles
2026-10-08 15:41:07.433 | INFO     | src.database:upsert_meta:149 - Мета-информация обновлена для AFKS
2026-10-08 15:41:07.433 | INFO     | src.moex_loader:load_asset:195 - Загружено 500 свечей для AFKS (stock)
2026-10-08 15:41:07.434 | DEBUG    | src.moex_loader:_fetch_page:48 - Запрос: https://iss.moex.com/iss/engines/stock/markets/shares/boards/TQBR/securities/AFLT/candles.json?from=2023-10-09&till=2026-10-08&interval=24&iss.meta=off&start=0
2026-10-08 15:41:08.446 | INFO     | src.database:insert_raw_candles:110 - Вставлено 500 записей в raw_candles
2026-10-08 15:41:08.446 | INFO     | src.database:upsert_meta:149 - Мета-информация обновлена для AFLT
2026-10-08 15:41:08.446 | INFO     | src.moex_loader:load_asset:195 - Загружено 500 свечей для AFLT (stock)
2026-10-08 15:41:08.447 | DEBUG    | src.moex_loader:_fetch_page:48 - Запрос: https://iss.moex.com/iss/engines/stock/markets/shares/boards/TQBR/securities/AKRN/candles.json?from=2023-10-09&till=2026-10-08&interval=24&iss.meta=off&start=0
2026-10-08 15:41:09.429 | INFO     | src.database:insert_raw_candles:110 - Вставлено 500 записей в raw_candles
2026-10-08 15:41:09.429 | INFO     | src.database:upsert_meta:149 - Мета-информация обновлена для AKRN
2026-10-08 15:41:09.429 | INFO     | src.moex_loader:load_asset:195 - Загружено 500 свечей для AKRN (stock)
2026-10-08 15:41:09.430 | DEBUG    | src.moex_loader:_fetch_page:48 - Запрос: https://iss.moex.com/iss/engines/stock/markets/shares/boards/TQBR/securities/ALRS/candles.json?from=2023-10-09&till=2026-10-08&interval=24&iss.meta=off&start=0
2026-10-08 15:41:10.538 | INFO     | src.database:insert_raw_candles:110 - Вставлено 500 записей в raw_candles
2026-10-08 15:41:10.538 | INFO     | src.database:upsert_meta:149 - Мета-информация обновлена для ALRS
2026-10-08 15:41:10.538 | INFO     | src.moex_loader:load_asset:195 - Загружено 500 свечей для ALRS (stock)
2026-10-08 15:41:10.539 | DEBUG    | src.moex_loader:_fetch_page:48 - Запрос: https://iss.moex.com/iss/engines/stock/markets/shares/boards/TQBR/securities/APRI/candles.json?from=2023-10-09&till=2026-10-08&interval=24&iss.meta=off&start=0
2026-10-08 15:41:11.801 | INFO     | src.database:insert_raw_candles:110 - Вставлено 500 записей в raw_candles
2026-10-08 15:41:11.801 | INFO     | src.database:upsert_meta:149 - Мета-информация обновлена для APRI
2026-10-08 15:41:11.801 | INFO     | src.moex_loader:load_asset:195 - Загружено 500 свечей для APRI (stock)
2026-10-08 15:41:11.802 | DEBUG    | src.moex_loader:_fetch_page:48 - Запрос: https://iss.moex.com/iss/engines/stock/markets/shares/boards/TQBR/securities/APTK/candles.json?from=2023-10-09&till=2026-10-08&interval=24&iss.meta=off&start=0
2026-10-08 15:41:14.088 | INFO     | src.database:insert_raw_candles:110 - Вставлено 500 записей в raw_candles
2026-10-08 15:41:14.088 | INFO     | src.database:upsert_meta:149 - Мета-информация обновлена для APTK
2026-10-08 15:41:14.088 | INFO     | src.moex_loader:load_asset:195 - Загружено 500 свечей для APTK (stock)
2026-10-08 15:41:14.089 | DEBUG    | src.moex_loader:_fetch_page:48 - Запрос: https://iss.moex.com/iss/engines/stock/markets/shares/boards/TQBR/securities/AQUA/candles.json?from=2023-10-09&till=2026-10-08&interval=24&iss.meta=off&start=0
2026-10-08 15:41:16.161 | INFO     | src.database:insert_raw_candles:110 - Вставлено 500 записей в raw_candles
2026-10-08 15:41:16.162 | INFO     | src.database:upsert_meta:149 - Мета-информация обновлена для AQUA
2026-10-08 15:41:16.162 | INFO     | src.moex_loader:load_asset:195 - Загружено 500 свечей для AQUA (stock)
2026-10-08 15:41:16.162 | DEBUG    | src.moex_loader:_fetch_page:48 - Запрос: https://iss.moex.com/iss/engines/stock/markets/shares/boards/TQBR/securities/ARSA/candles.json?from=2023-10-09&till=2026-10-08&interval=24&iss.meta=off&start=0
2026-10-08 15:41:17.154 | INFO     | src.database:insert_raw_candles:110 - Вставлено 500 записей в raw_candles
2026-10-08 15:41:17.155 | INFO     | src.database:upsert_meta:149 - Мета-информация обновлена для ARSA
2026-10-08 15:41:17.155 | INFO     | src.moex_loader:load_asset:195 - Загружено 500 свечей для ARSA (stock)
2026-10-08 15:41:17.156 | DEBUG    | src.moex_loader:_fetch_page:48 - Запрос: https://iss.moex.com/iss/engines/stock/markets/shares/boards/TQBR/securities/ASSB/candles.json?from=2023-10-09&till=2026-10-08&interval=24&iss.meta=off&start=0
2026-10-08 15:41:18.530 | INFO     | src.database:insert_raw_candles:110 - Вставлено 500 записей в raw_candles
2026-10-08 15:41:18.531 | INFO     | src.database:upsert_meta:149 - Мета-информация обновлена для ASSB
2026-10-08 15:41:18.531 | INFO     | src.moex_loader:load_asset:195 - Загружено 500 свечей для ASSB (stock)
2026-10-08 15:41:18.532 | DEBUG    | src.moex_loader:_fetch_page:48 - Запрос: https://iss.moex.com/iss/engines/stock/markets/shares/boards/TQBR/securities/ASTR/candles.json?from=2023-10-09&till=2026-10-08&interval=24&iss.meta=off&start=0
2026-10-08 15:41:19.582 | INFO     | src.database:insert_raw_candles:110 - Вставлено 500 записей в raw_candles
2026-10-08 15:41:19.583 | INFO     | src.database:upsert_meta:149 - Мета-информация обновлена для ASTR
2026-10-08 15:41:19.583 | INFO     | src.moex_loader:load_asset:195 - Загружено 500 свечей для ASTR (stock)
2026-10-08 15:41:19.583 | DEBUG    | src.moex_loader:_fetch_page:48 - Запрос: https://iss.moex.com/iss/engines/stock/markets/shares/boards/TQBR/securities/AVAN/candles.json?from=2023-10-09&till=2026-10-08&interval=24&iss.meta=off&start=0
2026-10-08 15:41:20.602 | INFO     | src.database:insert_raw_candles:110 - Вставлено 500 записей в raw_candles
2026-10-08 15:41:20.603 | INFO     | src.database:upsert_meta:149 - Мета-информация обновлена для AVAN
2026-10-08 15:41:20.603 | INFO     | src.moex_loader:load_asset:195 - Загружено 500 свечей для AVAN (stock)
2026-10-08 15:41:20.603 | DEBUG    | src.moex_loader:_fetch_page:48 - Запрос: https://iss.moex.com/iss/engines/stock/markets/shares/boards/TQBR/securities/BANE/candles.json?from=2023-10-09&till=2026-10-08&interval=24&iss.meta=off&start=0
2026-10-08 15:41:21.648 | INFO     | src.database:insert_raw_candles:110 - Вставлено 500 записей в raw_candles
2026-10-08 15:41:21.649 | INFO     | src.database:upsert_meta:149 - Мета-информация обновлена для BANE
2026-10-08 15:41:21.649 | INFO     | src.moex_loader:load_asset:195 - Загружено 500 свечей для BANE (stock)
2026-10-08 15:41:21.650 | DEBUG    | src.moex_loader:_fetch_page:48 - Запрос: https://iss.moex.com/iss/engines/stock/markets/shares/boards/TQBR/securities/BANEP/candles.json?from=2023-10-09&till=2026-10-08&interval=24&iss.meta=off&start=0
2026-10-08 15:41:22.936 | INFO     | src.database:insert_raw_candles:110 - Вставлено 500 записей в raw_candles
2026-10-08 15:41:22.937 | INFO     | src.database:upsert_meta:149 - Мета-информация обновлена для BANEP
2026-10-08 15:41:22.937 | INFO     | src.moex_loader:load_asset:195 - Загружено 500 свечей для BANEP (stock)
2026-10-08 15:41:22.937 | DEBUG    | src.moex_loader:_fetch_page:48 - Запрос: https://iss.moex.com/iss/engines/stock/markets/shares/boards/TQBR/securities/BAZA/candles.json?from=2023-10-09&till=2026-10-08&interval=24&iss.meta=off&start=0
2026-10-08 15:41:24.972 | INFO     | src.database:insert_raw_candles:110 - Вставлено 273 записей в raw_candles
2026-10-08 15:41:24.973 | INFO     | src.database:upsert_meta:149 - Мета-информация обновлена для BAZA
2026-10-08 15:41:24.973 | INFO     | src.moex_loader:load_asset:195 - Загружено 273 свечей для BAZA (stock)
2026-10-08 15:41:24.974 | DEBUG    | src.moex_loader:_fetch_page:48 - Запрос: https://iss.moex.com/iss/engines/stock/markets/shares/boards/TQBR/securities/BELU/candles.json?from=2023-10-09&till=2026-10-08&interval=24&iss.meta=off&start=0
2026-10-08 15:41:26.005 | INFO     | src.database:insert_raw_candles:110 - Вставлено 500 записей в raw_candles
2026-10-08 15:41:26.006 | INFO     | src.database:upsert_meta:149 - Мета-информация обновлена для BELU
2026-10-08 15:41:26.006 | INFO     | src.moex_loader:load_asset:195 - Загружено 500 свечей для BELU (stock)
2026-10-08 15:41:26.006 | DEBUG    | src.moex_loader:_fetch_page:48 - Запрос: https://iss.moex.com/iss/engines/stock/markets/shares/boards/TQBR/securities/BISVP/candles.json?from=2023-10-09&till=2026-10-08&interval=24&iss.meta=off&start=0
2026-10-08 15:41:27.013 | INFO     | src.database:insert_raw_candles:110 - Вставлено 500 записей в raw_candles
2026-10-08 15:41:27.014 | INFO     | src.database:upsert_meta:149 - Мета-информация обновлена для BISVP
2026-10-08 15:41:27.014 | INFO     | src.moex_loader:load_asset:195 - Загружено 500 свечей для BISVP (stock)
2026-10-08 15:41:27.014 | DEBUG    | src.moex_loader:_fetch_page:48 - Запрос: https://iss.moex.com/iss/engines/stock/markets/shares/boards/TQBR/securities/BLNG/candles.json?from=2023-10-09&till=2026-10-08&interval=24&iss.meta=off&start=0
2026-10-08 15:41:27.984 | INFO     | src.database:insert_raw_candles:110 - Вставлено 500 записей в raw_candles
2026-10-08 15:41:27.984 | INFO     | src.database:upsert_meta:149 - Мета-информация обновлена для BLNG
2026-10-08 15:41:27.985 | INFO     | src.moex_loader:load_asset:195 - Загружено 500 свечей для BLNG (stock)
2026-10-08 15:41:27.985 | DEBUG    | src.moex_loader:_fetch_page:48 - Запрос: https://iss.moex.com/iss/engines/stock/markets/shares/boards/TQBR/securities/BRZL/candles.json?from=2023-10-09&till=2026-10-08&interval=24&iss.meta=off&start=0
2026-10-08 15:41:28.973 | INFO     | src.database:insert_raw_candles:110 - Вставлено 500 записей в raw_candles
2026-10-08 15:41:28.974 | INFO     | src.database:upsert_meta:149 - Мета-информация обновлена для BRZL
2026-10-08 15:41:28.974 | INFO     | src.moex_loader:load_asset:195 - Загружено 500 свечей для BRZL (stock)
2026-10-08 15:41:28.974 | DEBUG    | src.moex_loader:_fetch_page:48 - Запрос: https://iss.moex.com/iss/engines/stock/markets/shares/boards/TQBR/securities/BSPB/candles.json?from=2023-10-09&till=2026-10-08&interval=24&iss.meta=off&start=0
2026-10-08 15:41:29.945 | INFO     | src.database:insert_raw_candles:110 - Вставлено 500 записей в raw_candles
2026-10-08 15:41:29.946 | INFO     | src.database:upsert_meta:149 - Мета-информация обновлена для BSPB
2026-10-08 15:41:29.946 | INFO     | src.moex_loader:load_asset:195 - Загружено 500 свечей для BSPB (stock)
2026-10-08 15:41:29.946 | DEBUG    | src.moex_loader:_fetch_page:48 - Запрос: https://iss.moex.com/iss/engines/stock/markets/shares/boards/TQBR/securities/BSPBP/candles.json?from=2023-10-09&till=2026-10-08&interval=24&iss.meta=off&start=0
2026-10-08 15:41:31.101 | INFO     | src.database:insert_raw_candles:110 - Вставлено 500 записей в raw_candles
2026-10-08 15:41:31.102 | INFO     | src.database:upsert_meta:149 - Мета-информация обновлена для BSPBP
2026-10-08 15:41:31.102 | INFO     | src.moex_loader:load_asset:195 - Загружено 500 свечей для BSPBP (stock)
2026-10-08 15:41:31.102 | DEBUG    | src.moex_loader:_fetch_page:48 - Запрос: https://iss.moex.com/iss/engines/stock/markets/shares/boards/TQBR/securities/BTBR/candles.json?from=2023-10-09&till=2026-10-08&interval=24&iss.meta=off&start=0
2026-10-08 15:41:32.101 | INFO     | src.database:insert_raw_candles:110 - Вставлено 156 записей в raw_candles
2026-10-08 15:41:32.102 | INFO     | src.database:upsert_meta:149 - Мета-информация обновлена для BTBR
2026-10-08 15:41:32.102 | INFO     | src.moex_loader:load_asset:195 - Загружено 156 свечей для BTBR (stock)
2026-10-08 15:41:32.103 | DEBUG    | src.moex_loader:_fetch_page:48 - Запрос: https://iss.moex.com/iss/engines/stock/markets/shares/boards/TQBR/securities/CARM/candles.json?from=2023-10-09&till=2026-10-08&interval=24&iss.meta=off&start=0
2026-10-08 15:41:33.259 | INFO     | src.database:insert_raw_candles:110 - Вставлено 500 записей в raw_candles
2026-10-08 15:41:33.260 | INFO     | src.database:upsert_meta:149 - Мета-информация обновлена для CARM
2026-10-08 15:41:33.260 | INFO     | src.moex_loader:load_asset:195 - Загружено 500 свечей для CARM (stock)
2026-10-08 15:41:33.261 | DEBUG    | src.moex_loader:_fetch_page:48 - Запрос: https://iss.moex.com/iss/engines/stock/markets/shares/boards/TQBR/securities/CBOM/candles.json?from=2023-10-09&till=2026-10-08&interval=24&iss.meta=off&start=0
2026-10-08 15:41:34.525 | INFO     | src.database:insert_raw_candles:110 - Вставлено 500 записей в raw_candles
2026-10-08 15:41:34.525 | INFO     | src.database:upsert_meta:149 - Мета-информация обновлена для CBOM
2026-10-08 15:41:34.526 | INFO     | src.moex_loader:load_asset:195 - Загружено 500 свечей для CBOM (stock)
2026-10-08 15:41:34.526 | DEBUG    | src.moex_loader:_fetch_page:48 - Запрос: https://iss.moex.com/iss/engines/stock/markets/shares/boards/TQBR/securities/CHGZ/candles.json?from=2023-10-09&till=2026-10-08&interval=24&iss.meta=off&start=0
2026-10-08 15:41:35.687 | INFO     | src.database:insert_raw_candles:110 - Вставлено 500 записей в raw_candles
2026-10-08 15:41:35.688 | INFO     | src.database:upsert_meta:149 - Мета-информация обновлена для CHGZ
2026-10-08 15:41:35.688 | INFO     | src.moex_loader:load_asset:195 - Загружено 500 свечей для CHGZ (stock)
2026-10-08 15:41:35.689 | DEBUG    | src.moex_loader:_fetch_page:48 - Запрос: https://iss.moex.com/iss/engines/stock/markets/shares/boards/TQBR/securities/CHKZ/candles.json?from=2023-10-09&till=2026-10-08&interval=24&iss.meta=off&start=0
2026-10-08 15:41:36.685 | INFO     | src.database:insert_raw_candles:110 - Вставлено 500 записей в raw_candles
2026-10-08 15:41:36.686 | INFO     | src.database:upsert_meta:149 - Мета-информация обновлена для CHKZ
2026-10-08 15:41:36.686 | INFO     | src.moex_loader:load_asset:195 - Загружено 500 свечей для CHKZ (stock)
2026-10-08 15:41:36.686 | DEBUG    | src.moex_loader:_fetch_page:48 - Запрос: https://iss.moex.com/iss/engines/stock/markets/shares/boards/TQBR/securities/CHMF/candles.json?from=2023-10-09&till=2026-10-08&interval=24&iss.meta=off&start=0
2026-10-08 15:41:37.669 | INFO     | src.database:insert_raw_candles:110 - Вставлено 500 записей в raw_candles
2026-10-08 15:41:37.669 | INFO     | src.database:upsert_meta:149 - Мета-информация обновлена для CHMF
2026-10-08 15:41:37.670 | INFO     | src.moex_loader:load_asset:195 - Загружено 500 свечей для CHMF (stock)
2026-10-08 15:41:37.670 | DEBUG    | src.moex_loader:_fetch_page:48 - Запрос: https://iss.moex.com/iss/engines/stock/markets/shares/boards/TQBR/securities/CHMK/candles.json?from=2023-10-09&till=2026-10-08&interval=24&iss.meta=off&start=0
2026-10-08 15:41:38.681 | INFO     | src.database:insert_raw_candles:110 - Вставлено 500 записей в raw_candles
2026-10-08 15:41:38.682 | INFO     | src.database:upsert_meta:149 - Мета-информация обновлена для CHMK
2026-10-08 15:41:38.682 | INFO     | src.moex_loader:load_asset:195 - Загружено 500 свечей для CHMK (stock)
2026-10-08 15:41:38.683 | DEBUG    | src.moex_loader:_fetch_page:48 - Запрос: https://iss.moex.com/iss/engines/stock/markets/shares/boards/TQBR/securities/CNRU/candles.json?from=2023-10-09&till=2026-10-08&interval=24&iss.meta=off&start=0
2026-10-08 15:41:39.705 | INFO     | src.database:insert_raw_candles:110 - Вставлено 493 записей в raw_candles
2026-10-08 15:41:39.705 | INFO     | src.database:upsert_meta:149 - Мета-информация обновлена для CNRU
2026-10-08 15:41:39.705 | INFO     | src.moex_loader:load_asset:195 - Загружено 493 свечей для CNRU (stock)
2026-10-08 15:41:39.706 | DEBUG    | src.moex_loader:_fetch_page:48 - Запрос: https://iss.moex.com/iss/engines/stock/markets/shares/boards/TQBR/securities/CNTL/candles.json?from=2023-10-09&till=2026-10-08&interval=24&iss.meta=off&start=0
2026-10-08 15:41:40.772 | INFO     | src.database:insert_raw_candles:110 - Вставлено 500 записей в raw_candles
2026-10-08 15:41:40.773 | INFO     | src.database:upsert_meta:149 - Мета-информация обновлена для CNTL
2026-10-08 15:41:40.773 | INFO     | src.moex_loader:load_asset:195 - Загружено 500 свечей для CNTL (stock)
2026-10-08 15:41:40.773 | DEBUG    | src.moex_loader:_fetch_page:48 - Запрос: https://iss.moex.com/iss/engines/stock/markets/shares/boards/TQBR/securities/CNTLP/candles.json?from=2023-10-09&till=2026-10-08&interval=24&iss.meta=off&start=0
2026-10-08 15:41:41.756 | INFO     | src.database:insert_raw_candles:110 - Вставлено 500 записей в raw_candles
2026-10-08 15:41:41.756 | INFO     | src.database:upsert_meta:149 - Мета-информация обновлена для CNTLP
2026-10-08 15:41:41.756 | INFO     | src.moex_loader:load_asset:195 - Загружено 500 свечей для CNTLP (stock)
2026-10-08 15:41:41.757 | DEBUG    | src.moex_loader:_fetch_page:48 - Запрос: https://iss.moex.com/iss/engines/stock/markets/shares/boards/TQBR/securities/DATA/candles.json?from=2023-10-09&till=2026-10-08&interval=24&iss.meta=off&start=0
2026-10-08 15:41:42.918 | INFO     | src.database:insert_raw_candles:110 - Вставлено 500 записей в raw_candles
2026-10-08 15:41:42.918 | INFO     | src.database:upsert_meta:149 - Мета-информация обновлена для DATA
2026-10-08 15:41:42.919 | INFO     | src.moex_loader:load_asset:195 - Загружено 500 свечей для DATA (stock)
2026-10-08 15:41:42.919 | DEBUG    | src.moex_loader:_fetch_page:48 - Запрос: https://iss.moex.com/iss/engines/stock/markets/shares/boards/TQBR/securities/DELI/candles.json?from=2023-10-09&till=2026-10-08&interval=24&iss.meta=off&start=0
2026-10-08 15:41:43.935 | INFO     | src.database:insert_raw_candles:110 - Вставлено 500 записей в raw_candles
2026-10-08 15:41:43.935 | INFO     | src.database:upsert_meta:149 - Мета-информация обновлена для DELI
2026-10-08 15:41:43.935 | INFO     | src.moex_loader:load_asset:195 - Загружено 500 свечей для DELI (stock)
2026-10-08 15:41:43.936 | DEBUG    | src.moex_loader:_fetch_page:48 - Запрос: https://iss.moex.com/iss/engines/stock/markets/shares/boards/TQBR/securities/DIAS/candles.json?from=2023-10-09&till=2026-10-08&interval=24&iss.meta=off&start=0
2026-10-08 15:41:44.931 | INFO     | src.database:insert_raw_candles:110 - Вставлено 500 записей в raw_candles
2026-10-08 15:41:44.932 | INFO     | src.database:upsert_meta:149 - Мета-информация обновлена для DIAS
2026-10-08 15:41:44.932 | INFO     | src.moex_loader:load_asset:195 - Загружено 500 свечей для DIAS (stock)
2026-10-08 15:41:44.933 | DEBUG    | src.moex_loader:_fetch_page:48 - Запрос: https://iss.moex.com/iss/engines/stock/markets/shares/boards/TQBR/securities/DIOD/candles.json?from=2023-10-09&till=2026-10-08&interval=24&iss.meta=off&start=0
2026-10-08 15:41:45.916 | INFO     | src.database:insert_raw_candles:110 - Вставлено 500 записей в raw_candles
2026-10-08 15:41:45.916 | INFO     | src.database:upsert_meta:149 - Мета-информация обновлена для DIOD
2026-10-08 15:41:45.916 | INFO     | src.moex_loader:load_asset:195 - Загружено 500 свечей для DIOD (stock)
2026-10-08 15:41:45.917 | DEBUG    | src.moex_loader:_fetch_page:48 - Запрос: https://iss.moex.com/iss/engines/stock/markets/shares/boards/TQBR/securities/DOMRF/candles.json?from=2023-10-09&till=2026-10-08&interval=24&iss.meta=off&start=0
2026-10-08 15:41:46.911 | INFO     | src.database:insert_raw_candles:110 - Вставлено 291 записей в raw_candles
2026-10-08 15:41:46.911 | INFO     | src.database:upsert_meta:149 - Мета-информация обновлена для DOMRF
2026-10-08 15:41:46.911 | INFO     | src.moex_loader:load_asset:195 - Загружено 291 свечей для DOMRF (stock)
2026-10-08 15:41:46.912 | DEBUG    | src.moex_loader:_fetch_page:48 - Запрос: https://iss.moex.com/iss/engines/stock/markets/shares/boards/TQBR/securities/DVEC/candles.json?from=2023-10-09&till=2026-10-08&interval=24&iss.meta=off&start=0
2026-10-08 15:41:48.128 | INFO     | src.database:insert_raw_candles:110 - Вставлено 500 записей в raw_candles
2026-10-08 15:41:48.129 | INFO     | src.database:upsert_meta:149 - Мета-информация обновлена для DVEC
2026-10-08 15:41:48.129 | INFO     | src.moex_loader:load_asset:195 - Загружено 500 свечей для DVEC (stock)
2026-10-08 15:41:48.129 | DEBUG    | src.moex_loader:_fetch_page:48 - Запрос: https://iss.moex.com/iss/engines/stock/markets/shares/boards/TQBR/securities/DZRD/candles.json?from=2023-10-09&till=2026-10-08&interval=24&iss.meta=off&start=0
2026-10-08 15:41:49.106 | INFO     | src.database:insert_raw_candles:110 - Вставлено 500 записей в raw_candles
2026-10-08 15:41:49.107 | INFO     | src.database:upsert_meta:149 - Мета-информация обновлена для DZRD
2026-10-08 15:41:49.107 | INFO     | src.moex_loader:load_asset:195 - Загружено 500 свечей для DZRD (stock)
2026-10-08 15:41:49.107 | DEBUG    | src.moex_loader:_fetch_page:48 - Запрос: https://iss.moex.com/iss/engines/stock/markets/shares/boards/TQBR/securities/DZRDP/candles.json?from=2023-10-09&till=2026-10-08&interval=24&iss.meta=off&start=0
2026-10-08 15:41:50.108 | INFO     | src.database:insert_raw_candles:110 - Вставлено 500 записей в raw_candles
2026-10-08 15:41:50.109 | INFO     | src.database:upsert_meta:149 - Мета-информация обновлена для DZRDP
2026-10-08 15:41:50.109 | INFO     | src.moex_loader:load_asset:195 - Загружено 500 свечей для DZRDP (stock)
2026-10-08 15:41:50.109 | DEBUG    | src.moex_loader:_fetch_page:48 - Запрос: https://iss.moex.com/iss/engines/stock/markets/shares/boards/TQBR/securities/EELT/candles.json?from=2023-10-09&till=2026-10-08&interval=24&iss.meta=off&start=0
2026-10-08 15:41:51.246 | INFO     | src.database:insert_raw_candles:110 - Вставлено 500 записей в raw_candles
2026-10-08 15:41:51.246 | INFO     | src.database:upsert_meta:149 - Мета-информация обновлена для EELT
2026-10-08 15:41:51.246 | INFO     | src.moex_loader:load_asset:195 - Загружено 500 свечей для EELT (stock)
2026-10-08 15:41:51.247 | DEBUG    | src.moex_loader:_fetch_page:48 - Запрос: https://iss.moex.com/iss/engines/stock/markets/shares/boards/TQBR/securities/ELFV/candles.json?from=2023-10-09&till=2026-10-08&interval=24&iss.meta=off&start=0
2026-10-08 15:41:52.251 | INFO     | src.database:insert_raw_candles:110 - Вставлено 500 записей в raw_candles
2026-10-08 15:41:52.252 | INFO     | src.database:upsert_meta:149 - Мета-информация обновлена для ELFV
2026-10-08 15:41:52.252 | INFO     | src.moex_loader:load_asset:195 - Загружено 500 свечей для ELFV (stock)
2026-10-08 15:41:52.252 | DEBUG    | src.moex_loader:_fetch_page:48 - Запрос: https://iss.moex.com/iss/engines/stock/markets/shares/boards/TQBR/securities/ELMT/candles.json?from=2023-10-09&till=2026-10-08&interval=24&iss.meta=off&start=0
2026-10-08 15:41:53.264 | INFO     | src.database:insert_raw_candles:110 - Вставлено 500 записей в raw_candles
2026-10-08 15:41:53.265 | INFO     | src.database:upsert_meta:149 - Мета-информация обновлена для ELMT
2026-10-08 15:41:53.265 | INFO     | src.moex_loader:load_asset:195 - Загружено 500 свечей для ELMT (stock)
2026-10-08 15:41:53.266 | DEBUG    | src.moex_loader:_fetch_page:48 - Запрос: https://iss.moex.com/iss/engines/stock/markets/shares/boards/TQBR/securities/ENPG/candles.json?from=2023-10-09&till=2026-10-08&interval=24&iss.meta=off&start=0
2026-10-08 15:41:54.279 | INFO     | src.database:insert_raw_candles:110 - Вставлено 500 записей в raw_candles
2026-10-08 15:41:54.280 | INFO     | src.database:upsert_meta:149 - Мета-информация обновлена для ENPG
2026-10-08 15:41:54.280 | INFO     | src.moex_loader:load_asset:195 - Загружено 500 свечей для ENPG (stock)
2026-10-08 15:41:54.280 | DEBUG    | src.moex_loader:_fetch_page:48 - Запрос: https://iss.moex.com/iss/engines/stock/markets/shares/boards/TQBR/securities/ETLN/candles.json?from=2023-10-09&till=2026-10-08&interval=24&iss.meta=off&start=0
2026-10-08 15:41:55.353 | INFO     | src.database:insert_raw_candles:110 - Вставлено 500 записей в raw_candles
2026-10-08 15:41:55.354 | INFO     | src.database:upsert_meta:149 - Мета-информация обновлена для ETLN
2026-10-08 15:41:55.354 | INFO     | src.moex_loader:load_asset:195 - Загружено 500 свечей для ETLN (stock)
2026-10-08 15:41:55.355 | DEBUG    | src.moex_loader:_fetch_page:48 - Запрос: https://iss.moex.com/iss/engines/stock/markets/shares/boards/TQBR/securities/EUTR/candles.json?from=2023-10-09&till=2026-10-08&interval=24&iss.meta=off&start=0
2026-10-08 15:41:56.342 | INFO     | src.database:insert_raw_candles:110 - Вставлено 500 записей в raw_candles
2026-10-08 15:41:56.343 | INFO     | src.database:upsert_meta:149 - Мета-информация обновлена для EUTR
2026-10-08 15:41:56.343 | INFO     | src.moex_loader:load_asset:195 - Загружено 500 свечей для EUTR (stock)
2026-10-08 15:41:56.343 | DEBUG    | src.moex_loader:_fetch_page:48 - Запрос: https://iss.moex.com/iss/engines/stock/markets/shares/boards/TQBR/securities/EVRZ/candles.json?from=2023-10-09&till=2026-10-08&interval=24&iss.meta=off&start=0
2026-10-08 15:41:57.113 | INFO     | src.database:insert_raw_candles:110 - Вставлено 102 записей в raw_candles
2026-10-08 15:41:57.114 | INFO     | src.database:upsert_meta:149 - Мета-информация обновлена для EVRZ
2026-10-08 15:41:57.114 | INFO     | src.moex_loader:load_asset:195 - Загружено 102 свечей для EVRZ (stock)
2026-10-08 15:41:57.115 | DEBUG    | src.moex_loader:_fetch_page:48 - Запрос: https://iss.moex.com/iss/engines/stock/markets/shares/boards/TQBR/securities/FEES/candles.json?from=2023-10-09&till=2026-10-08&interval=24&iss.meta=off&start=0
2026-10-08 15:41:59.089 | INFO     | src.database:insert_raw_candles:110 - Вставлено 500 записей в raw_candles
2026-10-08 15:41:59.090 | INFO     | src.database:upsert_meta:149 - Мета-информация обновлена для FEES
2026-10-08 15:41:59.090 | INFO     | src.moex_loader:load_asset:195 - Загружено 500 свечей для FEES (stock)
2026-10-08 15:41:59.091 | DEBUG    | src.moex_loader:_fetch_page:48 - Запрос: https://iss.moex.com/iss/engines/stock/markets/shares/boards/TQBR/securities/FESH/candles.json?from=2023-10-09&till=2026-10-08&interval=24&iss.meta=off&start=0
2026-10-08 15:42:00.065 | INFO     | src.database:insert_raw_candles:110 - Вставлено 500 записей в raw_candles
2026-10-08 15:42:00.066 | INFO     | src.database:upsert_meta:149 - Мета-информация обновлена для FESH
2026-10-08 15:42:00.066 | INFO     | src.moex_loader:load_asset:195 - Загружено 500 свечей для FESH (stock)
2026-10-08 15:42:00.066 | DEBUG    | src.moex_loader:_fetch_page:48 - Запрос: https://iss.moex.com/iss/engines/stock/markets/shares/boards/TQBR/securities/FIXR/candles.json?from=2023-10-09&till=2026-10-08&interval=24&iss.meta=off&start=0
2026-10-08 15:42:02.095 | INFO     | src.database:insert_raw_candles:110 - Вставлено 379 записей в raw_candles
2026-10-08 15:42:02.096 | INFO     | src.database:upsert_meta:149 - Мета-информация обновлена для FIXR
2026-10-08 15:42:02.096 | INFO     | src.moex_loader:load_asset:195 - Загружено 379 свечей для FIXR (stock)
2026-10-08 15:42:02.096 | DEBUG    | src.moex_loader:_fetch_page:48 - Запрос: https://iss.moex.com/iss/engines/stock/markets/shares/boards/TQBR/securities/FLOT/candles.json?from=2023-10-09&till=2026-10-08&interval=24&iss.meta=off&start=0
2026-10-08 15:42:03.154 | INFO     | src.database:insert_raw_candles:110 - Вставлено 500 записей в raw_candles
2026-10-08 15:42:03.154 | INFO     | src.database:upsert_meta:149 - Мета-информация обновлена для FLOT
2026-10-08 15:42:03.154 | INFO     | src.moex_loader:load_asset:195 - Загружено 500 свечей для FLOT (stock)
2026-10-08 15:42:03.155 | DEBUG    | src.moex_loader:_fetch_page:48 - Запрос: https://iss.moex.com/iss/engines/stock/markets/shares/boards/TQBR/securities/GAZA/candles.json?from=2023-10-09&till=2026-10-08&interval=24&iss.meta=off&start=0
2026-10-08 15:42:04.513 | INFO     | src.database:insert_raw_candles:110 - Вставлено 500 записей в raw_candles
2026-10-08 15:42:04.514 | INFO     | src.database:upsert_meta:149 - Мета-информация обновлена для GAZA
2026-10-08 15:42:04.514 | INFO     | src.moex_loader:load_asset:195 - Загружено 500 свечей для GAZA (stock)
2026-10-08 15:42:04.514 | DEBUG    | src.moex_loader:_fetch_page:48 - Запрос: https://iss.moex.com/iss/engines/stock/markets/shares/boards/TQBR/securities/GAZAP/candles.json?from=2023-10-09&till=2026-10-08&interval=24&iss.meta=off&start=0
2026-10-08 15:42:05.608 | INFO     | src.database:insert_raw_candles:110 - Вставлено 500 записей в raw_candles
2026-10-08 15:42:05.608 | INFO     | src.database:upsert_meta:149 - Мета-информация обновлена для GAZAP
2026-10-08 15:42:05.608 | INFO     | src.moex_loader:load_asset:195 - Загружено 500 свечей для GAZAP (stock)
2026-10-08 15:42:05.609 | DEBUG    | src.moex_loader:_fetch_page:48 - Запрос: https://iss.moex.com/iss/engines/stock/markets/shares/boards/TQBR/securities/GAZC/candles.json?from=2023-10-09&till=2026-10-08&interval=24&iss.meta=off&start=0
2026-10-08 15:42:07.000 | INFO     | src.database:insert_raw_candles:110 - Вставлено 1 записей в raw_candles
2026-10-08 15:42:07.000 | INFO     | src.database:upsert_meta:149 - Мета-информация обновлена для GAZC
2026-10-08 15:42:07.000 | INFO     | src.moex_loader:load_asset:195 - Загружено 1 свечей для GAZC (stock)
2026-10-08 15:42:07.001 | DEBUG    | src.moex_loader:_fetch_page:48 - Запрос: https://iss.moex.com/iss/engines/stock/markets/shares/boards/TQBR/securities/GAZP/candles.json?from=2026-05-09&till=2026-10-08&interval=24&iss.meta=off&start=0
2026-10-08 15:42:07.826 | INFO     | src.database:insert_raw_candles:110 - Вставлено 143 записей в raw_candles
2026-10-08 15:42:07.827 | INFO     | src.database:upsert_meta:149 - Мета-информация обновлена для GAZP
2026-10-08 15:42:07.827 | INFO     | src.moex_loader:load_asset:195 - Загружено 143 свечей для GAZP (stock)
2026-10-08 15:42:07.828 | DEBUG    | src.moex_loader:_fetch_page:48 - Запрос: https://iss.moex.com/iss/engines/stock/markets/shares/boards/TQBR/securities/GAZS/candles.json?from=2023-10-09&till=2026-10-08&interval=24&iss.meta=off&start=0
2026-10-08 15:42:08.646 | INFO     | src.database:insert_raw_candles:110 - Вставлено 1 записей в raw_candles
2026-10-08 15:42:08.647 | INFO     | src.database:upsert_meta:149 - Мета-информация обновлена для GAZS
2026-10-08 15:42:08.647 | INFO     | src.moex_loader:load_asset:195 - Загружено 1 свечей для GAZS (stock)
2026-10-08 15:42:08.648 | DEBUG    | src.moex_loader:_fetch_page:48 - Запрос: https://iss.moex.com/iss/engines/stock/markets/shares/boards/TQBR/securities/GAZT/candles.json?from=2023-10-09&till=2026-10-08&interval=24&iss.meta=off&start=0
2026-10-08 15:42:09.507 | INFO     | src.database:insert_raw_candles:110 - Вставлено 1 записей в raw_candles
2026-10-08 15:42:09.507 | INFO     | src.database:upsert_meta:149 - Мета-информация обновлена для GAZT
2026-10-08 15:42:09.507 | INFO     | src.moex_loader:load_asset:195 - Загружено 1 свечей для GAZT (stock)
2026-10-08 15:42:09.508 | DEBUG    | src.moex_loader:_fetch_page:48 - Запрос: https://iss.moex.com/iss/engines/stock/markets/shares/boards/TQBR/securities/GCHE/candles.json?from=2023-10-09&till=2026-10-08&interval=24&iss.meta=off&start=0
2026-10-08 15:42:10.547 | INFO     | src.database:insert_raw_candles:110 - Вставлено 500 записей в raw_candles
2026-10-08 15:42:10.548 | INFO     | src.database:upsert_meta:149 - Мета-информация обновлена для GCHE
2026-10-08 15:42:10.548 | INFO     | src.moex_loader:load_asset:195 - Загружено 500 свечей для GCHE (stock)
2026-10-08 15:42:10.548 | DEBUG    | src.moex_loader:_fetch_page:48 - Запрос: https://iss.moex.com/iss/engines/stock/markets/shares/boards/TQBR/securities/GECO/candles.json?from=2023-10-09&till=2026-10-08&interval=24&iss.meta=off&start=0
2026-10-08 15:42:11.592 | INFO     | src.database:insert_raw_candles:110 - Вставлено 500 записей в raw_candles
2026-10-08 15:42:11.593 | INFO     | src.database:upsert_meta:149 - Мета-информация обновлена для GECO
2026-10-08 15:42:11.593 | INFO     | src.moex_loader:load_asset:195 - Загружено 500 свечей для GECO (stock)
2026-10-08 15:42:11.593 | DEBUG    | src.moex_loader:_fetch_page:48 - Запрос: https://iss.moex.com/iss/engines/stock/markets/shares/boards/TQBR/securities/GEMA/candles.json?from=2023-10-09&till=2026-10-08&interval=24&iss.meta=off&start=0
2026-10-08 15:42:12.751 | INFO     | src.database:insert_raw_candles:110 - Вставлено 500 записей в raw_candles
2026-10-08 15:42:12.752 | INFO     | src.database:upsert_meta:149 - Мета-информация обновлена для GEMA
2026-10-08 15:42:12.752 | INFO     | src.moex_loader:load_asset:195 - Загружено 500 свечей для GEMA (stock)
2026-10-08 15:42:12.752 | DEBUG    | src.moex_loader:_fetch_page:48 - Запрос: https://iss.moex.com/iss/engines/stock/markets/shares/boards/TQBR/securities/GEMC/candles.json?from=2023-10-09&till=2026-10-08&interval=24&iss.meta=off&start=0
2026-10-08 15:42:13.763 | INFO     | src.database:insert_raw_candles:110 - Вставлено 500 записей в raw_candles
2026-10-08 15:42:13.764 | INFO     | src.database:upsert_meta:149 - Мета-информация обновлена для GEMC
2026-10-08 15:42:13.764 | INFO     | src.moex_loader:load_asset:195 - Загружено 500 свечей для GEMC (stock)
2026-10-08 15:42:13.765 | DEBUG    | src.moex_loader:_fetch_page:48 - Запрос: https://iss.moex.com/iss/engines/stock/markets/shares/boards/TQBR/securities/GLRX/candles.json?from=2023-10-09&till=2026-10-08&interval=24&iss.meta=off&start=0
2026-10-08 15:42:15.255 | INFO     | src.database:insert_raw_candles:110 - Вставлено 307 записей в raw_candles
2026-10-08 15:42:15.256 | INFO     | src.database:upsert_meta:149 - Мета-информация обновлена для GLRX
2026-10-08 15:42:15.256 | INFO     | src.moex_loader:load_asset:195 - Загружено 307 свечей для GLRX (stock)
2026-10-08 15:42:15.257 | DEBUG    | src.moex_loader:_fetch_page:48 - Запрос: https://iss.moex.com/iss/engines/stock/markets/shares/boards/TQBR/securities/GMKN/candles.json?from=2023-10-09&till=2026-10-08&interval=24&iss.meta=off&start=0
2026-10-08 15:42:16.268 | INFO     | src.database:insert_raw_candles:110 - Вставлено 500 записей в raw_candles
2026-10-08 15:42:16.269 | INFO     | src.database:upsert_meta:149 - Мета-информация обновлена для GMKN
2026-10-08 15:42:16.269 | INFO     | src.moex_loader:load_asset:195 - Загружено 500 свечей для GMKN (stock)
2026-10-08 15:42:16.269 | DEBUG    | src.moex_loader:_fetch_page:48 - Запрос: https://iss.moex.com/iss/engines/stock/markets/shares/boards/TQBR/securities/GTRK/candles.json?from=2023-10-09&till=2026-10-08&interval=24&iss.meta=off&start=0
2026-10-08 15:42:17.257 | INFO     | src.database:insert_raw_candles:110 - Вставлено 500 записей в raw_candles
2026-10-08 15:42:17.258 | INFO     | src.database:upsert_meta:149 - Мета-информация обновлена для GTRK
2026-10-08 15:42:17.258 | INFO     | src.moex_loader:load_asset:195 - Загружено 500 свечей для GTRK (stock)
2026-10-08 15:42:17.259 | DEBUG    | src.moex_loader:_fetch_page:48 - Запрос: https://iss.moex.com/iss/engines/stock/markets/shares/boards/TQBR/securities/HEAD/candles.json?from=2023-10-09&till=2026-10-08&interval=24&iss.meta=off&start=0
2026-10-08 15:42:18.275 | INFO     | src.database:insert_raw_candles:110 - Вставлено 500 записей в raw_candles
2026-10-08 15:42:18.276 | INFO     | src.database:upsert_meta:149 - Мета-информация обновлена для HEAD
2026-10-08 15:42:18.276 | INFO     | src.moex_loader:load_asset:195 - Загружено 500 свечей для HEAD (stock)
2026-10-08 15:42:18.276 | DEBUG    | src.moex_loader:_fetch_page:48 - Запрос: https://iss.moex.com/iss/engines/stock/markets/shares/boards/TQBR/securities/HIMCP/candles.json?from=2023-10-09&till=2026-10-08&interval=24&iss.meta=off&start=0
2026-10-08 15:42:19.270 | INFO     | src.database:insert_raw_candles:110 - Вставлено 500 записей в raw_candles
2026-10-08 15:42:19.271 | INFO     | src.database:upsert_meta:149 - Мета-информация обновлена для HIMCP
2026-10-08 15:42:19.271 | INFO     | src.moex_loader:load_asset:195 - Загружено 500 свечей для HIMCP (stock)
2026-10-08 15:42:19.271 | DEBUG    | src.moex_loader:_fetch_page:48 - Запрос: https://iss.moex.com/iss/engines/stock/markets/shares/boards/TQBR/securities/HNFG/candles.json?from=2023-10-09&till=2026-10-08&interval=24&iss.meta=off&start=0
2026-10-08 15:42:20.287 | INFO     | src.database:insert_raw_candles:110 - Вставлено 500 записей в raw_candles
2026-10-08 15:42:20.287 | INFO     | src.database:upsert_meta:149 - Мета-информация обновлена для HNFG
2026-10-08 15:42:20.288 | INFO     | src.moex_loader:load_asset:195 - Загружено 500 свечей для HNFG (stock)
2026-10-08 15:42:20.288 | DEBUG    | src.moex_loader:_fetch_page:48 - Запрос: https://iss.moex.com/iss/engines/stock/markets/shares/boards/TQBR/securities/HYDR/candles.json?from=2023-10-09&till=2026-10-08&interval=24&iss.meta=off&start=0
2026-10-08 15:42:21.280 | INFO     | src.database:insert_raw_candles:110 - Вставлено 500 записей в raw_candles
2026-10-08 15:42:21.281 | INFO     | src.database:upsert_meta:149 - Мета-информация обновлена для HYDR
2026-10-08 15:42:21.281 | INFO     | src.moex_loader:load_asset:195 - Загружено 500 свечей для HYDR (stock)
2026-10-08 15:42:21.282 | DEBUG    | src.moex_loader:_fetch_page:48 - Запрос: https://iss.moex.com/iss/engines/stock/markets/shares/boards/TQBR/securities/IGST/candles.json?from=2023-10-09&till=2026-10-08&interval=24&iss.meta=off&start=0
2026-10-08 15:42:22.630 | INFO     | src.database:insert_raw_candles:110 - Вставлено 500 записей в raw_candles
2026-10-08 15:42:22.631 | INFO     | src.database:upsert_meta:149 - Мета-информация обновлена для IGST
2026-10-08 15:42:22.631 | INFO     | src.moex_loader:load_asset:195 - Загружено 500 свечей для IGST (stock)
2026-10-08 15:42:22.632 | DEBUG    | src.moex_loader:_fetch_page:48 - Запрос: https://iss.moex.com/iss/engines/stock/markets/shares/boards/TQBR/securities/IGSTP/candles.json?from=2023-10-09&till=2026-10-08&interval=24&iss.meta=off&start=0
2026-10-08 15:42:23.605 | INFO     | src.database:insert_raw_candles:110 - Вставлено 500 записей в raw_candles
2026-10-08 15:42:23.606 | INFO     | src.database:upsert_meta:149 - Мета-информация обновлена для IGSTP
2026-10-08 15:42:23.606 | INFO     | src.moex_loader:load_asset:195 - Загружено 500 свечей для IGSTP (stock)
2026-10-08 15:42:23.607 | DEBUG    | src.moex_loader:_fetch_page:48 - Запрос: https://iss.moex.com/iss/engines/stock/markets/shares/boards/TQBR/securities/INCB/candles.json?from=2023-10-09&till=2026-10-08&interval=24&iss.meta=off&start=0
2026-10-08 15:42:24.637 | INFO     | src.database:insert_raw_candles:110 - Вставлено 93 записей в raw_candles
2026-10-08 15:42:24.637 | INFO     | src.database:upsert_meta:149 - Мета-информация обновлена для INCB
2026-10-08 15:42:24.637 | INFO     | src.moex_loader:load_asset:195 - Загружено 93 свечей для INCB (stock)
2026-10-08 15:42:24.638 | DEBUG    | src.moex_loader:_fetch_page:48 - Запрос: https://iss.moex.com/iss/engines/stock/markets/shares/boards/TQBR/securities/IRAO/candles.json?from=2023-10-09&till=2026-10-08&interval=24&iss.meta=off&start=0
2026-10-08 15:42:26.097 | INFO     | src.database:insert_raw_candles:110 - Вставлено 500 записей в raw_candles
2026-10-08 15:42:26.098 | INFO     | src.database:upsert_meta:149 - Мета-информация обновлена для IRAO
2026-10-08 15:42:26.098 | INFO     | src.moex_loader:load_asset:195 - Загружено 500 свечей для IRAO (stock)
2026-10-08 15:42:26.099 | DEBUG    | src.moex_loader:_fetch_page:48 - Запрос: https://iss.moex.com/iss/engines/stock/markets/shares/boards/TQBR/securities/IRKT/candles.json?from=2023-10-09&till=2026-10-08&interval=24&iss.meta=off&start=0
2026-10-08 15:42:27.110 | INFO     | src.database:insert_raw_candles:110 - Вставлено 500 записей в raw_candles
2026-10-08 15:42:27.110 | INFO     | src.database:upsert_meta:149 - Мета-информация обновлена для IRKT
2026-10-08 15:42:27.111 | INFO     | src.moex_loader:load_asset:195 - Загружено 500 свечей для IRKT (stock)
2026-10-08 15:42:27.111 | DEBUG    | src.moex_loader:_fetch_page:48 - Запрос: https://iss.moex.com/iss/engines/stock/markets/shares/boards/TQBR/securities/IVAT/candles.json?from=2023-10-09&till=2026-10-08&interval=24&iss.meta=off&start=0
2026-10-08 15:42:28.195 | INFO     | src.database:insert_raw_candles:110 - Вставлено 500 записей в raw_candles
2026-10-08 15:42:28.196 | INFO     | src.database:upsert_meta:149 - Мета-информация обновлена для IVAT
2026-10-08 15:42:28.196 | INFO     | src.moex_loader:load_asset:195 - Загружено 500 свечей для IVAT (stock)
2026-10-08 15:42:28.196 | DEBUG    | src.moex_loader:_fetch_page:48 - Запрос: https://iss.moex.com/iss/engines/stock/markets/shares/boards/TQBR/securities/JNOS/candles.json?from=2023-10-09&till=2026-10-08&interval=24&iss.meta=off&start=0
2026-10-08 15:42:29.171 | INFO     | src.database:insert_raw_candles:110 - Вставлено 500 записей в raw_candles
2026-10-08 15:42:29.172 | INFO     | src.database:upsert_meta:149 - Мета-информация обновлена для JNOS
2026-10-08 15:42:29.172 | INFO     | src.moex_loader:load_asset:195 - Загружено 500 свечей для JNOS (stock)
2026-10-08 15:42:29.173 | DEBUG    | src.moex_loader:_fetch_page:48 - Запрос: https://iss.moex.com/iss/engines/stock/markets/shares/boards/TQBR/securities/JNOSP/candles.json?from=2023-10-09&till=2026-10-08&interval=24&iss.meta=off&start=0
2026-10-08 15:42:30.156 | INFO     | src.database:insert_raw_candles:110 - Вставлено 500 записей в raw_candles
2026-10-08 15:42:30.157 | INFO     | src.database:upsert_meta:149 - Мета-информация обновлена для JNOSP
2026-10-08 15:42:30.157 | INFO     | src.moex_loader:load_asset:195 - Загружено 500 свечей для JNOSP (stock)
2026-10-08 15:42:30.157 | DEBUG    | src.moex_loader:_fetch_page:48 - Запрос: https://iss.moex.com/iss/engines/stock/markets/shares/boards/TQBR/securities/KAZT/candles.json?from=2023-10-09&till=2026-10-08&interval=24&iss.meta=off&start=0
2026-10-08 15:42:31.183 | INFO     | src.database:insert_raw_candles:110 - Вставлено 500 записей в raw_candles
2026-10-08 15:42:31.184 | INFO     | src.database:upsert_meta:149 - Мета-информация обновлена для KAZT
2026-10-08 15:42:31.184 | INFO     | src.moex_loader:load_asset:195 - Загружено 500 свечей для KAZT (stock)
2026-10-08 15:42:31.184 | DEBUG    | src.moex_loader:_fetch_page:48 - Запрос: https://iss.moex.com/iss/engines/stock/markets/shares/boards/TQBR/securities/KAZTP/candles.json?from=2023-10-09&till=2026-10-08&interval=24&iss.meta=off&start=0
2026-10-08 15:42:32.264 | INFO     | src.database:insert_raw_candles:110 - Вставлено 500 записей в raw_candles
2026-10-08 15:42:32.264 | INFO     | src.database:upsert_meta:149 - Мета-информация обновлена для KAZTP
2026-10-08 15:42:32.264 | INFO     | src.moex_loader:load_asset:195 - Загружено 500 свечей для KAZTP (stock)
2026-10-08 15:42:32.265 | DEBUG    | src.moex_loader:_fetch_page:48 - Запрос: https://iss.moex.com/iss/engines/stock/markets/shares/boards/TQBR/securities/KBSB/candles.json?from=2023-10-09&till=2026-10-08&interval=24&iss.meta=off&start=0
2026-10-08 15:42:33.231 | INFO     | src.database:insert_raw_candles:110 - Вставлено 500 записей в raw_candles
2026-10-08 15:42:33.232 | INFO     | src.database:upsert_meta:149 - Мета-информация обновлена для KBSB
2026-10-08 15:42:33.232 | INFO     | src.moex_loader:load_asset:195 - Загружено 500 свечей для KBSB (stock)
2026-10-08 15:42:33.233 | DEBUG    | src.moex_loader:_fetch_page:48 - Запрос: https://iss.moex.com/iss/engines/stock/markets/shares/boards/TQBR/securities/KCHE/candles.json?from=2023-10-09&till=2026-10-08&interval=24&iss.meta=off&start=0
2026-10-08 15:42:34.216 | INFO     | src.database:insert_raw_candles:110 - Вставлено 500 записей в raw_candles
2026-10-08 15:42:34.217 | INFO     | src.database:upsert_meta:149 - Мета-информация обновлена для KCHE
2026-10-08 15:42:34.217 | INFO     | src.moex_loader:load_asset:195 - Загружено 500 свечей для KCHE (stock)
2026-10-08 15:42:34.218 | DEBUG    | src.moex_loader:_fetch_page:48 - Запрос: https://iss.moex.com/iss/engines/stock/markets/shares/boards/TQBR/securities/KCHEP/candles.json?from=2023-10-09&till=2026-10-08&interval=24&iss.meta=off&start=0
2026-10-08 15:42:35.761 | INFO     | src.database:insert_raw_candles:110 - Вставлено 500 записей в raw_candles
2026-10-08 15:42:35.762 | INFO     | src.database:upsert_meta:149 - Мета-информация обновлена для KCHEP
2026-10-08 15:42:35.762 | INFO     | src.moex_loader:load_asset:195 - Загружено 500 свечей для KCHEP (stock)
2026-10-08 15:42:35.763 | DEBUG    | src.moex_loader:_fetch_page:48 - Запрос: https://iss.moex.com/iss/engines/stock/markets/shares/boards/TQBR/securities/KFBA/candles.json?from=2023-10-09&till=2026-10-08&interval=24&iss.meta=off&start=0
2026-10-08 15:42:36.801 | INFO     | src.database:insert_raw_candles:110 - Вставлено 398 записей в raw_candles
2026-10-08 15:42:36.802 | INFO     | src.database:upsert_meta:149 - Мета-информация обновлена для KFBA
2026-10-08 15:42:36.802 | INFO     | src.moex_loader:load_asset:195 - Загружено 398 свечей для KFBA (stock)
2026-10-08 15:42:36.802 | DEBUG    | src.moex_loader:_fetch_page:48 - Запрос: https://iss.moex.com/iss/engines/stock/markets/shares/boards/TQBR/securities/KGKC/candles.json?from=2023-10-09&till=2026-10-08&interval=24&iss.meta=off&start=0
2026-10-08 15:42:37.778 | INFO     | src.database:insert_raw_candles:110 - Вставлено 500 записей в raw_candles
2026-10-08 15:42:37.779 | INFO     | src.database:upsert_meta:149 - Мета-информация обновлена для KGKC
2026-10-08 15:42:37.779 | INFO     | src.moex_loader:load_asset:195 - Загружено 500 свечей для KGKC (stock)
2026-10-08 15:42:37.779 | DEBUG    | src.moex_loader:_fetch_page:48 - Запрос: https://iss.moex.com/iss/engines/stock/markets/shares/boards/TQBR/securities/KGKCP/candles.json?from=2023-10-09&till=2026-10-08&interval=24&iss.meta=off&start=0
2026-10-08 15:42:38.832 | INFO     | src.database:insert_raw_candles:110 - Вставлено 500 записей в raw_candles
2026-10-08 15:42:38.833 | INFO     | src.database:upsert_meta:149 - Мета-информация обновлена для KGKCP
2026-10-08 15:42:38.833 | INFO     | src.moex_loader:load_asset:195 - Загружено 500 свечей для KGKCP (stock)
2026-10-08 15:42:38.834 | DEBUG    | src.moex_loader:_fetch_page:48 - Запрос: https://iss.moex.com/iss/engines/stock/markets/shares/boards/TQBR/securities/KLSB/candles.json?from=2023-10-09&till=2026-10-08&interval=24&iss.meta=off&start=0
2026-10-08 15:42:39.859 | INFO     | src.database:insert_raw_candles:110 - Вставлено 500 записей в raw_candles
2026-10-08 15:42:39.860 | INFO     | src.database:upsert_meta:149 - Мета-информация обновлена для KLSB
2026-10-08 15:42:39.860 | INFO     | src.moex_loader:load_asset:195 - Загружено 500 свечей для KLSB (stock)
2026-10-08 15:42:39.860 | DEBUG    | src.moex_loader:_fetch_page:48 - Запрос: https://iss.moex.com/iss/engines/stock/markets/shares/boards/TQBR/securities/KLVZ/candles.json?from=2023-10-09&till=2026-10-08&interval=24&iss.meta=off&start=0
2026-10-08 15:42:40.843 | INFO     | src.database:insert_raw_candles:110 - Вставлено 500 записей в raw_candles
2026-10-08 15:42:40.844 | INFO     | src.database:upsert_meta:149 - Мета-информация обновлена для KLVZ
2026-10-08 15:42:40.844 | INFO     | src.moex_loader:load_asset:195 - Загружено 500 свечей для KLVZ (stock)
2026-10-08 15:42:40.844 | DEBUG    | src.moex_loader:_fetch_page:48 - Запрос: https://iss.moex.com/iss/engines/stock/markets/shares/boards/TQBR/securities/KMAZ/candles.json?from=2023-10-09&till=2026-10-08&interval=24&iss.meta=off&start=0
2026-10-08 15:42:41.835 | INFO     | src.database:insert_raw_candles:110 - Вставлено 500 записей в raw_candles
2026-10-08 15:42:41.836 | INFO     | src.database:upsert_meta:149 - Мета-информация обновлена для KMAZ
2026-10-08 15:42:41.836 | INFO     | src.moex_loader:load_asset:195 - Загружено 500 свечей для KMAZ (stock)
2026-10-08 15:42:41.837 | DEBUG    | src.moex_loader:_fetch_page:48 - Запрос: https://iss.moex.com/iss/engines/stock/markets/shares/boards/TQBR/securities/KMEZ/candles.json?from=2023-10-09&till=2026-10-08&interval=24&iss.meta=off&start=0
2026-10-08 15:42:42.845 | INFO     | src.database:insert_raw_candles:110 - Вставлено 500 записей в raw_candles
2026-10-08 15:42:42.846 | INFO     | src.database:upsert_meta:149 - Мета-информация обновлена для KMEZ
2026-10-08 15:42:42.846 | INFO     | src.moex_loader:load_asset:195 - Загружено 500 свечей для KMEZ (stock)
2026-10-08 15:42:42.846 | DEBUG    | src.moex_loader:_fetch_page:48 - Запрос: https://iss.moex.com/iss/engines/stock/markets/shares/boards/TQBR/securities/KOGK/candles.json?from=2023-10-09&till=2026-10-08&interval=24&iss.meta=off&start=0
2026-10-08 15:42:43.850 | INFO     | src.database:insert_raw_candles:110 - Вставлено 500 записей в raw_candles
2026-10-08 15:42:43.851 | INFO     | src.database:upsert_meta:149 - Мета-информация обновлена для KOGK
2026-10-08 15:42:43.851 | INFO     | src.moex_loader:load_asset:195 - Загружено 500 свечей для KOGK (stock)
2026-10-08 15:42:43.852 | DEBUG    | src.moex_loader:_fetch_page:48 - Запрос: https://iss.moex.com/iss/engines/stock/markets/shares/boards/TQBR/securities/KRKN/candles.json?from=2023-10-09&till=2026-10-08&interval=24&iss.meta=off&start=0
2026-10-08 15:42:44.846 | INFO     | src.database:insert_raw_candles:110 - Вставлено 500 записей в raw_candles
2026-10-08 15:42:44.846 | INFO     | src.database:upsert_meta:149 - Мета-информация обновлена для KRKN
2026-10-08 15:42:44.846 | INFO     | src.moex_loader:load_asset:195 - Загружено 500 свечей для KRKN (stock)
2026-10-08 15:42:44.847 | DEBUG    | src.moex_loader:_fetch_page:48 - Запрос: https://iss.moex.com/iss/engines/stock/markets/shares/boards/TQBR/securities/KRKNP/candles.json?from=2023-10-09&till=2026-10-08&interval=24&iss.meta=off&start=0
2026-10-08 15:42:45.856 | INFO     | src.database:insert_raw_candles:110 - Вставлено 500 записей в raw_candles
2026-10-08 15:42:45.856 | INFO     | src.database:upsert_meta:149 - Мета-информация обновлена для KRKNP
2026-10-08 15:42:45.856 | INFO     | src.moex_loader:load_asset:195 - Загружено 500 свечей для KRKNP (stock)
2026-10-08 15:42:45.857 | DEBUG    | src.moex_loader:_fetch_page:48 - Запрос: https://iss.moex.com/iss/engines/stock/markets/shares/boards/TQBR/securities/KRKOP/candles.json?from=2023-10-09&till=2026-10-08&interval=24&iss.meta=off&start=0
2026-10-08 15:42:46.827 | INFO     | src.database:insert_raw_candles:110 - Вставлено 500 записей в raw_candles
2026-10-08 15:42:46.828 | INFO     | src.database:upsert_meta:149 - Мета-информация обновлена для KRKOP
2026-10-08 15:42:46.828 | INFO     | src.moex_loader:load_asset:195 - Загружено 500 свечей для KRKOP (stock)
2026-10-08 15:42:46.829 | DEBUG    | src.moex_loader:_fetch_page:48 - Запрос: https://iss.moex.com/iss/engines/stock/markets/shares/boards/TQBR/securities/KROT/candles.json?from=2023-10-09&till=2026-10-08&interval=24&iss.meta=off&start=0
2026-10-08 15:42:47.843 | INFO     | src.database:insert_raw_candles:110 - Вставлено 500 записей в raw_candles
2026-10-08 15:42:47.843 | INFO     | src.database:upsert_meta:149 - Мета-информация обновлена для KROT
2026-10-08 15:42:47.843 | INFO     | src.moex_loader:load_asset:195 - Загружено 500 свечей для KROT (stock)
2026-10-08 15:42:47.844 | DEBUG    | src.moex_loader:_fetch_page:48 - Запрос: https://iss.moex.com/iss/engines/stock/markets/shares/boards/TQBR/securities/KROTP/candles.json?from=2023-10-09&till=2026-10-08&interval=24&iss.meta=off&start=0
2026-10-08 15:42:48.834 | INFO     | src.database:insert_raw_candles:110 - Вставлено 500 записей в raw_candles
2026-10-08 15:42:48.835 | INFO     | src.database:upsert_meta:149 - Мета-информация обновлена для KROTP
2026-10-08 15:42:48.835 | INFO     | src.moex_loader:load_asset:195 - Загружено 500 свечей для KROTP (stock)
2026-10-08 15:42:48.835 | DEBUG    | src.moex_loader:_fetch_page:48 - Запрос: https://iss.moex.com/iss/engines/stock/markets/shares/boards/TQBR/securities/KRSB/candles.json?from=2023-10-09&till=2026-10-08&interval=24&iss.meta=off&start=0
2026-10-08 15:42:49.830 | INFO     | src.database:insert_raw_candles:110 - Вставлено 500 записей в raw_candles
2026-10-08 15:42:49.830 | INFO     | src.database:upsert_meta:149 - Мета-информация обновлена для KRSB
2026-10-08 15:42:49.830 | INFO     | src.moex_loader:load_asset:195 - Загружено 500 свечей для KRSB (stock)
2026-10-08 15:42:49.831 | DEBUG    | src.moex_loader:_fetch_page:48 - Запрос: https://iss.moex.com/iss/engines/stock/markets/shares/boards/TQBR/securities/KRSBP/candles.json?from=2023-10-09&till=2026-10-08&interval=24&iss.meta=off&start=0
2026-10-08 15:42:50.888 | INFO     | src.database:insert_raw_candles:110 - Вставлено 500 записей в raw_candles
2026-10-08 15:42:50.888 | INFO     | src.database:upsert_meta:149 - Мета-информация обновлена для KRSBP
2026-10-08 15:42:50.888 | INFO     | src.moex_loader:load_asset:195 - Загружено 500 свечей для KRSBP (stock)
2026-10-08 15:42:50.889 | DEBUG    | src.moex_loader:_fetch_page:48 - Запрос: https://iss.moex.com/iss/engines/stock/markets/shares/boards/TQBR/securities/KUZB/candles.json?from=2023-10-09&till=2026-10-08&interval=24&iss.meta=off&start=0
2026-10-08 15:42:51.982 | INFO     | src.database:insert_raw_candles:110 - Вставлено 500 записей в raw_candles
2026-10-08 15:42:51.982 | INFO     | src.database:upsert_meta:149 - Мета-информация обновлена для KUZB
2026-10-08 15:42:51.983 | INFO     | src.moex_loader:load_asset:195 - Загружено 500 свечей для KUZB (stock)
2026-10-08 15:42:51.983 | DEBUG    | src.moex_loader:_fetch_page:48 - Запрос: https://iss.moex.com/iss/engines/stock/markets/shares/boards/TQBR/securities/KZOS/candles.json?from=2023-10-09&till=2026-10-08&interval=24&iss.meta=off&start=0
2026-10-08 15:42:52.981 | INFO     | src.database:insert_raw_candles:110 - Вставлено 500 записей в raw_candles
2026-10-08 15:42:52.982 | INFO     | src.database:upsert_meta:149 - Мета-информация обновлена для KZOS
2026-10-08 15:42:52.982 | INFO     | src.moex_loader:load_asset:195 - Загружено 500 свечей для KZOS (stock)
2026-10-08 15:42:52.983 | DEBUG    | src.moex_loader:_fetch_page:48 - Запрос: https://iss.moex.com/iss/engines/stock/markets/shares/boards/TQBR/securities/KZOSP/candles.json?from=2023-10-09&till=2026-10-08&interval=24&iss.meta=off&start=0
2026-10-08 15:42:54.005 | INFO     | src.database:insert_raw_candles:110 - Вставлено 500 записей в raw_candles
2026-10-08 15:42:54.006 | INFO     | src.database:upsert_meta:149 - Мета-информация обновлена для KZOSP
2026-10-08 15:42:54.006 | INFO     | src.moex_loader:load_asset:195 - Загружено 500 свечей для KZOSP (stock)
2026-10-08 15:42:54.006 | DEBUG    | src.moex_loader:_fetch_page:48 - Запрос: https://iss.moex.com/iss/engines/stock/markets/shares/boards/TQBR/securities/LEAS/candles.json?from=2023-10-09&till=2026-10-08&interval=24&iss.meta=off&start=0
2026-10-08 15:42:54.999 | INFO     | src.database:insert_raw_candles:110 - Вставлено 500 записей в raw_candles
2026-10-08 15:42:55.000 | INFO     | src.database:upsert_meta:149 - Мета-информация обновлена для LEAS
2026-10-08 15:42:55.000 | INFO     | src.moex_loader:load_asset:195 - Загружено 500 свечей для LEAS (stock)
2026-10-08 15:42:55.001 | DEBUG    | src.moex_loader:_fetch_page:48 - Запрос: https://iss.moex.com/iss/engines/stock/markets/shares/boards/TQBR/securities/LENT/candles.json?from=2023-10-09&till=2026-10-08&interval=24&iss.meta=off&start=0
2026-10-08 15:42:56.034 | INFO     | src.database:insert_raw_candles:110 - Вставлено 500 записей в raw_candles
2026-10-08 15:42:56.035 | INFO     | src.database:upsert_meta:149 - Мета-информация обновлена для LENT
2026-10-08 15:42:56.035 | INFO     | src.moex_loader:load_asset:195 - Загружено 500 свечей для LENT (stock)
2026-10-08 15:42:56.035 | DEBUG    | src.moex_loader:_fetch_page:48 - Запрос: https://iss.moex.com/iss/engines/stock/markets/shares/boards/TQBR/securities/LIFE/candles.json?from=2023-10-09&till=2026-10-08&interval=24&iss.meta=off&start=0
2026-10-08 15:42:57.055 | INFO     | src.database:insert_raw_candles:110 - Вставлено 500 записей в raw_candles
2026-10-08 15:42:57.055 | INFO     | src.database:upsert_meta:149 - Мета-информация обновлена для LIFE
2026-10-08 15:42:57.055 | INFO     | src.moex_loader:load_asset:195 - Загружено 500 свечей для LIFE (stock)
2026-10-08 15:42:57.056 | DEBUG    | src.moex_loader:_fetch_page:48 - Запрос: https://iss.moex.com/iss/engines/stock/markets/shares/boards/TQBR/securities/LKOH/candles.json?from=2026-05-09&till=2026-10-08&interval=24&iss.meta=off&start=0
2026-10-08 15:42:57.875 | INFO     | src.database:insert_raw_candles:110 - Вставлено 143 записей в raw_candles
2026-10-08 15:42:57.876 | INFO     | src.database:upsert_meta:149 - Мета-информация обновлена для LKOH
2026-10-08 15:42:57.876 | INFO     | src.moex_loader:load_asset:195 - Загружено 143 свечей для LKOH (stock)
2026-10-08 15:42:57.876 | DEBUG    | src.moex_loader:_fetch_page:48 - Запрос: https://iss.moex.com/iss/engines/stock/markets/shares/boards/TQBR/securities/LMBZ/candles.json?from=2023-10-09&till=2026-10-08&interval=24&iss.meta=off&start=0
2026-10-08 15:42:58.872 | INFO     | src.database:insert_raw_candles:110 - Вставлено 500 записей в raw_candles
2026-10-08 15:42:58.873 | INFO     | src.database:upsert_meta:149 - Мета-информация обновлена для LMBZ
2026-10-08 15:42:58.873 | INFO     | src.moex_loader:load_asset:195 - Загружено 500 свечей для LMBZ (stock)
2026-10-08 15:42:58.873 | DEBUG    | src.moex_loader:_fetch_page:48 - Запрос: https://iss.moex.com/iss/engines/stock/markets/shares/boards/TQBR/securities/LPSB/candles.json?from=2023-10-09&till=2026-10-08&interval=24&iss.meta=off&start=0
2026-10-08 15:42:59.882 | INFO     | src.database:insert_raw_candles:110 - Вставлено 500 записей в raw_candles
2026-10-08 15:42:59.882 | INFO     | src.database:upsert_meta:149 - Мета-информация обновлена для LPSB
2026-10-08 15:42:59.882 | INFO     | src.moex_loader:load_asset:195 - Загружено 500 свечей для LPSB (stock)
2026-10-08 15:42:59.883 | DEBUG    | src.moex_loader:_fetch_page:48 - Запрос: https://iss.moex.com/iss/engines/stock/markets/shares/boards/TQBR/securities/LSNG/candles.json?from=2023-10-09&till=2026-10-08&interval=24&iss.meta=off&start=0
2026-10-08 15:43:00.941 | INFO     | src.database:insert_raw_candles:110 - Вставлено 500 записей в raw_candles
2026-10-08 15:43:00.942 | INFO     | src.database:upsert_meta:149 - Мета-информация обновлена для LSNG
2026-10-08 15:43:00.942 | INFO     | src.moex_loader:load_asset:195 - Загружено 500 свечей для LSNG (stock)
2026-10-08 15:43:00.943 | DEBUG    | src.moex_loader:_fetch_page:48 - Запрос: https://iss.moex.com/iss/engines/stock/markets/shares/boards/TQBR/securities/LSNGP/candles.json?from=2023-10-09&till=2026-10-08&interval=24&iss.meta=off&start=0
2026-10-08 15:43:01.957 | INFO     | src.database:insert_raw_candles:110 - Вставлено 500 записей в raw_candles
2026-10-08 15:43:01.957 | INFO     | src.database:upsert_meta:149 - Мета-информация обновлена для LSNGP
2026-10-08 15:43:01.958 | INFO     | src.moex_loader:load_asset:195 - Загружено 500 свечей для LSNGP (stock)
2026-10-08 15:43:01.958 | DEBUG    | src.moex_loader:_fetch_page:48 - Запрос: https://iss.moex.com/iss/engines/stock/markets/shares/boards/TQBR/securities/LSRG/candles.json?from=2023-10-09&till=2026-10-08&interval=24&iss.meta=off&start=0
2026-10-08 15:43:02.950 | INFO     | src.database:insert_raw_candles:110 - Вставлено 500 записей в raw_candles
2026-10-08 15:43:02.951 | INFO     | src.database:upsert_meta:149 - Мета-информация обновлена для LSRG
2026-10-08 15:43:02.951 | INFO     | src.moex_loader:load_asset:195 - Загружено 500 свечей для LSRG (stock)
2026-10-08 15:43:02.952 | DEBUG    | src.moex_loader:_fetch_page:48 - Запрос: https://iss.moex.com/iss/engines/stock/markets/shares/boards/TQBR/securities/LVHK/candles.json?from=2023-10-09&till=2026-10-08&interval=24&iss.meta=off&start=0
2026-10-08 15:43:03.910 | INFO     | src.database:insert_raw_candles:110 - Вставлено 500 записей в raw_candles
2026-10-08 15:43:03.911 | INFO     | src.database:upsert_meta:149 - Мета-информация обновлена для LVHK
2026-10-08 15:43:03.911 | INFO     | src.moex_loader:load_asset:195 - Загружено 500 свечей для LVHK (stock)
2026-10-08 15:43:03.912 | DEBUG    | src.moex_loader:_fetch_page:48 - Запрос: https://iss.moex.com/iss/engines/stock/markets/shares/boards/TQBR/securities/MAGE/candles.json?from=2023-10-09&till=2026-10-08&interval=24&iss.meta=off&start=0
2026-10-08 15:43:04.878 | INFO     | src.database:insert_raw_candles:110 - Вставлено 500 записей в raw_candles
2026-10-08 15:43:04.879 | INFO     | src.database:upsert_meta:149 - Мета-информация обновлена для MAGE
2026-10-08 15:43:04.879 | INFO     | src.moex_loader:load_asset:195 - Загружено 500 свечей для MAGE (stock)
2026-10-08 15:43:04.880 | DEBUG    | src.moex_loader:_fetch_page:48 - Запрос: https://iss.moex.com/iss/engines/stock/markets/shares/boards/TQBR/securities/MAGEP/candles.json?from=2023-10-09&till=2026-10-08&interval=24&iss.meta=off&start=0
2026-10-08 15:43:06.075 | INFO     | src.database:insert_raw_candles:110 - Вставлено 500 записей в raw_candles
2026-10-08 15:43:06.076 | INFO     | src.database:upsert_meta:149 - Мета-информация обновлена для MAGEP
2026-10-08 15:43:06.076 | INFO     | src.moex_loader:load_asset:195 - Загружено 500 свечей для MAGEP (stock)
2026-10-08 15:43:06.077 | DEBUG    | src.moex_loader:_fetch_page:48 - Запрос: https://iss.moex.com/iss/engines/stock/markets/shares/boards/TQBR/securities/MAGN/candles.json?from=2023-10-09&till=2026-10-08&interval=24&iss.meta=off&start=0
2026-10-08 15:43:07.121 | INFO     | src.database:insert_raw_candles:110 - Вставлено 500 записей в raw_candles
2026-10-08 15:43:07.121 | INFO     | src.database:upsert_meta:149 - Мета-информация обновлена для MAGN
2026-10-08 15:43:07.122 | INFO     | src.moex_loader:load_asset:195 - Загружено 500 свечей для MAGN (stock)
2026-10-08 15:43:07.122 | DEBUG    | src.moex_loader:_fetch_page:48 - Запрос: https://iss.moex.com/iss/engines/stock/markets/shares/boards/TQBR/securities/MBNK/candles.json?from=2023-10-09&till=2026-10-08&interval=24&iss.meta=off&start=0
2026-10-08 15:43:08.302 | INFO     | src.database:insert_raw_candles:110 - Вставлено 500 записей в raw_candles
2026-10-08 15:43:08.303 | INFO     | src.database:upsert_meta:149 - Мета-информация обновлена для MBNK
2026-10-08 15:43:08.303 | INFO     | src.moex_loader:load_asset:195 - Загружено 500 свечей для MBNK (stock)
2026-10-08 15:43:08.303 | DEBUG    | src.moex_loader:_fetch_page:48 - Запрос: https://iss.moex.com/iss/engines/stock/markets/shares/boards/TQBR/securities/MDMG/candles.json?from=2023-10-09&till=2026-10-08&interval=24&iss.meta=off&start=0
2026-10-08 15:43:09.317 | INFO     | src.database:insert_raw_candles:110 - Вставлено 500 записей в raw_candles
2026-10-08 15:43:09.318 | INFO     | src.database:upsert_meta:149 - Мета-информация обновлена для MDMG
2026-10-08 15:43:09.318 | INFO     | src.moex_loader:load_asset:195 - Загружено 500 свечей для MDMG (stock)
2026-10-08 15:43:09.318 | DEBUG    | src.moex_loader:_fetch_page:48 - Запрос: https://iss.moex.com/iss/engines/stock/markets/shares/boards/TQBR/securities/MFGS/candles.json?from=2023-10-09&till=2026-10-08&interval=24&iss.meta=off&start=0
2026-10-08 15:43:10.322 | INFO     | src.database:insert_raw_candles:110 - Вставлено 500 записей в raw_candles
2026-10-08 15:43:10.322 | INFO     | src.database:upsert_meta:149 - Мета-информация обновлена для MFGS
2026-10-08 15:43:10.323 | INFO     | src.moex_loader:load_asset:195 - Загружено 500 свечей для MFGS (stock)
2026-10-08 15:43:10.323 | DEBUG    | src.moex_loader:_fetch_page:48 - Запрос: https://iss.moex.com/iss/engines/stock/markets/shares/boards/TQBR/securities/MFGSP/candles.json?from=2023-10-09&till=2026-10-08&interval=24&iss.meta=off&start=0
2026-10-08 15:43:11.299 | INFO     | src.database:insert_raw_candles:110 - Вставлено 500 записей в raw_candles
2026-10-08 15:43:11.299 | INFO     | src.database:upsert_meta:149 - Мета-информация обновлена для MFGSP
2026-10-08 15:43:11.299 | INFO     | src.moex_loader:load_asset:195 - Загружено 500 свечей для MFGSP (stock)
2026-10-08 15:43:11.300 | DEBUG    | src.moex_loader:_fetch_page:48 - Запрос: https://iss.moex.com/iss/engines/stock/markets/shares/boards/TQBR/securities/MGKL/candles.json?from=2023-10-09&till=2026-10-08&interval=24&iss.meta=off&start=0
2026-10-08 15:43:12.351 | INFO     | src.database:insert_raw_candles:110 - Вставлено 500 записей в raw_candles
2026-10-08 15:43:12.352 | INFO     | src.database:upsert_meta:149 - Мета-информация обновлена для MGKL
2026-10-08 15:43:12.352 | INFO     | src.moex_loader:load_asset:195 - Загружено 500 свечей для MGKL (stock)
2026-10-08 15:43:12.353 | DEBUG    | src.moex_loader:_fetch_page:48 - Запрос: https://iss.moex.com/iss/engines/stock/markets/shares/boards/TQBR/securities/MGNT/candles.json?from=2026-05-09&till=2026-10-08&interval=24&iss.meta=off&start=0
2026-10-08 15:43:13.488 | INFO     | src.database:insert_raw_candles:110 - Вставлено 143 записей в raw_candles
2026-10-08 15:43:13.489 | INFO     | src.database:upsert_meta:149 - Мета-информация обновлена для MGNT
2026-10-08 15:43:13.489 | INFO     | src.moex_loader:load_asset:195 - Загружено 143 свечей для MGNT (stock)
2026-10-08 15:43:13.489 | DEBUG    | src.moex_loader:_fetch_page:48 - Запрос: https://iss.moex.com/iss/engines/stock/markets/shares/boards/TQBR/securities/MGNZ/candles.json?from=2023-10-09&till=2026-10-08&interval=24&iss.meta=off&start=0
2026-10-08 15:43:14.938 | WARNING  | src.moex_loader:fetch_candles_async:80 - Нет данных для MGNZ за период 2023-10-09 - 2026-10-08
2026-10-08 15:43:14.940 | WARNING  | src.moex_loader:load_asset:183 - Нет данных для MGNZ (stock)
2026-10-08 15:43:14.941 | DEBUG    | src.moex_loader:_fetch_page:48 - Запрос: https://iss.moex.com/iss/engines/stock/markets/shares/boards/TQBR/securities/MGTS/candles.json?from=2023-10-09&till=2026-10-08&interval=24&iss.meta=off&start=0
2026-10-08 15:43:15.921 | INFO     | src.database:insert_raw_candles:110 - Вставлено 500 записей в raw_candles
2026-10-08 15:43:15.921 | INFO     | src.database:upsert_meta:149 - Мета-информация обновлена для MGTS
2026-10-08 15:43:15.921 | INFO     | src.moex_loader:load_asset:195 - Загружено 500 свечей для MGTS (stock)
2026-10-08 15:43:15.922 | DEBUG    | src.moex_loader:_fetch_page:48 - Запрос: https://iss.moex.com/iss/engines/stock/markets/shares/boards/TQBR/securities/MGTSP/candles.json?from=2023-10-09&till=2026-10-08&interval=24&iss.meta=off&start=0
2026-10-08 15:43:16.921 | INFO     | src.database:insert_raw_candles:110 - Вставлено 500 записей в raw_candles
2026-10-08 15:43:16.922 | INFO     | src.database:upsert_meta:149 - Мета-информация обновлена для MGTSP
2026-10-08 15:43:16.922 | INFO     | src.moex_loader:load_asset:195 - Загружено 500 свечей для MGTSP (stock)
2026-10-08 15:43:16.922 | DEBUG    | src.moex_loader:_fetch_page:48 - Запрос: https://iss.moex.com/iss/engines/stock/markets/shares/boards/TQBR/securities/MISB/candles.json?from=2023-10-09&till=2026-10-08&interval=24&iss.meta=off&start=0
2026-10-08 15:43:17.933 | INFO     | src.database:insert_raw_candles:110 - Вставлено 500 записей в raw_candles
2026-10-08 15:43:17.933 | INFO     | src.database:upsert_meta:149 - Мета-информация обновлена для MISB
2026-10-08 15:43:17.934 | INFO     | src.moex_loader:load_asset:195 - Загружено 500 свечей для MISB (stock)
2026-10-08 15:43:17.934 | DEBUG    | src.moex_loader:_fetch_page:48 - Запрос: https://iss.moex.com/iss/engines/stock/markets/shares/boards/TQBR/securities/MISBP/candles.json?from=2023-10-09&till=2026-10-08&interval=24&iss.meta=off&start=0
2026-10-08 15:43:18.903 | INFO     | src.database:insert_raw_candles:110 - Вставлено 500 записей в raw_candles
2026-10-08 15:43:18.903 | INFO     | src.database:upsert_meta:149 - Мета-информация обновлена для MISBP
2026-10-08 15:43:18.903 | INFO     | src.moex_loader:load_asset:195 - Загружено 500 свечей для MISBP (stock)
2026-10-08 15:43:18.904 | DEBUG    | src.moex_loader:_fetch_page:48 - Запрос: https://iss.moex.com/iss/engines/stock/markets/shares/boards/TQBR/securities/MOEX/candles.json?from=2023-10-09&till=2026-10-08&interval=24&iss.meta=off&start=0
2026-10-08 15:43:20.107 | INFO     | src.database:insert_raw_candles:110 - Вставлено 500 записей в raw_candles
2026-10-08 15:43:20.108 | INFO     | src.database:upsert_meta:149 - Мета-информация обновлена для MOEX
2026-10-08 15:43:20.108 | INFO     | src.moex_loader:load_asset:195 - Загружено 500 свечей для MOEX (stock)
2026-10-08 15:43:20.108 | DEBUG    | src.moex_loader:_fetch_page:48 - Запрос: https://iss.moex.com/iss/engines/stock/markets/shares/boards/TQBR/securities/MRKC/candles.json?from=2023-10-09&till=2026-10-08&interval=24&iss.meta=off&start=0
2026-10-08 15:43:21.267 | INFO     | src.database:insert_raw_candles:110 - Вставлено 500 записей в raw_candles
2026-10-08 15:43:21.267 | INFO     | src.database:upsert_meta:149 - Мета-информация обновлена для MRKC
2026-10-08 15:43:21.267 | INFO     | src.moex_loader:load_asset:195 - Загружено 500 свечей для MRKC (stock)
2026-10-08 15:43:21.268 | DEBUG    | src.moex_loader:_fetch_page:48 - Запрос: https://iss.moex.com/iss/engines/stock/markets/shares/boards/TQBR/securities/MRKK/candles.json?from=2023-10-09&till=2026-10-08&interval=24&iss.meta=off&start=0
2026-10-08 15:43:22.278 | INFO     | src.database:insert_raw_candles:110 - Вставлено 500 записей в raw_candles
2026-10-08 15:43:22.279 | INFO     | src.database:upsert_meta:149 - Мета-информация обновлена для MRKK
2026-10-08 15:43:22.279 | INFO     | src.moex_loader:load_asset:195 - Загружено 500 свечей для MRKK (stock)
2026-10-08 15:43:22.280 | DEBUG    | src.moex_loader:_fetch_page:48 - Запрос: https://iss.moex.com/iss/engines/stock/markets/shares/boards/TQBR/securities/MRKP/candles.json?from=2023-10-09&till=2026-10-08&interval=24&iss.meta=off&start=0
2026-10-08 15:43:23.362 | INFO     | src.database:insert_raw_candles:110 - Вставлено 500 записей в raw_candles
2026-10-08 15:43:23.363 | INFO     | src.database:upsert_meta:149 - Мета-информация обновлена для MRKP
2026-10-08 15:43:23.363 | INFO     | src.moex_loader:load_asset:195 - Загружено 500 свечей для MRKP (stock)
2026-10-08 15:43:23.363 | DEBUG    | src.moex_loader:_fetch_page:48 - Запрос: https://iss.moex.com/iss/engines/stock/markets/shares/boards/TQBR/securities/MRKS/candles.json?from=2023-10-09&till=2026-10-08&interval=24&iss.meta=off&start=0
2026-10-08 15:43:24.383 | INFO     | src.database:insert_raw_candles:110 - Вставлено 500 записей в raw_candles
2026-10-08 15:43:24.384 | INFO     | src.database:upsert_meta:149 - Мета-информация обновлена для MRKS
2026-10-08 15:43:24.384 | INFO     | src.moex_loader:load_asset:195 - Загружено 500 свечей для MRKS (stock)
2026-10-08 15:43:24.385 | DEBUG    | src.moex_loader:_fetch_page:48 - Запрос: https://iss.moex.com/iss/engines/stock/markets/shares/boards/TQBR/securities/MRKU/candles.json?from=2023-10-09&till=2026-10-08&interval=24&iss.meta=off&start=0
2026-10-08 15:43:25.393 | INFO     | src.database:insert_raw_candles:110 - Вставлено 500 записей в raw_candles
2026-10-08 15:43:25.393 | INFO     | src.database:upsert_meta:149 - Мета-информация обновлена для MRKU
2026-10-08 15:43:25.394 | INFO     | src.moex_loader:load_asset:195 - Загружено 500 свечей для MRKU (stock)
2026-10-08 15:43:25.394 | DEBUG    | src.moex_loader:_fetch_page:48 - Запрос: https://iss.moex.com/iss/engines/stock/markets/shares/boards/TQBR/securities/MRKV/candles.json?from=2023-10-09&till=2026-10-08&interval=24&iss.meta=off&start=0
2026-10-08 15:43:26.527 | INFO     | src.database:insert_raw_candles:110 - Вставлено 500 записей в raw_candles
2026-10-08 15:43:26.528 | INFO     | src.database:upsert_meta:149 - Мета-информация обновлена для MRKV
2026-10-08 15:43:26.528 | INFO     | src.moex_loader:load_asset:195 - Загружено 500 свечей для MRKV (stock)
2026-10-08 15:43:26.529 | DEBUG    | src.moex_loader:_fetch_page:48 - Запрос: https://iss.moex.com/iss/engines/stock/markets/shares/boards/TQBR/securities/MRKY/candles.json?from=2023-10-09&till=2026-10-08&interval=24&iss.meta=off&start=0
2026-10-08 15:43:27.515 | INFO     | src.database:insert_raw_candles:110 - Вставлено 500 записей в raw_candles
2026-10-08 15:43:27.515 | INFO     | src.database:upsert_meta:149 - Мета-информация обновлена для MRKY
2026-10-08 15:43:27.515 | INFO     | src.moex_loader:load_asset:195 - Загружено 500 свечей для MRKY (stock)
2026-10-08 15:43:27.516 | DEBUG    | src.moex_loader:_fetch_page:48 - Запрос: https://iss.moex.com/iss/engines/stock/markets/shares/boards/TQBR/securities/MRKZ/candles.json?from=2023-10-09&till=2026-10-08&interval=24&iss.meta=off&start=0
2026-10-08 15:43:28.492 | INFO     | src.database:insert_raw_candles:110 - Вставлено 500 записей в raw_candles
2026-10-08 15:43:28.493 | INFO     | src.database:upsert_meta:149 - Мета-информация обновлена для MRKZ
2026-10-08 15:43:28.493 | INFO     | src.moex_loader:load_asset:195 - Загружено 500 свечей для MRKZ (stock)
2026-10-08 15:43:28.494 | DEBUG    | src.moex_loader:_fetch_page:48 - Запрос: https://iss.moex.com/iss/engines/stock/markets/shares/boards/TQBR/securities/MRSB/candles.json?from=2023-10-09&till=2026-10-08&interval=24&iss.meta=off&start=0
2026-10-08 15:43:29.488 | INFO     | src.database:insert_raw_candles:110 - Вставлено 500 записей в raw_candles
2026-10-08 15:43:29.489 | INFO     | src.database:upsert_meta:149 - Мета-информация обновлена для MRSB
2026-10-08 15:43:29.489 | INFO     | src.moex_loader:load_asset:195 - Загружено 500 свечей для MRSB (stock)
2026-10-08 15:43:29.490 | DEBUG    | src.moex_loader:_fetch_page:48 - Запрос: https://iss.moex.com/iss/engines/stock/markets/shares/boards/TQBR/securities/MSNG/candles.json?from=2023-10-09&till=2026-10-08&interval=24&iss.meta=off&start=0
2026-10-08 15:43:30.498 | INFO     | src.database:insert_raw_candles:110 - Вставлено 500 записей в raw_candles
2026-10-08 15:43:30.499 | INFO     | src.database:upsert_meta:149 - Мета-информация обновлена для MSNG
2026-10-08 15:43:30.499 | INFO     | src.moex_loader:load_asset:195 - Загружено 500 свечей для MSNG (stock)
2026-10-08 15:43:30.500 | DEBUG    | src.moex_loader:_fetch_page:48 - Запрос: https://iss.moex.com/iss/engines/stock/markets/shares/boards/TQBR/securities/MSRS/candles.json?from=2023-10-09&till=2026-10-08&interval=24&iss.meta=off&start=0
2026-10-08 15:43:31.470 | INFO     | src.database:insert_raw_candles:110 - Вставлено 500 записей в raw_candles
2026-10-08 15:43:31.470 | INFO     | src.database:upsert_meta:149 - Мета-информация обновлена для MSRS
2026-10-08 15:43:31.470 | INFO     | src.moex_loader:load_asset:195 - Загружено 500 свечей для MSRS (stock)
2026-10-08 15:43:31.471 | DEBUG    | src.moex_loader:_fetch_page:48 - Запрос: https://iss.moex.com/iss/engines/stock/markets/shares/boards/TQBR/securities/MSTT/candles.json?from=2023-10-09&till=2026-10-08&interval=24&iss.meta=off&start=0
2026-10-08 15:43:32.467 | INFO     | src.database:insert_raw_candles:110 - Вставлено 500 записей в raw_candles
2026-10-08 15:43:32.468 | INFO     | src.database:upsert_meta:149 - Мета-информация обновлена для MSTT
2026-10-08 15:43:32.468 | INFO     | src.moex_loader:load_asset:195 - Загружено 500 свечей для MSTT (stock)
2026-10-08 15:43:32.468 | DEBUG    | src.moex_loader:_fetch_page:48 - Запрос: https://iss.moex.com/iss/engines/stock/markets/shares/boards/TQBR/securities/MTLR/candles.json?from=2023-10-09&till=2026-10-08&interval=24&iss.meta=off&start=0
2026-10-08 15:43:33.454 | INFO     | src.database:insert_raw_candles:110 - Вставлено 500 записей в raw_candles
2026-10-08 15:43:33.455 | INFO     | src.database:upsert_meta:149 - Мета-информация обновлена для MTLR
2026-10-08 15:43:33.455 | INFO     | src.moex_loader:load_asset:195 - Загружено 500 свечей для MTLR (stock)
2026-10-08 15:43:33.455 | DEBUG    | src.moex_loader:_fetch_page:48 - Запрос: https://iss.moex.com/iss/engines/stock/markets/shares/boards/TQBR/securities/MTLRP/candles.json?from=2023-10-09&till=2026-10-08&interval=24&iss.meta=off&start=0
2026-10-08 15:43:34.467 | INFO     | src.database:insert_raw_candles:110 - Вставлено 500 записей в raw_candles
2026-10-08 15:43:34.468 | INFO     | src.database:upsert_meta:149 - Мета-информация обновлена для MTLRP
2026-10-08 15:43:34.468 | INFO     | src.moex_loader:load_asset:195 - Загружено 500 свечей для MTLRP (stock)
2026-10-08 15:43:34.469 | DEBUG    | src.moex_loader:_fetch_page:48 - Запрос: https://iss.moex.com/iss/engines/stock/markets/shares/boards/TQBR/securities/MTSS/candles.json?from=2025-06-16&till=2026-10-08&interval=24&iss.meta=off&start=0
2026-10-08 15:43:35.464 | INFO     | src.database:insert_raw_candles:110 - Вставлено 439 записей в raw_candles
2026-10-08 15:43:35.464 | INFO     | src.database:upsert_meta:149 - Мета-информация обновлена для MTSS
2026-10-08 15:43:35.464 | INFO     | src.moex_loader:load_asset:195 - Загружено 439 свечей для MTSS (stock)
2026-10-08 15:43:35.465 | DEBUG    | src.moex_loader:_fetch_page:48 - Запрос: https://iss.moex.com/iss/engines/stock/markets/shares/boards/TQBR/securities/MVID/candles.json?from=2023-10-09&till=2026-10-08&interval=24&iss.meta=off&start=0
2026-10-08 15:43:36.585 | INFO     | src.database:insert_raw_candles:110 - Вставлено 500 записей в raw_candles
2026-10-08 15:43:36.586 | INFO     | src.database:upsert_meta:149 - Мета-информация обновлена для MVID
2026-10-08 15:43:36.586 | INFO     | src.moex_loader:load_asset:195 - Загружено 500 свечей для MVID (stock)
2026-10-08 15:43:36.587 | DEBUG    | src.moex_loader:_fetch_page:48 - Запрос: https://iss.moex.com/iss/engines/stock/markets/shares/boards/TQBR/securities/NAUK/candles.json?from=2023-10-09&till=2026-10-08&interval=24&iss.meta=off&start=0
2026-10-08 15:43:37.618 | INFO     | src.database:insert_raw_candles:110 - Вставлено 500 записей в raw_candles
2026-10-08 15:43:37.619 | INFO     | src.database:upsert_meta:149 - Мета-информация обновлена для NAUK
2026-10-08 15:43:37.619 | INFO     | src.moex_loader:load_asset:195 - Загружено 500 свечей для NAUK (stock)
2026-10-08 15:43:37.619 | DEBUG    | src.moex_loader:_fetch_page:48 - Запрос: https://iss.moex.com/iss/engines/stock/markets/shares/boards/TQBR/securities/NFAZ/candles.json?from=2023-10-09&till=2026-10-08&interval=24&iss.meta=off&start=0
2026-10-08 15:43:38.642 | INFO     | src.database:insert_raw_candles:110 - Вставлено 500 записей в raw_candles
2026-10-08 15:43:38.643 | INFO     | src.database:upsert_meta:149 - Мета-информация обновлена для NFAZ
2026-10-08 15:43:38.643 | INFO     | src.moex_loader:load_asset:195 - Загружено 500 свечей для NFAZ (stock)
2026-10-08 15:43:38.643 | DEBUG    | src.moex_loader:_fetch_page:48 - Запрос: https://iss.moex.com/iss/engines/stock/markets/shares/boards/TQBR/securities/NKHP/candles.json?from=2023-10-09&till=2026-10-08&interval=24&iss.meta=off&start=0
2026-10-08 15:43:39.685 | INFO     | src.database:insert_raw_candles:110 - Вставлено 500 записей в raw_candles
2026-10-08 15:43:39.685 | INFO     | src.database:upsert_meta:149 - Мета-информация обновлена для NKHP
2026-10-08 15:43:39.686 | INFO     | src.moex_loader:load_asset:195 - Загружено 500 свечей для NKHP (stock)
2026-10-08 15:43:39.686 | DEBUG    | src.moex_loader:_fetch_page:48 - Запрос: https://iss.moex.com/iss/engines/stock/markets/shares/boards/TQBR/securities/NKNC/candles.json?from=2023-10-09&till=2026-10-08&interval=24&iss.meta=off&start=0
2026-10-08 15:43:40.667 | INFO     | src.database:insert_raw_candles:110 - Вставлено 500 записей в raw_candles
2026-10-08 15:43:40.668 | INFO     | src.database:upsert_meta:149 - Мета-информация обновлена для NKNC
2026-10-08 15:43:40.668 | INFO     | src.moex_loader:load_asset:195 - Загружено 500 свечей для NKNC (stock)
2026-10-08 15:43:40.669 | DEBUG    | src.moex_loader:_fetch_page:48 - Запрос: https://iss.moex.com/iss/engines/stock/markets/shares/boards/TQBR/securities/NKNCP/candles.json?from=2023-10-09&till=2026-10-08&interval=24&iss.meta=off&start=0
2026-10-08 15:43:41.678 | INFO     | src.database:insert_raw_candles:110 - Вставлено 500 записей в raw_candles
2026-10-08 15:43:41.679 | INFO     | src.database:upsert_meta:149 - Мета-информация обновлена для NKNCP
2026-10-08 15:43:41.679 | INFO     | src.moex_loader:load_asset:195 - Загружено 500 свечей для NKNCP (stock)
2026-10-08 15:43:41.679 | DEBUG    | src.moex_loader:_fetch_page:48 - Запрос: https://iss.moex.com/iss/engines/stock/markets/shares/boards/TQBR/securities/NKSH/candles.json?from=2023-10-09&till=2026-10-08&interval=24&iss.meta=off&start=0
2026-10-08 15:43:42.648 | INFO     | src.database:insert_raw_candles:110 - Вставлено 500 записей в raw_candles
2026-10-08 15:43:42.648 | INFO     | src.database:upsert_meta:149 - Мета-информация обновлена для NKSH
2026-10-08 15:43:42.648 | INFO     | src.moex_loader:load_asset:195 - Загружено 500 свечей для NKSH (stock)
2026-10-08 15:43:42.649 | DEBUG    | src.moex_loader:_fetch_page:48 - Запрос: https://iss.moex.com/iss/engines/stock/markets/shares/boards/TQBR/securities/NLMK/candles.json?from=2023-10-09&till=2026-10-08&interval=24&iss.meta=off&start=0
2026-10-08 15:43:43.825 | INFO     | src.database:insert_raw_candles:110 - Вставлено 500 записей в raw_candles
2026-10-08 15:43:43.826 | INFO     | src.database:upsert_meta:149 - Мета-информация обновлена для NLMK
2026-10-08 15:43:43.826 | INFO     | src.moex_loader:load_asset:195 - Загружено 500 свечей для NLMK (stock)
2026-10-08 15:43:43.826 | DEBUG    | src.moex_loader:_fetch_page:48 - Запрос: https://iss.moex.com/iss/engines/stock/markets/shares/boards/TQBR/securities/NMTP/candles.json?from=2023-10-09&till=2026-10-08&interval=24&iss.meta=off&start=0
2026-10-08 15:43:44.836 | INFO     | src.database:insert_raw_candles:110 - Вставлено 500 записей в raw_candles
2026-10-08 15:43:44.837 | INFO     | src.database:upsert_meta:149 - Мета-информация обновлена для NMTP
2026-10-08 15:43:44.837 | INFO     | src.moex_loader:load_asset:195 - Загружено 500 свечей для NMTP (stock)
2026-10-08 15:43:44.837 | DEBUG    | src.moex_loader:_fetch_page:48 - Запрос: https://iss.moex.com/iss/engines/stock/markets/shares/boards/TQBR/securities/NNSB/candles.json?from=2023-10-09&till=2026-10-08&interval=24&iss.meta=off&start=0
2026-10-08 15:43:45.829 | INFO     | src.database:insert_raw_candles:110 - Вставлено 500 записей в raw_candles
2026-10-08 15:43:45.830 | INFO     | src.database:upsert_meta:149 - Мета-информация обновлена для NNSB
2026-10-08 15:43:45.830 | INFO     | src.moex_loader:load_asset:195 - Загружено 500 свечей для NNSB (stock)
2026-10-08 15:43:45.831 | DEBUG    | src.moex_loader:_fetch_page:48 - Запрос: https://iss.moex.com/iss/engines/stock/markets/shares/boards/TQBR/securities/NNSBP/candles.json?from=2023-10-09&till=2026-10-08&interval=24&iss.meta=off&start=0
2026-10-08 15:43:46.831 | INFO     | src.database:insert_raw_candles:110 - Вставлено 500 записей в raw_candles
2026-10-08 15:43:46.831 | INFO     | src.database:upsert_meta:149 - Мета-информация обновлена для NNSBP
2026-10-08 15:43:46.832 | INFO     | src.moex_loader:load_asset:195 - Загружено 500 свечей для NNSBP (stock)
2026-10-08 15:43:46.832 | DEBUG    | src.moex_loader:_fetch_page:48 - Запрос: https://iss.moex.com/iss/engines/stock/markets/shares/boards/TQBR/securities/NSVZ/candles.json?from=2023-10-09&till=2026-10-08&interval=24&iss.meta=off&start=0
2026-10-08 15:43:47.786 | INFO     | src.database:insert_raw_candles:110 - Вставлено 500 записей в raw_candles
2026-10-08 15:43:47.787 | INFO     | src.database:upsert_meta:149 - Мета-информация обновлена для NSVZ
2026-10-08 15:43:47.787 | INFO     | src.moex_loader:load_asset:195 - Загружено 500 свечей для NSVZ (stock)
2026-10-08 15:43:47.788 | DEBUG    | src.moex_loader:_fetch_page:48 - Запрос: https://iss.moex.com/iss/engines/stock/markets/shares/boards/TQBR/securities/NVTK/candles.json?from=2025-06-18&till=2026-10-08&interval=24&iss.meta=off&start=0
2026-10-08 15:43:48.789 | INFO     | src.database:insert_raw_candles:110 - Вставлено 436 записей в raw_candles
2026-10-08 15:43:48.789 | INFO     | src.database:upsert_meta:149 - Мета-информация обновлена для NVTK
2026-10-08 15:43:48.789 | INFO     | src.moex_loader:load_asset:195 - Загружено 436 свечей для NVTK (stock)
2026-10-08 15:43:48.790 | DEBUG    | src.moex_loader:_fetch_page:48 - Запрос: https://iss.moex.com/iss/engines/stock/markets/shares/boards/TQBR/securities/OGKB/candles.json?from=2023-10-09&till=2026-10-08&interval=24&iss.meta=off&start=0
2026-10-08 15:43:49.774 | INFO     | src.database:insert_raw_candles:110 - Вставлено 500 записей в raw_candles
2026-10-08 15:43:49.774 | INFO     | src.database:upsert_meta:149 - Мета-информация обновлена для OGKB
2026-10-08 15:43:49.775 | INFO     | src.moex_loader:load_asset:195 - Загружено 500 свечей для OGKB (stock)
2026-10-08 15:43:49.775 | DEBUG    | src.moex_loader:_fetch_page:48 - Запрос: https://iss.moex.com/iss/engines/stock/markets/shares/boards/TQBR/securities/OMZZP/candles.json?from=2023-10-09&till=2026-10-08&interval=24&iss.meta=off&start=0
2026-10-08 15:43:51.044 | INFO     | src.database:insert_raw_candles:110 - Вставлено 500 записей в raw_candles
2026-10-08 15:43:51.045 | INFO     | src.database:upsert_meta:149 - Мета-информация обновлена для OMZZP
2026-10-08 15:43:51.045 | INFO     | src.moex_loader:load_asset:195 - Загружено 500 свечей для OMZZP (stock)
2026-10-08 15:43:51.045 | DEBUG    | src.moex_loader:_fetch_page:48 - Запрос: https://iss.moex.com/iss/engines/stock/markets/shares/boards/TQBR/securities/OZON/candles.json?from=2023-10-09&till=2026-10-08&interval=24&iss.meta=off&start=0
2026-10-08 15:43:52.247 | INFO     | src.database:insert_raw_candles:110 - Вставлено 500 записей в raw_candles
2026-10-08 15:43:52.247 | INFO     | src.database:upsert_meta:149 - Мета-информация обновлена для OZON
2026-10-08 15:43:52.247 | INFO     | src.moex_loader:load_asset:195 - Загружено 500 свечей для OZON (stock)
2026-10-08 15:43:52.248 | DEBUG    | src.moex_loader:_fetch_page:48 - Запрос: https://iss.moex.com/iss/engines/stock/markets/shares/boards/TQBR/securities/OZPH/candles.json?from=2023-10-09&till=2026-10-08&interval=24&iss.meta=off&start=0
2026-10-08 15:43:53.245 | INFO     | src.database:insert_raw_candles:110 - Вставлено 500 записей в raw_candles
2026-10-08 15:43:53.246 | INFO     | src.database:upsert_meta:149 - Мета-информация обновлена для OZPH
2026-10-08 15:43:53.246 | INFO     | src.moex_loader:load_asset:195 - Загружено 500 свечей для OZPH (stock)
2026-10-08 15:43:53.247 | DEBUG    | src.moex_loader:_fetch_page:48 - Запрос: https://iss.moex.com/iss/engines/stock/markets/shares/boards/TQBR/securities/PAZA/candles.json?from=2023-10-09&till=2026-10-08&interval=24&iss.meta=off&start=0
2026-10-08 15:43:54.236 | INFO     | src.database:insert_raw_candles:110 - Вставлено 500 записей в raw_candles
2026-10-08 15:43:54.237 | INFO     | src.database:upsert_meta:149 - Мета-информация обновлена для PAZA
2026-10-08 15:43:54.237 | INFO     | src.moex_loader:load_asset:195 - Загружено 500 свечей для PAZA (stock)
2026-10-08 15:43:54.237 | DEBUG    | src.moex_loader:_fetch_page:48 - Запрос: https://iss.moex.com/iss/engines/stock/markets/shares/boards/TQBR/securities/PHOR/candles.json?from=2025-06-18&till=2026-10-08&interval=24&iss.meta=off&start=0
2026-10-08 15:43:55.209 | INFO     | src.database:insert_raw_candles:110 - Вставлено 438 записей в raw_candles
2026-10-08 15:43:55.210 | INFO     | src.database:upsert_meta:149 - Мета-информация обновлена для PHOR
2026-10-08 15:43:55.210 | INFO     | src.moex_loader:load_asset:195 - Загружено 438 свечей для PHOR (stock)
2026-10-08 15:43:55.211 | DEBUG    | src.moex_loader:_fetch_page:48 - Запрос: https://iss.moex.com/iss/engines/stock/markets/shares/boards/TQBR/securities/PIKK/candles.json?from=2023-10-09&till=2026-10-08&interval=24&iss.meta=off&start=0
2026-10-08 15:43:56.186 | INFO     | src.database:insert_raw_candles:110 - Вставлено 500 записей в raw_candles
2026-10-08 15:43:56.187 | INFO     | src.database:upsert_meta:149 - Мета-информация обновлена для PIKK
2026-10-08 15:43:56.187 | INFO     | src.moex_loader:load_asset:195 - Загружено 500 свечей для PIKK (stock)
2026-10-08 15:43:56.188 | DEBUG    | src.moex_loader:_fetch_page:48 - Запрос: https://iss.moex.com/iss/engines/stock/markets/shares/boards/TQBR/securities/PLZL/candles.json?from=2025-06-19&till=2026-10-08&interval=24&iss.meta=off&start=0
2026-10-08 15:43:57.246 | INFO     | src.database:insert_raw_candles:110 - Вставлено 433 записей в raw_candles
2026-10-08 15:43:57.247 | INFO     | src.database:upsert_meta:149 - Мета-информация обновлена для PLZL
2026-10-08 15:43:57.247 | INFO     | src.moex_loader:load_asset:195 - Загружено 433 свечей для PLZL (stock)
2026-10-08 15:43:57.247 | DEBUG    | src.moex_loader:_fetch_page:48 - Запрос: https://iss.moex.com/iss/engines/stock/markets/shares/boards/TQBR/securities/PMSB/candles.json?from=2023-10-09&till=2026-10-08&interval=24&iss.meta=off&start=0
2026-10-08 15:43:58.284 | INFO     | src.database:insert_raw_candles:110 - Вставлено 500 записей в raw_candles
2026-10-08 15:43:58.285 | INFO     | src.database:upsert_meta:149 - Мета-информация обновлена для PMSB
2026-10-08 15:43:58.285 | INFO     | src.moex_loader:load_asset:195 - Загружено 500 свечей для PMSB (stock)
2026-10-08 15:43:58.285 | DEBUG    | src.moex_loader:_fetch_page:48 - Запрос: https://iss.moex.com/iss/engines/stock/markets/shares/boards/TQBR/securities/PMSBP/candles.json?from=2023-10-09&till=2026-10-08&interval=24&iss.meta=off&start=0
2026-10-08 15:43:59.292 | INFO     | src.database:insert_raw_candles:110 - Вставлено 500 записей в raw_candles
2026-10-08 15:43:59.293 | INFO     | src.database:upsert_meta:149 - Мета-информация обновлена для PMSBP
2026-10-08 15:43:59.293 | INFO     | src.moex_loader:load_asset:195 - Загружено 500 свечей для PMSBP (stock)
2026-10-08 15:43:59.293 | DEBUG    | src.moex_loader:_fetch_page:48 - Запрос: https://iss.moex.com/iss/engines/stock/markets/shares/boards/TQBR/securities/POSI/candles.json?from=2023-10-09&till=2026-10-08&interval=24&iss.meta=off&start=0
2026-10-08 15:44:00.276 | INFO     | src.database:insert_raw_candles:110 - Вставлено 500 записей в raw_candles
2026-10-08 15:44:00.277 | INFO     | src.database:upsert_meta:149 - Мета-информация обновлена для POSI
2026-10-08 15:44:00.277 | INFO     | src.moex_loader:load_asset:195 - Загружено 500 свечей для POSI (stock)
2026-10-08 15:44:00.277 | DEBUG    | src.moex_loader:_fetch_page:48 - Запрос: https://iss.moex.com/iss/engines/stock/markets/shares/boards/TQBR/securities/PRFN/candles.json?from=2023-10-09&till=2026-10-08&interval=24&iss.meta=off&start=0
2026-10-08 15:44:01.273 | INFO     | src.database:insert_raw_candles:110 - Вставлено 500 записей в raw_candles
2026-10-08 15:44:01.274 | INFO     | src.database:upsert_meta:149 - Мета-информация обновлена для PRFN
2026-10-08 15:44:01.274 | INFO     | src.moex_loader:load_asset:195 - Загружено 500 свечей для PRFN (stock)
2026-10-08 15:44:01.274 | DEBUG    | src.moex_loader:_fetch_page:48 - Запрос: https://iss.moex.com/iss/engines/stock/markets/shares/boards/TQBR/securities/PRMB/candles.json?from=2023-10-09&till=2026-10-08&interval=24&iss.meta=off&start=0
2026-10-08 15:44:02.319 | INFO     | src.database:insert_raw_candles:110 - Вставлено 500 записей в raw_candles
2026-10-08 15:44:02.320 | INFO     | src.database:upsert_meta:149 - Мета-информация обновлена для PRMB
2026-10-08 15:44:02.320 | INFO     | src.moex_loader:load_asset:195 - Загружено 500 свечей для PRMB (stock)
2026-10-08 15:44:02.320 | DEBUG    | src.moex_loader:_fetch_page:48 - Запрос: https://iss.moex.com/iss/engines/stock/markets/shares/boards/TQBR/securities/PRMD/candles.json?from=2023-10-09&till=2026-10-08&interval=24&iss.meta=off&start=0
2026-10-08 15:44:03.805 | INFO     | src.database:insert_raw_candles:110 - Вставлено 500 записей в raw_candles
2026-10-08 15:44:03.806 | INFO     | src.database:upsert_meta:149 - Мета-информация обновлена для PRMD
2026-10-08 15:44:03.806 | INFO     | src.moex_loader:load_asset:195 - Загружено 500 свечей для PRMD (stock)
2026-10-08 15:44:03.807 | DEBUG    | src.moex_loader:_fetch_page:48 - Запрос: https://iss.moex.com/iss/engines/stock/markets/shares/boards/TQBR/securities/RAGR/candles.json?from=2023-10-09&till=2026-10-08&interval=24&iss.meta=off&start=0
2026-10-08 15:44:04.816 | INFO     | src.database:insert_raw_candles:110 - Вставлено 500 записей в raw_candles
2026-10-08 15:44:04.817 | INFO     | src.database:upsert_meta:149 - Мета-информация обновлена для RAGR
2026-10-08 15:44:04.817 | INFO     | src.moex_loader:load_asset:195 - Загружено 500 свечей для RAGR (stock)
2026-10-08 15:44:04.818 | DEBUG    | src.moex_loader:_fetch_page:48 - Запрос: https://iss.moex.com/iss/engines/stock/markets/shares/boards/TQBR/securities/RASP/candles.json?from=2023-10-09&till=2026-10-08&interval=24&iss.meta=off&start=0
2026-10-08 15:44:06.613 | INFO     | src.database:insert_raw_candles:110 - Вставлено 500 записей в raw_candles
2026-10-08 15:44:06.614 | INFO     | src.database:upsert_meta:149 - Мета-информация обновлена для RASP
2026-10-08 15:44:06.614 | INFO     | src.moex_loader:load_asset:195 - Загружено 500 свечей для RASP (stock)
2026-10-08 15:44:06.614 | DEBUG    | src.moex_loader:_fetch_page:48 - Запрос: https://iss.moex.com/iss/engines/stock/markets/shares/boards/TQBR/securities/RBCM/candles.json?from=2023-10-09&till=2026-10-08&interval=24&iss.meta=off&start=0
2026-10-08 15:44:07.658 | INFO     | src.database:insert_raw_candles:110 - Вставлено 500 записей в raw_candles
2026-10-08 15:44:07.659 | INFO     | src.database:upsert_meta:149 - Мета-информация обновлена для RBCM
2026-10-08 15:44:07.659 | INFO     | src.moex_loader:load_asset:195 - Загружено 500 свечей для RBCM (stock)
2026-10-08 15:44:07.659 | DEBUG    | src.moex_loader:_fetch_page:48 - Запрос: https://iss.moex.com/iss/engines/stock/markets/shares/boards/TQBR/securities/RDRB/candles.json?from=2023-10-09&till=2026-10-08&interval=24&iss.meta=off&start=0
2026-10-08 15:44:08.741 | INFO     | src.database:insert_raw_candles:110 - Вставлено 500 записей в raw_candles
2026-10-08 15:44:08.742 | INFO     | src.database:upsert_meta:149 - Мета-информация обновлена для RDRB
2026-10-08 15:44:08.742 | INFO     | src.moex_loader:load_asset:195 - Загружено 500 свечей для RDRB (stock)
2026-10-08 15:44:08.742 | DEBUG    | src.moex_loader:_fetch_page:48 - Запрос: https://iss.moex.com/iss/engines/stock/markets/shares/boards/TQBR/securities/RENI/candles.json?from=2023-10-09&till=2026-10-08&interval=24&iss.meta=off&start=0
2026-10-08 15:44:09.728 | INFO     | src.database:insert_raw_candles:110 - Вставлено 500 записей в raw_candles
2026-10-08 15:44:09.728 | INFO     | src.database:upsert_meta:149 - Мета-информация обновлена для RENI
2026-10-08 15:44:09.728 | INFO     | src.moex_loader:load_asset:195 - Загружено 500 свечей для RENI (stock)
2026-10-08 15:44:09.729 | DEBUG    | src.moex_loader:_fetch_page:48 - Запрос: https://iss.moex.com/iss/engines/stock/markets/shares/boards/TQBR/securities/RGSS/candles.json?from=2023-10-09&till=2026-10-08&interval=24&iss.meta=off&start=0
2026-10-08 15:44:11.078 | INFO     | src.database:insert_raw_candles:110 - Вставлено 500 записей в raw_candles
2026-10-08 15:44:11.079 | INFO     | src.database:upsert_meta:149 - Мета-информация обновлена для RGSS
2026-10-08 15:44:11.079 | INFO     | src.moex_loader:load_asset:195 - Загружено 500 свечей для RGSS (stock)
2026-10-08 15:44:11.080 | DEBUG    | src.moex_loader:_fetch_page:48 - Запрос: https://iss.moex.com/iss/engines/stock/markets/shares/boards/TQBR/securities/RKKE/candles.json?from=2023-10-09&till=2026-10-08&interval=24&iss.meta=off&start=0
2026-10-08 15:44:12.043 | INFO     | src.database:insert_raw_candles:110 - Вставлено 500 записей в raw_candles
2026-10-08 15:44:12.044 | INFO     | src.database:upsert_meta:149 - Мета-информация обновлена для RKKE
2026-10-08 15:44:12.044 | INFO     | src.moex_loader:load_asset:195 - Загружено 500 свечей для RKKE (stock)
2026-10-08 15:44:12.044 | DEBUG    | src.moex_loader:_fetch_page:48 - Запрос: https://iss.moex.com/iss/engines/stock/markets/shares/boards/TQBR/securities/RNFT/candles.json?from=2023-10-09&till=2026-10-08&interval=24&iss.meta=off&start=0
2026-10-08 15:44:13.136 | INFO     | src.database:insert_raw_candles:110 - Вставлено 500 записей в raw_candles
2026-10-08 15:44:13.137 | INFO     | src.database:upsert_meta:149 - Мета-информация обновлена для RNFT
2026-10-08 15:44:13.137 | INFO     | src.moex_loader:load_asset:195 - Загружено 500 свечей для RNFT (stock)
2026-10-08 15:44:13.138 | DEBUG    | src.moex_loader:_fetch_page:48 - Запрос: https://iss.moex.com/iss/engines/stock/markets/shares/boards/TQBR/securities/ROLO/candles.json?from=2023-10-09&till=2026-10-08&interval=24&iss.meta=off&start=0
2026-10-08 15:44:14.132 | INFO     | src.database:insert_raw_candles:110 - Вставлено 500 записей в raw_candles
2026-10-08 15:44:14.133 | INFO     | src.database:upsert_meta:149 - Мета-информация обновлена для ROLO
2026-10-08 15:44:14.133 | INFO     | src.moex_loader:load_asset:195 - Загружено 500 свечей для ROLO (stock)
2026-10-08 15:44:14.134 | DEBUG    | src.moex_loader:_fetch_page:48 - Запрос: https://iss.moex.com/iss/engines/stock/markets/shares/boards/TQBR/securities/ROSN/candles.json?from=2025-06-16&till=2026-10-08&interval=24&iss.meta=off&start=0
2026-10-08 15:44:15.172 | INFO     | src.database:insert_raw_candles:110 - Вставлено 440 записей в raw_candles
2026-10-08 15:44:15.172 | INFO     | src.database:upsert_meta:149 - Мета-информация обновлена для ROSN
2026-10-08 15:44:15.173 | INFO     | src.moex_loader:load_asset:195 - Загружено 440 свечей для ROSN (stock)
2026-10-08 15:44:15.173 | DEBUG    | src.moex_loader:_fetch_page:48 - Запрос: https://iss.moex.com/iss/engines/stock/markets/shares/boards/TQBR/securities/ROST/candles.json?from=2023-10-09&till=2026-10-08&interval=24&iss.meta=off&start=0
2026-10-08 15:44:16.214 | INFO     | src.database:insert_raw_candles:110 - Вставлено 500 записей в raw_candles
2026-10-08 15:44:16.215 | INFO     | src.database:upsert_meta:149 - Мета-информация обновлена для ROST
2026-10-08 15:44:16.215 | INFO     | src.moex_loader:load_asset:195 - Загружено 500 свечей для ROST (stock)
2026-10-08 15:44:16.216 | DEBUG    | src.moex_loader:_fetch_page:48 - Запрос: https://iss.moex.com/iss/engines/stock/markets/shares/boards/TQBR/securities/RTGZ/candles.json?from=2023-10-09&till=2026-10-08&interval=24&iss.meta=off&start=0
2026-10-08 15:44:18.017 | INFO     | src.database:insert_raw_candles:110 - Вставлено 500 записей в raw_candles
2026-10-08 15:44:18.017 | INFO     | src.database:upsert_meta:149 - Мета-информация обновлена для RTGZ
2026-10-08 15:44:18.018 | INFO     | src.moex_loader:load_asset:195 - Загружено 500 свечей для RTGZ (stock)
2026-10-08 15:44:18.018 | DEBUG    | src.moex_loader:_fetch_page:48 - Запрос: https://iss.moex.com/iss/engines/stock/markets/shares/boards/TQBR/securities/RTKM/candles.json?from=2023-10-09&till=2026-10-08&interval=24&iss.meta=off&start=0
2026-10-08 15:44:19.097 | INFO     | src.database:insert_raw_candles:110 - Вставлено 500 записей в raw_candles
2026-10-08 15:44:19.098 | INFO     | src.database:upsert_meta:149 - Мета-информация обновлена для RTKM
2026-10-08 15:44:19.098 | INFO     | src.moex_loader:load_asset:195 - Загружено 500 свечей для RTKM (stock)
2026-10-08 15:44:19.098 | DEBUG    | src.moex_loader:_fetch_page:48 - Запрос: https://iss.moex.com/iss/engines/stock/markets/shares/boards/TQBR/securities/RTKMP/candles.json?from=2023-10-09&till=2026-10-08&interval=24&iss.meta=off&start=0
2026-10-08 15:44:20.101 | INFO     | src.database:insert_raw_candles:110 - Вставлено 500 записей в raw_candles
2026-10-08 15:44:20.102 | INFO     | src.database:upsert_meta:149 - Мета-информация обновлена для RTKMP
2026-10-08 15:44:20.102 | INFO     | src.moex_loader:load_asset:195 - Загружено 500 свечей для RTKMP (stock)
2026-10-08 15:44:20.103 | DEBUG    | src.moex_loader:_fetch_page:48 - Запрос: https://iss.moex.com/iss/engines/stock/markets/shares/boards/TQBR/securities/RTSB/candles.json?from=2023-10-09&till=2026-10-08&interval=24&iss.meta=off&start=0
2026-10-08 15:44:21.076 | INFO     | src.database:insert_raw_candles:110 - Вставлено 500 записей в raw_candles
2026-10-08 15:44:21.077 | INFO     | src.database:upsert_meta:149 - Мета-информация обновлена для RTSB
2026-10-08 15:44:21.077 | INFO     | src.moex_loader:load_asset:195 - Загружено 500 свечей для RTSB (stock)
2026-10-08 15:44:21.078 | DEBUG    | src.moex_loader:_fetch_page:48 - Запрос: https://iss.moex.com/iss/engines/stock/markets/shares/boards/TQBR/securities/RTSBP/candles.json?from=2023-10-09&till=2026-10-08&interval=24&iss.meta=off&start=0
2026-10-08 15:44:22.063 | INFO     | src.database:insert_raw_candles:110 - Вставлено 500 записей в raw_candles
2026-10-08 15:44:22.064 | INFO     | src.database:upsert_meta:149 - Мета-информация обновлена для RTSBP
2026-10-08 15:44:22.064 | INFO     | src.moex_loader:load_asset:195 - Загружено 500 свечей для RTSBP (stock)
2026-10-08 15:44:22.064 | DEBUG    | src.moex_loader:_fetch_page:48 - Запрос: https://iss.moex.com/iss/engines/stock/markets/shares/boards/TQBR/securities/RUAL/candles.json?from=2023-10-09&till=2026-10-08&interval=24&iss.meta=off&start=0
2026-10-08 15:44:23.116 | INFO     | src.database:insert_raw_candles:110 - Вставлено 500 записей в raw_candles
2026-10-08 15:44:23.117 | INFO     | src.database:upsert_meta:149 - Мета-информация обновлена для RUAL
2026-10-08 15:44:23.117 | INFO     | src.moex_loader:load_asset:195 - Загружено 500 свечей для RUAL (stock)
2026-10-08 15:44:23.118 | DEBUG    | src.moex_loader:_fetch_page:48 - Запрос: https://iss.moex.com/iss/engines/stock/markets/shares/boards/TQBR/securities/RUSI/candles.json?from=2023-10-09&till=2026-10-08&interval=24&iss.meta=off&start=0
2026-10-08 15:44:24.091 | INFO     | src.database:insert_raw_candles:110 - Вставлено 500 записей в raw_candles
2026-10-08 15:44:24.092 | INFO     | src.database:upsert_meta:149 - Мета-информация обновлена для RUSI
2026-10-08 15:44:24.092 | INFO     | src.moex_loader:load_asset:195 - Загружено 500 свечей для RUSI (stock)
2026-10-08 15:44:24.092 | DEBUG    | src.moex_loader:_fetch_page:48 - Запрос: https://iss.moex.com/iss/engines/stock/markets/shares/boards/TQBR/securities/RZSB/candles.json?from=2023-10-09&till=2026-10-08&interval=24&iss.meta=off&start=0
2026-10-08 15:44:25.090 | INFO     | src.database:insert_raw_candles:110 - Вставлено 500 записей в raw_candles
2026-10-08 15:44:25.091 | INFO     | src.database:upsert_meta:149 - Мета-информация обновлена для RZSB
2026-10-08 15:44:25.091 | INFO     | src.moex_loader:load_asset:195 - Загружено 500 свечей для RZSB (stock)
2026-10-08 15:44:25.092 | DEBUG    | src.moex_loader:_fetch_page:48 - Запрос: https://iss.moex.com/iss/engines/stock/markets/shares/boards/TQBR/securities/SAGO/candles.json?from=2023-10-09&till=2026-10-08&interval=24&iss.meta=off&start=0
2026-10-08 15:44:26.072 | INFO     | src.database:insert_raw_candles:110 - Вставлено 500 записей в raw_candles
2026-10-08 15:44:26.073 | INFO     | src.database:upsert_meta:149 - Мета-информация обновлена для SAGO
2026-10-08 15:44:26.074 | INFO     | src.moex_loader:load_asset:195 - Загружено 500 свечей для SAGO (stock)
2026-10-08 15:44:26.074 | DEBUG    | src.moex_loader:_fetch_page:48 - Запрос: https://iss.moex.com/iss/engines/stock/markets/shares/boards/TQBR/securities/SAGOP/candles.json?from=2023-10-09&till=2026-10-08&interval=24&iss.meta=off&start=0
2026-10-08 15:44:27.062 | INFO     | src.database:insert_raw_candles:110 - Вставлено 500 записей в raw_candles
2026-10-08 15:44:27.062 | INFO     | src.database:upsert_meta:149 - Мета-информация обновлена для SAGOP
2026-10-08 15:44:27.063 | INFO     | src.moex_loader:load_asset:195 - Загружено 500 свечей для SAGOP (stock)
2026-10-08 15:44:27.063 | DEBUG    | src.moex_loader:_fetch_page:48 - Запрос: https://iss.moex.com/iss/engines/stock/markets/shares/boards/TQBR/securities/SARE/candles.json?from=2023-10-09&till=2026-10-08&interval=24&iss.meta=off&start=0
2026-10-08 15:44:28.043 | INFO     | src.database:insert_raw_candles:110 - Вставлено 500 записей в raw_candles
2026-10-08 15:44:28.044 | INFO     | src.database:upsert_meta:149 - Мета-информация обновлена для SARE
2026-10-08 15:44:28.044 | INFO     | src.moex_loader:load_asset:195 - Загружено 500 свечей для SARE (stock)
2026-10-08 15:44:28.044 | DEBUG    | src.moex_loader:_fetch_page:48 - Запрос: https://iss.moex.com/iss/engines/stock/markets/shares/boards/TQBR/securities/SAREP/candles.json?from=2023-10-09&till=2026-10-08&interval=24&iss.meta=off&start=0
2026-10-08 15:44:29.038 | INFO     | src.database:insert_raw_candles:110 - Вставлено 500 записей в raw_candles
2026-10-08 15:44:29.039 | INFO     | src.database:upsert_meta:149 - Мета-информация обновлена для SAREP
2026-10-08 15:44:29.039 | INFO     | src.moex_loader:load_asset:195 - Загружено 500 свечей для SAREP (stock)
2026-10-08 15:44:29.039 | DEBUG    | src.moex_loader:_fetch_page:48 - Запрос: https://iss.moex.com/iss/engines/stock/markets/shares/boards/TQBR/securities/SBER/candles.json?from=2026-10-01&till=2026-10-08&interval=24&iss.meta=off&start=0
2026-10-08 15:44:29.830 | INFO     | src.database:insert_raw_candles:110 - Вставлено 8 записей в raw_candles
2026-10-08 15:44:29.831 | INFO     | src.database:upsert_meta:149 - Мета-информация обновлена для SBER
2026-10-08 15:44:29.831 | INFO     | src.moex_loader:load_asset:195 - Загружено 8 свечей для SBER (stock)
2026-10-08 15:44:29.831 | DEBUG    | src.moex_loader:_fetch_page:48 - Запрос: https://iss.moex.com/iss/engines/stock/markets/shares/boards/TQBR/securities/SBERP/candles.json?from=2025-06-16&till=2026-10-08&interval=24&iss.meta=off&start=0
2026-10-08 15:44:30.841 | INFO     | src.database:insert_raw_candles:110 - Вставлено 440 записей в raw_candles
2026-10-08 15:44:30.841 | INFO     | src.database:upsert_meta:149 - Мета-информация обновлена для SBERP
2026-10-08 15:44:30.841 | INFO     | src.moex_loader:load_asset:195 - Загружено 440 свечей для SBERP (stock)
2026-10-08 15:44:30.842 | DEBUG    | src.moex_loader:_fetch_page:48 - Запрос: https://iss.moex.com/iss/engines/stock/markets/shares/boards/TQBR/securities/SELG/candles.json?from=2023-10-09&till=2026-10-08&interval=24&iss.meta=off&start=0
2026-10-08 15:44:31.902 | INFO     | src.database:insert_raw_candles:110 - Вставлено 500 записей в raw_candles
2026-10-08 15:44:31.903 | INFO     | src.database:upsert_meta:149 - Мета-информация обновлена для SELG
2026-10-08 15:44:31.903 | INFO     | src.moex_loader:load_asset:195 - Загружено 500 свечей для SELG (stock)
2026-10-08 15:44:31.903 | DEBUG    | src.moex_loader:_fetch_page:48 - Запрос: https://iss.moex.com/iss/engines/stock/markets/shares/boards/TQBR/securities/SFIN/candles.json?from=2023-10-09&till=2026-10-08&interval=24&iss.meta=off&start=0
2026-10-08 15:44:32.929 | INFO     | src.database:insert_raw_candles:110 - Вставлено 500 записей в raw_candles
2026-10-08 15:44:32.930 | INFO     | src.database:upsert_meta:149 - Мета-информация обновлена для SFIN
2026-10-08 15:44:32.930 | INFO     | src.moex_loader:load_asset:195 - Загружено 500 свечей для SFIN (stock)
2026-10-08 15:44:32.930 | DEBUG    | src.moex_loader:_fetch_page:48 - Запрос: https://iss.moex.com/iss/engines/stock/markets/shares/boards/TQBR/securities/SGZH/candles.json?from=2023-10-09&till=2026-10-08&interval=24&iss.meta=off&start=0
2026-10-08 15:44:33.950 | INFO     | src.database:insert_raw_candles:110 - Вставлено 500 записей в raw_candles
2026-10-08 15:44:33.951 | INFO     | src.database:upsert_meta:149 - Мета-информация обновлена для SGZH
2026-10-08 15:44:33.951 | INFO     | src.moex_loader:load_asset:195 - Загружено 500 свечей для SGZH (stock)
2026-10-08 15:44:33.952 | DEBUG    | src.moex_loader:_fetch_page:48 - Запрос: https://iss.moex.com/iss/engines/stock/markets/shares/boards/TQBR/securities/SIBN/candles.json?from=2023-10-09&till=2026-10-08&interval=24&iss.meta=off&start=0
2026-10-08 15:44:34.946 | INFO     | src.database:insert_raw_candles:110 - Вставлено 500 записей в raw_candles
2026-10-08 15:44:34.946 | INFO     | src.database:upsert_meta:149 - Мета-информация обновлена для SIBN
2026-10-08 15:44:34.946 | INFO     | src.moex_loader:load_asset:195 - Загружено 500 свечей для SIBN (stock)
2026-10-08 15:44:34.947 | DEBUG    | src.moex_loader:_fetch_page:48 - Запрос: https://iss.moex.com/iss/engines/stock/markets/shares/boards/TQBR/securities/SLEN/candles.json?from=2023-10-09&till=2026-10-08&interval=24&iss.meta=off&start=0
2026-10-08 15:44:35.916 | INFO     | src.database:insert_raw_candles:110 - Вставлено 500 записей в raw_candles
2026-10-08 15:44:35.917 | INFO     | src.database:upsert_meta:149 - Мета-информация обновлена для SLEN
2026-10-08 15:44:35.917 | INFO     | src.moex_loader:load_asset:195 - Загружено 500 свечей для SLEN (stock)
2026-10-08 15:44:35.917 | DEBUG    | src.moex_loader:_fetch_page:48 - Запрос: https://iss.moex.com/iss/engines/stock/markets/shares/boards/TQBR/securities/SMLT/candles.json?from=2023-10-09&till=2026-10-08&interval=24&iss.meta=off&start=0
2026-10-08 15:44:36.938 | INFO     | src.database:insert_raw_candles:110 - Вставлено 500 записей в raw_candles
2026-10-08 15:44:36.939 | INFO     | src.database:upsert_meta:149 - Мета-информация обновлена для SMLT
2026-10-08 15:44:36.939 | INFO     | src.moex_loader:load_asset:195 - Загружено 500 свечей для SMLT (stock)
2026-10-08 15:44:36.939 | DEBUG    | src.moex_loader:_fetch_page:48 - Запрос: https://iss.moex.com/iss/engines/stock/markets/shares/boards/TQBR/securities/SNGS/candles.json?from=2023-10-09&till=2026-10-08&interval=24&iss.meta=off&start=0
2026-10-08 15:44:37.952 | INFO     | src.database:insert_raw_candles:110 - Вставлено 500 записей в raw_candles
2026-10-08 15:44:37.953 | INFO     | src.database:upsert_meta:149 - Мета-информация обновлена для SNGS
2026-10-08 15:44:37.953 | INFO     | src.moex_loader:load_asset:195 - Загружено 500 свечей для SNGS (stock)
2026-10-08 15:44:37.953 | DEBUG    | src.moex_loader:_fetch_page:48 - Запрос: https://iss.moex.com/iss/engines/stock/markets/shares/boards/TQBR/securities/SNGSP/candles.json?from=2023-10-09&till=2026-10-08&interval=24&iss.meta=off&start=0
2026-10-08 15:44:38.928 | INFO     | src.database:insert_raw_candles:110 - Вставлено 500 записей в raw_candles
2026-10-08 15:44:38.929 | INFO     | src.database:upsert_meta:149 - Мета-информация обновлена для SNGSP
2026-10-08 15:44:38.929 | INFO     | src.moex_loader:load_asset:195 - Загружено 500 свечей для SNGSP (stock)
2026-10-08 15:44:38.930 | DEBUG    | src.moex_loader:_fetch_page:48 - Запрос: https://iss.moex.com/iss/engines/stock/markets/shares/boards/TQBR/securities/SOFL/candles.json?from=2023-10-09&till=2026-10-08&interval=24&iss.meta=off&start=0
2026-10-08 15:44:39.914 | INFO     | src.database:insert_raw_candles:110 - Вставлено 500 записей в raw_candles
2026-10-08 15:44:39.915 | INFO     | src.database:upsert_meta:149 - Мета-информация обновлена для SOFL
2026-10-08 15:44:39.915 | INFO     | src.moex_loader:load_asset:195 - Загружено 500 свечей для SOFL (stock)
2026-10-08 15:44:39.915 | DEBUG    | src.moex_loader:_fetch_page:48 - Запрос: https://iss.moex.com/iss/engines/stock/markets/shares/boards/TQBR/securities/SPBE/candles.json?from=2023-10-09&till=2026-10-08&interval=24&iss.meta=off&start=0
2026-10-08 15:44:40.907 | INFO     | src.database:insert_raw_candles:110 - Вставлено 500 записей в raw_candles
2026-10-08 15:44:40.907 | INFO     | src.database:upsert_meta:149 - Мета-информация обновлена для SPBE
2026-10-08 15:44:40.908 | INFO     | src.moex_loader:load_asset:195 - Загружено 500 свечей для SPBE (stock)
2026-10-08 15:44:40.908 | DEBUG    | src.moex_loader:_fetch_page:48 - Запрос: https://iss.moex.com/iss/engines/stock/markets/shares/boards/TQBR/securities/STSB/candles.json?from=2023-10-09&till=2026-10-08&interval=24&iss.meta=off&start=0
2026-10-08 15:44:41.895 | INFO     | src.database:insert_raw_candles:110 - Вставлено 500 записей в raw_candles
2026-10-08 15:44:41.896 | INFO     | src.database:upsert_meta:149 - Мета-информация обновлена для STSB
2026-10-08 15:44:41.896 | INFO     | src.moex_loader:load_asset:195 - Загружено 500 свечей для STSB (stock)
2026-10-08 15:44:41.896 | DEBUG    | src.moex_loader:_fetch_page:48 - Запрос: https://iss.moex.com/iss/engines/stock/markets/shares/boards/TQBR/securities/STSBP/candles.json?from=2023-10-09&till=2026-10-08&interval=24&iss.meta=off&start=0
2026-10-08 15:44:42.884 | INFO     | src.database:insert_raw_candles:110 - Вставлено 500 записей в raw_candles
2026-10-08 15:44:42.885 | INFO     | src.database:upsert_meta:149 - Мета-информация обновлена для STSBP
2026-10-08 15:44:42.885 | INFO     | src.moex_loader:load_asset:195 - Загружено 500 свечей для STSBP (stock)
2026-10-08 15:44:42.885 | DEBUG    | src.moex_loader:_fetch_page:48 - Запрос: https://iss.moex.com/iss/engines/stock/markets/shares/boards/TQBR/securities/SVAV/candles.json?from=2023-10-09&till=2026-10-08&interval=24&iss.meta=off&start=0
2026-10-08 15:44:43.881 | INFO     | src.database:insert_raw_candles:110 - Вставлено 500 записей в raw_candles
2026-10-08 15:44:43.882 | INFO     | src.database:upsert_meta:149 - Мета-информация обновлена для SVAV
2026-10-08 15:44:43.882 | INFO     | src.moex_loader:load_asset:195 - Загружено 500 свечей для SVAV (stock)
2026-10-08 15:44:43.883 | DEBUG    | src.moex_loader:_fetch_page:48 - Запрос: https://iss.moex.com/iss/engines/stock/markets/shares/boards/TQBR/securities/SVCB/candles.json?from=2023-10-09&till=2026-10-08&interval=24&iss.meta=off&start=0
2026-10-08 15:44:44.864 | INFO     | src.database:insert_raw_candles:110 - Вставлено 500 записей в raw_candles
2026-10-08 15:44:44.864 | INFO     | src.database:upsert_meta:149 - Мета-информация обновлена для SVCB
2026-10-08 15:44:44.864 | INFO     | src.moex_loader:load_asset:195 - Загружено 500 свечей для SVCB (stock)
2026-10-08 15:44:44.865 | DEBUG    | src.moex_loader:_fetch_page:48 - Запрос: https://iss.moex.com/iss/engines/stock/markets/shares/boards/TQBR/securities/SVET/candles.json?from=2023-10-09&till=2026-10-08&interval=24&iss.meta=off&start=0
2026-10-08 15:44:45.879 | INFO     | src.database:insert_raw_candles:110 - Вставлено 500 записей в raw_candles
2026-10-08 15:44:45.880 | INFO     | src.database:upsert_meta:149 - Мета-информация обновлена для SVET
2026-10-08 15:44:45.880 | INFO     | src.moex_loader:load_asset:195 - Загружено 500 свечей для SVET (stock)
2026-10-08 15:44:45.881 | DEBUG    | src.moex_loader:_fetch_page:48 - Запрос: https://iss.moex.com/iss/engines/stock/markets/shares/boards/TQBR/securities/SVETP/candles.json?from=2023-10-09&till=2026-10-08&interval=24&iss.meta=off&start=0
2026-10-08 15:44:46.862 | INFO     | src.database:insert_raw_candles:110 - Вставлено 500 записей в raw_candles
2026-10-08 15:44:46.863 | INFO     | src.database:upsert_meta:149 - Мета-информация обновлена для SVETP
2026-10-08 15:44:46.863 | INFO     | src.moex_loader:load_asset:195 - Загружено 500 свечей для SVETP (stock)
2026-10-08 15:44:46.863 | DEBUG    | src.moex_loader:_fetch_page:48 - Запрос: https://iss.moex.com/iss/engines/stock/markets/shares/boards/TQBR/securities/T/candles.json?from=2025-07-05&till=2026-10-08&interval=24&iss.meta=off&start=0
2026-10-08 15:44:47.854 | INFO     | src.database:insert_raw_candles:110 - Вставлено 415 записей в raw_candles
2026-10-08 15:44:47.855 | INFO     | src.database:upsert_meta:149 - Мета-информация обновлена для T
2026-10-08 15:44:47.855 | INFO     | src.moex_loader:load_asset:195 - Загружено 415 свечей для T (stock)
2026-10-08 15:44:47.856 | DEBUG    | src.moex_loader:_fetch_page:48 - Запрос: https://iss.moex.com/iss/engines/stock/markets/shares/boards/TQBR/securities/TASB/candles.json?from=2023-10-09&till=2026-10-08&interval=24&iss.meta=off&start=0
2026-10-08 15:44:48.825 | INFO     | src.database:insert_raw_candles:110 - Вставлено 500 записей в raw_candles
2026-10-08 15:44:48.825 | INFO     | src.database:upsert_meta:149 - Мета-информация обновлена для TASB
2026-10-08 15:44:48.825 | INFO     | src.moex_loader:load_asset:195 - Загружено 500 свечей для TASB (stock)
2026-10-08 15:44:48.826 | DEBUG    | src.moex_loader:_fetch_page:48 - Запрос: https://iss.moex.com/iss/engines/stock/markets/shares/boards/TQBR/securities/TASBP/candles.json?from=2023-10-09&till=2026-10-08&interval=24&iss.meta=off&start=0
2026-10-08 15:44:49.799 | INFO     | src.database:insert_raw_candles:110 - Вставлено 500 записей в raw_candles
2026-10-08 15:44:49.800 | INFO     | src.database:upsert_meta:149 - Мета-информация обновлена для TASBP
2026-10-08 15:44:49.800 | INFO     | src.moex_loader:load_asset:195 - Загружено 500 свечей для TASBP (stock)
2026-10-08 15:44:49.801 | DEBUG    | src.moex_loader:_fetch_page:48 - Запрос: https://iss.moex.com/iss/engines/stock/markets/shares/boards/TQBR/securities/TATN/candles.json?from=2025-06-18&till=2026-10-08&interval=24&iss.meta=off&start=0
2026-10-08 15:44:50.853 | INFO     | src.database:insert_raw_candles:110 - Вставлено 438 записей в raw_candles
2026-10-08 15:44:50.854 | INFO     | src.database:upsert_meta:149 - Мета-информация обновлена для TATN
2026-10-08 15:44:50.854 | INFO     | src.moex_loader:load_asset:195 - Загружено 438 свечей для TATN (stock)
2026-10-08 15:44:50.854 | DEBUG    | src.moex_loader:_fetch_page:48 - Запрос: https://iss.moex.com/iss/engines/stock/markets/shares/boards/TQBR/securities/TATNP/candles.json?from=2023-10-09&till=2026-10-08&interval=24&iss.meta=off&start=0
2026-10-08 15:44:52.578 | INFO     | src.database:insert_raw_candles:110 - Вставлено 500 записей в raw_candles
2026-10-08 15:44:52.579 | INFO     | src.database:upsert_meta:149 - Мета-информация обновлена для TATNP
2026-10-08 15:44:52.579 | INFO     | src.moex_loader:load_asset:195 - Загружено 500 свечей для TATNP (stock)
2026-10-08 15:44:52.580 | DEBUG    | src.moex_loader:_fetch_page:48 - Запрос: https://iss.moex.com/iss/engines/stock/markets/shares/boards/TQBR/securities/TGKA/candles.json?from=2023-10-09&till=2026-10-08&interval=24&iss.meta=off&start=0
2026-10-08 15:44:53.582 | INFO     | src.database:insert_raw_candles:110 - Вставлено 500 записей в raw_candles
2026-10-08 15:44:53.583 | INFO     | src.database:upsert_meta:149 - Мета-информация обновлена для TGKA
2026-10-08 15:44:53.583 | INFO     | src.moex_loader:load_asset:195 - Загружено 500 свечей для TGKA (stock)
2026-10-08 15:44:53.583 | DEBUG    | src.moex_loader:_fetch_page:48 - Запрос: https://iss.moex.com/iss/engines/stock/markets/shares/boards/TQBR/securities/TGKB/candles.json?from=2023-10-09&till=2026-10-08&interval=24&iss.meta=off&start=0
2026-10-08 15:44:54.565 | INFO     | src.database:insert_raw_candles:110 - Вставлено 500 записей в raw_candles
2026-10-08 15:44:54.566 | INFO     | src.database:upsert_meta:149 - Мета-информация обновлена для TGKB
2026-10-08 15:44:54.566 | INFO     | src.moex_loader:load_asset:195 - Загружено 500 свечей для TGKB (stock)
2026-10-08 15:44:54.566 | DEBUG    | src.moex_loader:_fetch_page:48 - Запрос: https://iss.moex.com/iss/engines/stock/markets/shares/boards/TQBR/securities/TGKBP/candles.json?from=2023-10-09&till=2026-10-08&interval=24&iss.meta=off&start=0
2026-10-08 15:44:55.594 | INFO     | src.database:insert_raw_candles:110 - Вставлено 500 записей в raw_candles
2026-10-08 15:44:55.595 | INFO     | src.database:upsert_meta:149 - Мета-информация обновлена для TGKBP
2026-10-08 15:44:55.595 | INFO     | src.moex_loader:load_asset:195 - Загружено 500 свечей для TGKBP (stock)
2026-10-08 15:44:55.595 | DEBUG    | src.moex_loader:_fetch_page:48 - Запрос: https://iss.moex.com/iss/engines/stock/markets/shares/boards/TQBR/securities/TGKN/candles.json?from=2023-10-09&till=2026-10-08&interval=24&iss.meta=off&start=0
2026-10-08 15:44:56.630 | INFO     | src.database:insert_raw_candles:110 - Вставлено 500 записей в raw_candles
2026-10-08 15:44:56.631 | INFO     | src.database:upsert_meta:149 - Мета-информация обновлена для TGKN
2026-10-08 15:44:56.631 | INFO     | src.moex_loader:load_asset:195 - Загружено 500 свечей для TGKN (stock)
2026-10-08 15:44:56.631 | DEBUG    | src.moex_loader:_fetch_page:48 - Запрос: https://iss.moex.com/iss/engines/stock/markets/shares/boards/TQBR/securities/TNSE/candles.json?from=2023-10-09&till=2026-10-08&interval=24&iss.meta=off&start=0
2026-10-08 15:44:57.626 | INFO     | src.database:insert_raw_candles:110 - Вставлено 500 записей в raw_candles
2026-10-08 15:44:57.627 | INFO     | src.database:upsert_meta:149 - Мета-информация обновлена для TNSE
2026-10-08 15:44:57.627 | INFO     | src.moex_loader:load_asset:195 - Загружено 500 свечей для TNSE (stock)
2026-10-08 15:44:57.627 | DEBUG    | src.moex_loader:_fetch_page:48 - Запрос: https://iss.moex.com/iss/engines/stock/markets/shares/boards/TQBR/securities/TORS/candles.json?from=2023-10-09&till=2026-10-08&interval=24&iss.meta=off&start=0
2026-10-08 15:44:58.637 | INFO     | src.database:insert_raw_candles:110 - Вставлено 500 записей в raw_candles
2026-10-08 15:44:58.638 | INFO     | src.database:upsert_meta:149 - Мета-информация обновлена для TORS
2026-10-08 15:44:58.638 | INFO     | src.moex_loader:load_asset:195 - Загружено 500 свечей для TORS (stock)
2026-10-08 15:44:58.638 | DEBUG    | src.moex_loader:_fetch_page:48 - Запрос: https://iss.moex.com/iss/engines/stock/markets/shares/boards/TQBR/securities/TORSP/candles.json?from=2023-10-09&till=2026-10-08&interval=24&iss.meta=off&start=0
2026-10-08 15:44:59.617 | INFO     | src.database:insert_raw_candles:110 - Вставлено 500 записей в raw_candles
2026-10-08 15:44:59.618 | INFO     | src.database:upsert_meta:149 - Мета-информация обновлена для TORSP
2026-10-08 15:44:59.618 | INFO     | src.moex_loader:load_asset:195 - Загружено 500 свечей для TORSP (stock)
2026-10-08 15:44:59.619 | DEBUG    | src.moex_loader:_fetch_page:48 - Запрос: https://iss.moex.com/iss/engines/stock/markets/shares/boards/TQBR/securities/TRMK/candles.json?from=2023-10-09&till=2026-10-08&interval=24&iss.meta=off&start=0
2026-10-08 15:45:00.641 | INFO     | src.database:insert_raw_candles:110 - Вставлено 500 записей в raw_candles
2026-10-08 15:45:00.641 | INFO     | src.database:upsert_meta:149 - Мета-информация обновлена для TRMK
2026-10-08 15:45:00.642 | INFO     | src.moex_loader:load_asset:195 - Загружено 500 свечей для TRMK (stock)
2026-10-08 15:45:00.642 | DEBUG    | src.moex_loader:_fetch_page:48 - Запрос: https://iss.moex.com/iss/engines/stock/markets/shares/boards/TQBR/securities/TRNFP/candles.json?from=2023-10-09&till=2026-10-08&interval=24&iss.meta=off&start=0
2026-10-08 15:45:01.634 | INFO     | src.database:insert_raw_candles:110 - Вставлено 500 записей в raw_candles
2026-10-08 15:45:01.634 | INFO     | src.database:upsert_meta:149 - Мета-информация обновлена для TRNFP
2026-10-08 15:45:01.635 | INFO     | src.moex_loader:load_asset:195 - Загружено 500 свечей для TRNFP (stock)
2026-10-08 15:45:01.635 | DEBUG    | src.moex_loader:_fetch_page:48 - Запрос: https://iss.moex.com/iss/engines/stock/markets/shares/boards/TQBR/securities/TTLK/candles.json?from=2023-10-09&till=2026-10-08&interval=24&iss.meta=off&start=0
2026-10-08 15:45:02.638 | INFO     | src.database:insert_raw_candles:110 - Вставлено 500 записей в raw_candles
2026-10-08 15:45:02.638 | INFO     | src.database:upsert_meta:149 - Мета-информация обновлена для TTLK
2026-10-08 15:45:02.639 | INFO     | src.moex_loader:load_asset:195 - Загружено 500 свечей для TTLK (stock)
2026-10-08 15:45:02.639 | DEBUG    | src.moex_loader:_fetch_page:48 - Запрос: https://iss.moex.com/iss/engines/stock/markets/shares/boards/TQBR/securities/TUZA/candles.json?from=2023-10-09&till=2026-10-08&interval=24&iss.meta=off&start=0
2026-10-08 15:45:03.999 | INFO     | src.database:insert_raw_candles:110 - Вставлено 500 записей в raw_candles
2026-10-08 15:45:04.000 | INFO     | src.database:upsert_meta:149 - Мета-информация обновлена для TUZA
2026-10-08 15:45:04.000 | INFO     | src.moex_loader:load_asset:195 - Загружено 500 свечей для TUZA (stock)
2026-10-08 15:45:04.000 | DEBUG    | src.moex_loader:_fetch_page:48 - Запрос: https://iss.moex.com/iss/engines/stock/markets/shares/boards/TQBR/securities/UGLD/candles.json?from=2023-10-09&till=2026-10-08&interval=24&iss.meta=off&start=0
2026-10-08 15:45:05.169 | INFO     | src.database:insert_raw_candles:110 - Вставлено 500 записей в raw_candles
2026-10-08 15:45:05.169 | INFO     | src.database:upsert_meta:149 - Мета-информация обновлена для UGLD
2026-10-08 15:45:05.170 | INFO     | src.moex_loader:load_asset:195 - Загружено 500 свечей для UGLD (stock)
2026-10-08 15:45:05.170 | DEBUG    | src.moex_loader:_fetch_page:48 - Запрос: https://iss.moex.com/iss/engines/stock/markets/shares/boards/TQBR/securities/UKUZ/candles.json?from=2023-10-09&till=2026-10-08&interval=24&iss.meta=off&start=0
2026-10-08 15:45:06.172 | INFO     | src.database:insert_raw_candles:110 - Вставлено 500 записей в raw_candles
2026-10-08 15:45:06.173 | INFO     | src.database:upsert_meta:149 - Мета-информация обновлена для UKUZ
2026-10-08 15:45:06.173 | INFO     | src.moex_loader:load_asset:195 - Загружено 500 свечей для UKUZ (stock)
2026-10-08 15:45:06.174 | DEBUG    | src.moex_loader:_fetch_page:48 - Запрос: https://iss.moex.com/iss/engines/stock/markets/shares/boards/TQBR/securities/UNAC/candles.json?from=2023-10-09&till=2026-10-08&interval=24&iss.meta=off&start=0
2026-10-08 15:45:07.374 | INFO     | src.database:insert_raw_candles:110 - Вставлено 500 записей в raw_candles
2026-10-08 15:45:07.374 | INFO     | src.database:upsert_meta:149 - Мета-информация обновлена для UNAC
2026-10-08 15:45:07.374 | INFO     | src.moex_loader:load_asset:195 - Загружено 500 свечей для UNAC (stock)
2026-10-08 15:45:07.375 | DEBUG    | src.moex_loader:_fetch_page:48 - Запрос: https://iss.moex.com/iss/engines/stock/markets/shares/boards/TQBR/securities/UNKL/candles.json?from=2023-10-09&till=2026-10-08&interval=24&iss.meta=off&start=0
2026-10-08 15:45:08.473 | INFO     | src.database:insert_raw_candles:110 - Вставлено 500 записей в raw_candles
2026-10-08 15:45:08.474 | INFO     | src.database:upsert_meta:149 - Мета-информация обновлена для UNKL
2026-10-08 15:45:08.474 | INFO     | src.moex_loader:load_asset:195 - Загружено 500 свечей для UNKL (stock)
2026-10-08 15:45:08.474 | DEBUG    | src.moex_loader:_fetch_page:48 - Запрос: https://iss.moex.com/iss/engines/stock/markets/shares/boards/TQBR/securities/UPRO/candles.json?from=2023-10-09&till=2026-10-08&interval=24&iss.meta=off&start=0
2026-10-08 15:45:09.679 | INFO     | src.database:insert_raw_candles:110 - Вставлено 500 записей в raw_candles
2026-10-08 15:45:09.680 | INFO     | src.database:upsert_meta:149 - Мета-информация обновлена для UPRO
2026-10-08 15:45:09.680 | INFO     | src.moex_loader:load_asset:195 - Загружено 500 свечей для UPRO (stock)
2026-10-08 15:45:09.680 | DEBUG    | src.moex_loader:_fetch_page:48 - Запрос: https://iss.moex.com/iss/engines/stock/markets/shares/boards/TQBR/securities/URKZ/candles.json?from=2023-10-09&till=2026-10-08&interval=24&iss.meta=off&start=0
2026-10-08 15:45:10.647 | INFO     | src.database:insert_raw_candles:110 - Вставлено 500 записей в raw_candles
2026-10-08 15:45:10.648 | INFO     | src.database:upsert_meta:149 - Мета-информация обновлена для URKZ
2026-10-08 15:45:10.648 | INFO     | src.moex_loader:load_asset:195 - Загружено 500 свечей для URKZ (stock)
2026-10-08 15:45:10.648 | DEBUG    | src.moex_loader:_fetch_page:48 - Запрос: https://iss.moex.com/iss/engines/stock/markets/shares/boards/TQBR/securities/USBN/candles.json?from=2023-10-09&till=2026-10-08&interval=24&iss.meta=off&start=0
2026-10-08 15:45:11.828 | INFO     | src.database:insert_raw_candles:110 - Вставлено 500 записей в raw_candles
2026-10-08 15:45:11.829 | INFO     | src.database:upsert_meta:149 - Мета-информация обновлена для USBN
2026-10-08 15:45:11.829 | INFO     | src.moex_loader:load_asset:195 - Загружено 500 свечей для USBN (stock)
2026-10-08 15:45:11.830 | DEBUG    | src.moex_loader:_fetch_page:48 - Запрос: https://iss.moex.com/iss/engines/stock/markets/shares/boards/TQBR/securities/UTAR/candles.json?from=2023-10-09&till=2026-10-08&interval=24&iss.meta=off&start=0
2026-10-08 15:45:12.774 | INFO     | src.database:insert_raw_candles:110 - Вставлено 500 записей в raw_candles
2026-10-08 15:45:12.775 | INFO     | src.database:upsert_meta:149 - Мета-информация обновлена для UTAR
2026-10-08 15:45:12.775 | INFO     | src.moex_loader:load_asset:195 - Загружено 500 свечей для UTAR (stock)
2026-10-08 15:45:12.775 | DEBUG    | src.moex_loader:_fetch_page:48 - Запрос: https://iss.moex.com/iss/engines/stock/markets/shares/boards/TQBR/securities/UWGN/candles.json?from=2023-10-09&till=2026-10-08&interval=24&iss.meta=off&start=0
2026-10-08 15:45:13.839 | INFO     | src.database:insert_raw_candles:110 - Вставлено 500 записей в raw_candles
2026-10-08 15:45:13.840 | INFO     | src.database:upsert_meta:149 - Мета-информация обновлена для UWGN
2026-10-08 15:45:13.840 | INFO     | src.moex_loader:load_asset:195 - Загружено 500 свечей для UWGN (stock)
2026-10-08 15:45:13.841 | DEBUG    | src.moex_loader:_fetch_page:48 - Запрос: https://iss.moex.com/iss/engines/stock/markets/shares/boards/TQBR/securities/VEON-RX/candles.json?from=2023-10-09&till=2026-10-08&interval=24&iss.meta=off&start=0
2026-10-08 15:45:14.850 | INFO     | src.database:insert_raw_candles:110 - Вставлено 500 записей в raw_candles
2026-10-08 15:45:14.850 | INFO     | src.database:upsert_meta:149 - Мета-информация обновлена для VEON-RX
2026-10-08 15:45:14.850 | INFO     | src.moex_loader:load_asset:195 - Загружено 500 свечей для VEON-RX (stock)
2026-10-08 15:45:14.851 | DEBUG    | src.moex_loader:_fetch_page:48 - Запрос: https://iss.moex.com/iss/engines/stock/markets/shares/boards/TQBR/securities/VGSB/candles.json?from=2023-10-09&till=2026-10-08&interval=24&iss.meta=off&start=0
2026-10-08 15:45:15.906 | INFO     | src.database:insert_raw_candles:110 - Вставлено 500 записей в raw_candles
2026-10-08 15:45:15.907 | INFO     | src.database:upsert_meta:149 - Мета-информация обновлена для VGSB
2026-10-08 15:45:15.907 | INFO     | src.moex_loader:load_asset:195 - Загружено 500 свечей для VGSB (stock)
2026-10-08 15:45:15.907 | DEBUG    | src.moex_loader:_fetch_page:48 - Запрос: https://iss.moex.com/iss/engines/stock/markets/shares/boards/TQBR/securities/VGSBP/candles.json?from=2023-10-09&till=2026-10-08&interval=24&iss.meta=off&start=0
2026-10-08 15:45:17.267 | INFO     | src.database:insert_raw_candles:110 - Вставлено 500 записей в raw_candles
2026-10-08 15:45:17.268 | INFO     | src.database:upsert_meta:149 - Мета-информация обновлена для VGSBP
2026-10-08 15:45:17.268 | INFO     | src.moex_loader:load_asset:195 - Загружено 500 свечей для VGSBP (stock)
2026-10-08 15:45:17.268 | DEBUG    | src.moex_loader:_fetch_page:48 - Запрос: https://iss.moex.com/iss/engines/stock/markets/shares/boards/TQBR/securities/VJGZ/candles.json?from=2023-10-09&till=2026-10-08&interval=24&iss.meta=off&start=0
2026-10-08 15:45:18.240 | INFO     | src.database:insert_raw_candles:110 - Вставлено 500 записей в raw_candles
2026-10-08 15:45:18.240 | INFO     | src.database:upsert_meta:149 - Мета-информация обновлена для VJGZ
2026-10-08 15:45:18.240 | INFO     | src.moex_loader:load_asset:195 - Загружено 500 свечей для VJGZ (stock)
2026-10-08 15:45:18.241 | DEBUG    | src.moex_loader:_fetch_page:48 - Запрос: https://iss.moex.com/iss/engines/stock/markets/shares/boards/TQBR/securities/VJGZP/candles.json?from=2023-10-09&till=2026-10-08&interval=24&iss.meta=off&start=0
2026-10-08 15:45:19.249 | INFO     | src.database:insert_raw_candles:110 - Вставлено 500 записей в raw_candles
2026-10-08 15:45:19.250 | INFO     | src.database:upsert_meta:149 - Мета-информация обновлена для VJGZP
2026-10-08 15:45:19.250 | INFO     | src.moex_loader:load_asset:195 - Загружено 500 свечей для VJGZP (stock)
2026-10-08 15:45:19.251 | DEBUG    | src.moex_loader:_fetch_page:48 - Запрос: https://iss.moex.com/iss/engines/stock/markets/shares/boards/TQBR/securities/VKCO/candles.json?from=2023-10-09&till=2026-10-08&interval=24&iss.meta=off&start=0
2026-10-08 15:45:20.344 | INFO     | src.database:insert_raw_candles:110 - Вставлено 500 записей в raw_candles
2026-10-08 15:45:20.345 | INFO     | src.database:upsert_meta:149 - Мета-информация обновлена для VKCO
2026-10-08 15:45:20.345 | INFO     | src.moex_loader:load_asset:195 - Загружено 500 свечей для VKCO (stock)
2026-10-08 15:45:20.346 | DEBUG    | src.moex_loader:_fetch_page:48 - Запрос: https://iss.moex.com/iss/engines/stock/markets/shares/boards/TQBR/securities/VLHZ/candles.json?from=2023-10-09&till=2026-10-08&interval=24&iss.meta=off&start=0
2026-10-08 15:45:21.339 | INFO     | src.database:insert_raw_candles:110 - Вставлено 500 записей в raw_candles
2026-10-08 15:45:21.340 | INFO     | src.database:upsert_meta:149 - Мета-информация обновлена для VLHZ
2026-10-08 15:45:21.340 | INFO     | src.moex_loader:load_asset:195 - Загружено 500 свечей для VLHZ (stock)
2026-10-08 15:45:21.340 | DEBUG    | src.moex_loader:_fetch_page:48 - Запрос: https://iss.moex.com/iss/engines/stock/markets/shares/boards/TQBR/securities/VRSB/candles.json?from=2023-10-09&till=2026-10-08&interval=24&iss.meta=off&start=0
2026-10-08 15:45:22.726 | INFO     | src.database:insert_raw_candles:110 - Вставлено 500 записей в raw_candles
2026-10-08 15:45:22.727 | INFO     | src.database:upsert_meta:149 - Мета-информация обновлена для VRSB
2026-10-08 15:45:22.727 | INFO     | src.moex_loader:load_asset:195 - Загружено 500 свечей для VRSB (stock)
2026-10-08 15:45:22.727 | DEBUG    | src.moex_loader:_fetch_page:48 - Запрос: https://iss.moex.com/iss/engines/stock/markets/shares/boards/TQBR/securities/VRSBP/candles.json?from=2023-10-09&till=2026-10-08&interval=24&iss.meta=off&start=0
2026-10-08 15:45:23.769 | INFO     | src.database:insert_raw_candles:110 - Вставлено 500 записей в raw_candles
2026-10-08 15:45:23.770 | INFO     | src.database:upsert_meta:149 - Мета-информация обновлена для VRSBP
2026-10-08 15:45:23.770 | INFO     | src.moex_loader:load_asset:195 - Загружено 500 свечей для VRSBP (stock)
2026-10-08 15:45:23.771 | DEBUG    | src.moex_loader:_fetch_page:48 - Запрос: https://iss.moex.com/iss/engines/stock/markets/shares/boards/TQBR/securities/VSEH/candles.json?from=2023-10-09&till=2026-10-08&interval=24&iss.meta=off&start=0
2026-10-08 15:45:24.967 | INFO     | src.database:insert_raw_candles:110 - Вставлено 500 записей в raw_candles
2026-10-08 15:45:24.968 | INFO     | src.database:upsert_meta:149 - Мета-информация обновлена для VSEH
2026-10-08 15:45:24.968 | INFO     | src.moex_loader:load_asset:195 - Загружено 500 свечей для VSEH (stock)
2026-10-08 15:45:24.968 | DEBUG    | src.moex_loader:_fetch_page:48 - Запрос: https://iss.moex.com/iss/engines/stock/markets/shares/boards/TQBR/securities/VSMO/candles.json?from=2023-10-09&till=2026-10-08&interval=24&iss.meta=off&start=0
2026-10-08 15:45:26.178 | INFO     | src.database:insert_raw_candles:110 - Вставлено 500 записей в raw_candles
2026-10-08 15:45:26.179 | INFO     | src.database:upsert_meta:149 - Мета-информация обновлена для VSMO
2026-10-08 15:45:26.179 | INFO     | src.moex_loader:load_asset:195 - Загружено 500 свечей для VSMO (stock)
2026-10-08 15:45:26.180 | DEBUG    | src.moex_loader:_fetch_page:48 - Запрос: https://iss.moex.com/iss/engines/stock/markets/shares/boards/TQBR/securities/VSYD/candles.json?from=2023-10-09&till=2026-10-08&interval=24&iss.meta=off&start=0
2026-10-08 15:45:27.198 | INFO     | src.database:insert_raw_candles:110 - Вставлено 500 записей в raw_candles
2026-10-08 15:45:27.199 | INFO     | src.database:upsert_meta:149 - Мета-информация обновлена для VSYD
2026-10-08 15:45:27.199 | INFO     | src.moex_loader:load_asset:195 - Загружено 500 свечей для VSYD (stock)
2026-10-08 15:45:27.199 | DEBUG    | src.moex_loader:_fetch_page:48 - Запрос: https://iss.moex.com/iss/engines/stock/markets/shares/boards/TQBR/securities/VSYDP/candles.json?from=2023-10-09&till=2026-10-08&interval=24&iss.meta=off&start=0
2026-10-08 15:45:28.181 | INFO     | src.database:insert_raw_candles:110 - Вставлено 500 записей в raw_candles
2026-10-08 15:45:28.182 | INFO     | src.database:upsert_meta:149 - Мета-информация обновлена для VSYDP
2026-10-08 15:45:28.182 | INFO     | src.moex_loader:load_asset:195 - Загружено 500 свечей для VSYDP (stock)
2026-10-08 15:45:28.182 | DEBUG    | src.moex_loader:_fetch_page:48 - Запрос: https://iss.moex.com/iss/engines/stock/markets/shares/boards/TQBR/securities/VTBR/candles.json?from=2025-06-20&till=2026-10-08&interval=24&iss.meta=off&start=0
2026-10-08 15:45:29.421 | INFO     | src.database:insert_raw_candles:110 - Вставлено 436 записей в raw_candles
2026-10-08 15:45:29.422 | INFO     | src.database:upsert_meta:149 - Мета-информация обновлена для VTBR
2026-10-08 15:45:29.422 | INFO     | src.moex_loader:load_asset:195 - Загружено 436 свечей для VTBR (stock)
2026-10-08 15:45:29.422 | DEBUG    | src.moex_loader:_fetch_page:48 - Запрос: https://iss.moex.com/iss/engines/stock/markets/shares/boards/TQBR/securities/WTCM/candles.json?from=2023-10-09&till=2026-10-08&interval=24&iss.meta=off&start=0
2026-10-08 15:45:30.419 | INFO     | src.database:insert_raw_candles:110 - Вставлено 500 записей в raw_candles
2026-10-08 15:45:30.419 | INFO     | src.database:upsert_meta:149 - Мета-информация обновлена для WTCM
2026-10-08 15:45:30.420 | INFO     | src.moex_loader:load_asset:195 - Загружено 500 свечей для WTCM (stock)
2026-10-08 15:45:30.420 | DEBUG    | src.moex_loader:_fetch_page:48 - Запрос: https://iss.moex.com/iss/engines/stock/markets/shares/boards/TQBR/securities/WTCMP/candles.json?from=2023-10-09&till=2026-10-08&interval=24&iss.meta=off&start=0
2026-10-08 15:45:31.412 | INFO     | src.database:insert_raw_candles:110 - Вставлено 500 записей в raw_candles
2026-10-08 15:45:31.413 | INFO     | src.database:upsert_meta:149 - Мета-информация обновлена для WTCMP
2026-10-08 15:45:31.413 | INFO     | src.moex_loader:load_asset:195 - Загружено 500 свечей для WTCMP (stock)
2026-10-08 15:45:31.413 | DEBUG    | src.moex_loader:_fetch_page:48 - Запрос: https://iss.moex.com/iss/engines/stock/markets/shares/boards/TQBR/securities/WUSH/candles.json?from=2023-10-09&till=2026-10-08&interval=24&iss.meta=off&start=0
2026-10-08 15:45:32.510 | INFO     | src.database:insert_raw_candles:110 - Вставлено 500 записей в raw_candles
2026-10-08 15:45:32.511 | INFO     | src.database:upsert_meta:149 - Мета-информация обновлена для WUSH
2026-10-08 15:45:32.511 | INFO     | src.moex_loader:load_asset:195 - Загружено 500 свечей для WUSH (stock)
2026-10-08 15:45:32.512 | DEBUG    | src.moex_loader:_fetch_page:48 - Запрос: https://iss.moex.com/iss/engines/stock/markets/shares/boards/TQBR/securities/X5/candles.json?from=2026-07-14&till=2026-10-08&interval=24&iss.meta=off&start=0
2026-10-08 15:45:33.318 | INFO     | src.database:insert_raw_candles:110 - Вставлено 81 записей в raw_candles
2026-10-08 15:45:33.318 | INFO     | src.database:upsert_meta:149 - Мета-информация обновлена для X5
2026-10-08 15:45:33.318 | INFO     | src.moex_loader:load_asset:195 - Загружено 81 свечей для X5 (stock)
2026-10-08 15:45:33.319 | DEBUG    | src.moex_loader:_fetch_page:48 - Запрос: https://iss.moex.com/iss/engines/stock/markets/shares/boards/TQBR/securities/YAKG/candles.json?from=2023-10-09&till=2026-10-08&interval=24&iss.meta=off&start=0
2026-10-08 15:45:34.332 | INFO     | src.database:insert_raw_candles:110 - Вставлено 500 записей в raw_candles
2026-10-08 15:45:34.333 | INFO     | src.database:upsert_meta:149 - Мета-информация обновлена для YAKG
2026-10-08 15:45:34.333 | INFO     | src.moex_loader:load_asset:195 - Загружено 500 свечей для YAKG (stock)
2026-10-08 15:45:34.333 | DEBUG    | src.moex_loader:_fetch_page:48 - Запрос: https://iss.moex.com/iss/engines/stock/markets/shares/boards/TQBR/securities/YDEX/candles.json?from=2026-03-18&till=2026-10-08&interval=24&iss.meta=off&start=0
2026-10-08 15:45:35.622 | INFO     | src.database:insert_raw_candles:110 - Вставлено 193 записей в raw_candles
2026-10-08 15:45:35.623 | INFO     | src.database:upsert_meta:149 - Мета-информация обновлена для YDEX
2026-10-08 15:45:35.623 | INFO     | src.moex_loader:load_asset:195 - Загружено 193 свечей для YDEX (stock)
2026-10-08 15:45:35.624 | DEBUG    | src.moex_loader:_fetch_page:48 - Запрос: https://iss.moex.com/iss/engines/stock/markets/shares/boards/TQBR/securities/YKEN/candles.json?from=2023-10-09&till=2026-10-08&interval=24&iss.meta=off&start=0
2026-10-08 15:45:37.025 | INFO     | src.database:insert_raw_candles:110 - Вставлено 500 записей в raw_candles
2026-10-08 15:45:37.025 | INFO     | src.database:upsert_meta:149 - Мета-информация обновлена для YKEN
2026-10-08 15:45:37.026 | INFO     | src.moex_loader:load_asset:195 - Загружено 500 свечей для YKEN (stock)
2026-10-08 15:45:37.026 | DEBUG    | src.moex_loader:_fetch_page:48 - Запрос: https://iss.moex.com/iss/engines/stock/markets/shares/boards/TQBR/securities/YKENP/candles.json?from=2023-10-09&till=2026-10-08&interval=24&iss.meta=off&start=0
2026-10-08 15:45:38.296 | INFO     | src.database:insert_raw_candles:110 - Вставлено 500 записей в raw_candles
2026-10-08 15:45:38.296 | INFO     | src.database:upsert_meta:149 - Мета-информация обновлена для YKENP
2026-10-08 15:45:38.296 | INFO     | src.moex_loader:load_asset:195 - Загружено 500 свечей для YKENP (stock)
2026-10-08 15:45:38.297 | DEBUG    | src.moex_loader:_fetch_page:48 - Запрос: https://iss.moex.com/iss/engines/stock/markets/shares/boards/TQBR/securities/YRSB/candles.json?from=2023-10-09&till=2026-10-08&interval=24&iss.meta=off&start=0
2026-10-08 15:45:39.288 | INFO     | src.database:insert_raw_candles:110 - Вставлено 500 записей в raw_candles
2026-10-08 15:45:39.289 | INFO     | src.database:upsert_meta:149 - Мета-информация обновлена для YRSB
2026-10-08 15:45:39.289 | INFO     | src.moex_loader:load_asset:195 - Загружено 500 свечей для YRSB (stock)
2026-10-08 15:45:39.289 | DEBUG    | src.moex_loader:_fetch_page:48 - Запрос: https://iss.moex.com/iss/engines/stock/markets/shares/boards/TQBR/securities/YRSBP/candles.json?from=2023-10-09&till=2026-10-08&interval=24&iss.meta=off&start=0
2026-10-08 15:45:40.851 | INFO     | src.database:insert_raw_candles:110 - Вставлено 500 записей в raw_candles
2026-10-08 15:45:40.851 | INFO     | src.database:upsert_meta:149 - Мета-информация обновлена для YRSBP
2026-10-08 15:45:40.852 | INFO     | src.moex_loader:load_asset:195 - Загружено 500 свечей для YRSBP (stock)
2026-10-08 15:45:40.852 | DEBUG    | src.moex_loader:_fetch_page:48 - Запрос: https://iss.moex.com/iss/engines/stock/markets/shares/boards/TQBR/securities/ZAYM/candles.json?from=2023-10-09&till=2026-10-08&interval=24&iss.meta=off&start=0
2026-10-08 15:45:41.835 | INFO     | src.database:insert_raw_candles:110 - Вставлено 500 записей в raw_candles
2026-10-08 15:45:41.836 | INFO     | src.database:upsert_meta:149 - Мета-информация обновлена для ZAYM
2026-10-08 15:45:41.836 | INFO     | src.moex_loader:load_asset:195 - Загружено 500 свечей для ZAYM (stock)
2026-10-08 15:45:41.836 | DEBUG    | src.moex_loader:_fetch_page:48 - Запрос: https://iss.moex.com/iss/engines/stock/markets/shares/boards/TQBR/securities/ZILL/candles.json?from=2023-10-09&till=2026-10-08&interval=24&iss.meta=off&start=0
2026-10-08 15:45:42.792 | INFO     | src.database:insert_raw_candles:110 - Вставлено 500 записей в raw_candles
2026-10-08 15:45:42.793 | INFO     | src.database:upsert_meta:149 - Мета-информация обновлена для ZILL
2026-10-08 15:45:42.793 | INFO     | src.moex_loader:load_asset:195 - Загружено 500 свечей для ZILL (stock)
2026-10-08 15:45:42.793 | DEBUG    | src.moex_loader:_fetch_page:48 - Запрос: https://iss.moex.com/iss/engines/stock/markets/shares/boards/TQBR/securities/ZVEZ/candles.json?from=2023-10-09&till=2026-10-08&interval=24&iss.meta=off&start=0
2026-10-08 15:45:43.993 | INFO     | src.database:insert_raw_candles:110 - Вставлено 500 записей в raw_candles
2026-10-08 15:45:43.994 | INFO     | src.database:upsert_meta:149 - Мета-информация обновлена для ZVEZ
2026-10-08 15:45:43.994 | INFO     | src.moex_loader:load_asset:195 - Загружено 500 свечей для ZVEZ (stock)
2026-10-08 15:45:43.995 | DEBUG    | src.moex_loader:_fetch_page:48 - Запрос: https://iss.moex.com/iss/engines/futures/markets/forts/securities/SiZ6/candles.json?from=2026-10-01&till=2026-10-08&interval=24&iss.meta=off&start=0
2026-10-08 15:45:44.779 | INFO     | src.database:insert_raw_candles:110 - Вставлено 6 записей в raw_candles
2026-10-08 15:45:44.779 | INFO     | src.database:upsert_meta:149 - Мета-информация обновлена для SiZ6
2026-10-08 15:45:44.779 | INFO     | src.moex_loader:load_asset:195 - Загружено 6 свечей для SiZ6 (futures)
2026-10-08 15:45:44.780 | DEBUG    | src.moex_loader:_fetch_page:48 - Запрос: https://iss.moex.com/iss/engines/futures/markets/forts/securities/CRZ6/candles.json?from=2023-10-09&till=2026-10-08&interval=24&iss.meta=off&start=0
2026-10-08 15:45:45.585 | INFO     | src.database:insert_raw_candles:110 - Вставлено 331 записей в raw_candles
2026-10-08 15:45:45.586 | INFO     | src.database:upsert_meta:149 - Мета-информация обновлена для CRZ6
2026-10-08 15:45:45.586 | INFO     | src.moex_loader:load_asset:195 - Загружено 331 свечей для CRZ6 (futures)
2026-10-08 15:45:45.586 | DEBUG    | src.moex_loader:_fetch_page:48 - Запрос: https://iss.moex.com/iss/engines/futures/markets/forts/securities/UCZ6/candles.json?from=2023-10-09&till=2026-10-08&interval=24&iss.meta=off&start=0
2026-10-08 15:45:46.372 | INFO     | src.database:insert_raw_candles:110 - Вставлено 116 записей в raw_candles
2026-10-08 15:45:46.373 | INFO     | src.database:upsert_meta:149 - Мета-информация обновлена для UCZ6
2026-10-08 15:45:46.373 | INFO     | src.moex_loader:load_asset:195 - Загружено 116 свечей для UCZ6 (futures)
2026-10-08 15:45:46.373 | DEBUG    | src.moex_loader:_fetch_page:48 - Запрос: https://iss.moex.com/iss/engines/futures/markets/forts/securities/EDZ6/candles.json?from=2023-10-09&till=2026-10-08&interval=24&iss.meta=off&start=0
2026-10-08 15:45:47.432 | INFO     | src.database:insert_raw_candles:110 - Вставлено 178 записей в raw_candles
2026-10-08 15:45:47.432 | INFO     | src.database:upsert_meta:149 - Мета-информация обновлена для EDZ6
2026-10-08 15:45:47.432 | INFO     | src.moex_loader:load_asset:195 - Загружено 178 свечей для EDZ6 (futures)
2026-10-08 15:45:47.433 | DEBUG    | src.moex_loader:_fetch_page:48 - Запрос: https://iss.moex.com/iss/engines/futures/markets/forts/securities/UMZ6/candles.json?from=2023-10-09&till=2026-10-08&interval=24&iss.meta=off&start=0
2026-10-08 15:45:48.272 | INFO     | src.database:insert_raw_candles:110 - Вставлено 87 записей в raw_candles
2026-10-08 15:45:48.272 | INFO     | src.database:upsert_meta:149 - Мета-информация обновлена для UMZ6
2026-10-08 15:45:48.272 | INFO     | src.moex_loader:load_asset:195 - Загружено 87 свечей для UMZ6 (futures)
2026-10-08 15:45:48.273 | DEBUG    | src.moex_loader:_fetch_page:48 - Запрос: https://iss.moex.com/iss/engines/futures/markets/forts/securities/USDRUBF/candles.json?from=2023-10-09&till=2026-10-08&interval=24&iss.meta=off&start=0
2026-10-08 15:45:49.251 | INFO     | src.database:insert_raw_candles:110 - Вставлено 500 записей в raw_candles
2026-10-08 15:45:49.251 | INFO     | src.database:upsert_meta:149 - Мета-информация обновлена для USDRUBF
2026-10-08 15:45:49.251 | INFO     | src.moex_loader:load_asset:195 - Загружено 500 свечей для USDRUBF (futures)
2026-10-08 15:45:49.252 | DEBUG    | src.moex_loader:_fetch_page:48 - Запрос: https://iss.moex.com/iss/engines/futures/markets/forts/securities/EURRUBF/candles.json?from=2023-10-09&till=2026-10-08&interval=24&iss.meta=off&start=0
2026-10-08 15:45:50.415 | INFO     | src.database:insert_raw_candles:110 - Вставлено 500 записей в raw_candles
2026-10-08 15:45:50.416 | INFO     | src.database:upsert_meta:149 - Мета-информация обновлена для EURRUBF
2026-10-08 15:45:50.416 | INFO     | src.moex_loader:load_asset:195 - Загружено 500 свечей для EURRUBF (futures)
2026-10-08 15:45:50.417 | DEBUG    | src.moex_loader:_fetch_page:48 - Запрос: https://iss.moex.com/iss/engines/futures/markets/forts/securities/CNYRUBF/candles.json?from=2023-10-09&till=2026-10-08&interval=24&iss.meta=off&start=0
2026-10-08 15:45:51.513 | INFO     | src.database:insert_raw_candles:110 - Вставлено 500 записей в raw_candles
2026-10-08 15:45:51.514 | INFO     | src.database:upsert_meta:149 - Мета-информация обновлена для CNYRUBF
2026-10-08 15:45:51.514 | INFO     | src.moex_loader:load_asset:195 - Загружено 500 свечей для CNYRUBF (futures)
2026-10-08 15:45:51.514 | DEBUG    | src.moex_loader:_fetch_page:48 - Запрос: https://iss.moex.com/iss/engines/futures/markets/forts/securities/SRZ6/candles.json?from=2023-10-09&till=2026-10-08&interval=24&iss.meta=off&start=0
2026-10-08 15:45:52.339 | INFO     | src.database:insert_raw_candles:110 - Вставлено 197 записей в raw_candles
2026-10-08 15:45:52.340 | INFO     | src.database:upsert_meta:149 - Мета-информация обновлена для SRZ6
2026-10-08 15:45:52.340 | INFO     | src.moex_loader:load_asset:195 - Загружено 197 свечей для SRZ6 (futures)
2026-10-08 15:45:52.340 | DEBUG    | src.moex_loader:_fetch_page:48 - Запрос: https://iss.moex.com/iss/engines/futures/markets/forts/securities/KKZ6/candles.json?from=2023-10-09&till=2026-10-08&interval=24&iss.meta=off&start=0
2026-10-08 15:45:53.143 | INFO     | src.database:insert_raw_candles:110 - Вставлено 6 записей в raw_candles
2026-10-08 15:45:53.144 | INFO     | src.database:upsert_meta:149 - Мета-информация обновлена для KKZ6
2026-10-08 15:45:53.144 | INFO     | src.moex_loader:load_asset:195 - Загружено 6 свечей для KKZ6 (futures)
2026-10-08 15:45:53.145 | DEBUG    | src.moex_loader:_fetch_page:48 - Запрос: https://iss.moex.com/iss/engines/futures/markets/forts/securities/MXZ6/candles.json?from=2026-10-01&till=2026-10-08&interval=24&iss.meta=off&start=0
2026-10-08 15:45:54.555 | INFO     | src.database:insert_raw_candles:110 - Вставлено 6 записей в raw_candles
2026-10-08 15:45:54.555 | INFO     | src.database:upsert_meta:149 - Мета-информация обновлена для MXZ6
2026-10-08 15:45:54.555 | INFO     | src.moex_loader:load_asset:195 - Загружено 6 свечей для MXZ6 (futures)
2026-10-08 15:45:54.556 | DEBUG    | src.moex_loader:_fetch_page:48 - Запрос: https://iss.moex.com/iss/engines/futures/markets/forts/securities/MMZ6/candles.json?from=2023-10-09&till=2026-10-08&interval=24&iss.meta=off&start=0
2026-10-08 15:45:55.548 | INFO     | src.database:insert_raw_candles:110 - Вставлено 477 записей в raw_candles
2026-10-08 15:45:55.549 | INFO     | src.database:upsert_meta:149 - Мета-информация обновлена для MMZ6
2026-10-08 15:45:55.549 | INFO     | src.moex_loader:load_asset:195 - Загружено 477 свечей для MMZ6 (futures)
2026-10-08 15:45:55.550 | DEBUG    | src.moex_loader:_fetch_page:48 - Запрос: https://iss.moex.com/iss/engines/futures/markets/forts/securities/RIZ6/candles.json?from=2023-10-09&till=2026-10-08&interval=24&iss.meta=off&start=0
2026-10-08 15:45:56.361 | INFO     | src.database:insert_raw_candles:110 - Вставлено 295 записей в raw_candles
2026-10-08 15:45:56.361 | INFO     | src.database:upsert_meta:149 - Мета-информация обновлена для RIZ6
2026-10-08 15:45:56.361 | INFO     | src.moex_loader:load_asset:195 - Загружено 295 свечей для RIZ6 (futures)
2026-10-08 15:45:56.362 | DEBUG    | src.moex_loader:_fetch_page:48 - Запрос: https://iss.moex.com/iss/engines/futures/markets/forts/securities/RBZ6/candles.json?from=2023-10-09&till=2026-10-08&interval=24&iss.meta=off&start=0
2026-10-08 15:45:57.297 | INFO     | src.database:insert_raw_candles:110 - Вставлено 223 записей в raw_candles
2026-10-08 15:45:57.298 | INFO     | src.database:upsert_meta:149 - Мета-информация обновлена для RBZ6
2026-10-08 15:45:57.298 | INFO     | src.moex_loader:load_asset:195 - Загружено 223 свечей для RBZ6 (futures)
2026-10-08 15:45:57.298 | DEBUG    | src.moex_loader:_fetch_page:48 - Запрос: https://iss.moex.com/iss/engines/futures/markets/forts/securities/RGBIF/candles.json?from=2023-10-09&till=2026-10-08&interval=24&iss.meta=off&start=0
2026-10-08 15:45:58.206 | INFO     | src.database:insert_raw_candles:110 - Вставлено 201 записей в raw_candles
2026-10-08 15:45:58.207 | INFO     | src.database:upsert_meta:149 - Мета-информация обновлена для RGBIF
2026-10-08 15:45:58.207 | INFO     | src.moex_loader:load_asset:195 - Загружено 201 свечей для RGBIF (futures)
2026-10-08 15:45:58.207 | DEBUG    | src.moex_loader:_fetch_page:48 - Запрос: https://iss.moex.com/iss/engines/futures/markets/forts/securities/IMOEXF/candles.json?from=2023-10-09&till=2026-10-08&interval=24&iss.meta=off&start=0
2026-10-08 15:45:59.191 | INFO     | src.database:insert_raw_candles:110 - Вставлено 500 записей в raw_candles
2026-10-08 15:45:59.192 | INFO     | src.database:upsert_meta:149 - Мета-информация обновлена для IMOEXF
2026-10-08 15:45:59.192 | INFO     | src.moex_loader:load_asset:195 - Загружено 500 свечей для IMOEXF (futures)
2026-10-08 15:45:59.193 | DEBUG    | src.moex_loader:_fetch_page:48 - Запрос: https://iss.moex.com/iss/engines/futures/markets/forts/securities/SFZ6/candles.json?from=2023-10-09&till=2026-10-08&interval=24&iss.meta=off&start=0
2026-10-08 15:46:00.178 | INFO     | src.database:insert_raw_candles:110 - Вставлено 204 записей в raw_candles
2026-10-08 15:46:00.178 | INFO     | src.database:upsert_meta:149 - Мета-информация обновлена для SFZ6
2026-10-08 15:46:00.178 | INFO     | src.moex_loader:load_asset:195 - Загружено 204 свечей для SFZ6 (futures)
2026-10-08 15:46:00.179 | DEBUG    | src.moex_loader:_fetch_page:48 - Запрос: https://iss.moex.com/iss/engines/futures/markets/forts/securities/NAZ6/candles.json?from=2023-10-09&till=2026-10-08&interval=24&iss.meta=off&start=0
2026-10-08 15:46:00.991 | INFO     | src.database:insert_raw_candles:110 - Вставлено 208 записей в raw_candles
2026-10-08 15:46:00.992 | INFO     | src.database:upsert_meta:149 - Мета-информация обновлена для NAZ6
2026-10-08 15:46:00.992 | INFO     | src.moex_loader:load_asset:195 - Загружено 208 свечей для NAZ6 (futures)
2026-10-08 15:46:00.992 | DEBUG    | src.moex_loader:_fetch_page:48 - Запрос: https://iss.moex.com/iss/engines/futures/markets/forts/securities/DJZ6/candles.json?from=2023-10-09&till=2026-10-08&interval=24&iss.meta=off&start=0
2026-10-08 15:46:01.776 | INFO     | src.database:insert_raw_candles:110 - Вставлено 50 записей в raw_candles
2026-10-08 15:46:01.777 | INFO     | src.database:upsert_meta:149 - Мета-информация обновлена для DJZ6
2026-10-08 15:46:01.777 | INFO     | src.moex_loader:load_asset:195 - Загружено 50 свечей для DJZ6 (futures)
2026-10-08 15:46:01.778 | DEBUG    | src.moex_loader:_fetch_page:48 - Запрос: https://iss.moex.com/iss/engines/futures/markets/forts/securities/BRZ6/candles.json?from=2026-10-01&till=2026-10-08&interval=24&iss.meta=off&start=0
2026-10-08 15:46:02.581 | INFO     | src.database:insert_raw_candles:110 - Вставлено 6 записей в raw_candles
2026-10-08 15:46:02.582 | INFO     | src.database:upsert_meta:149 - Мета-информация обновлена для BRZ6
2026-10-08 15:46:02.582 | INFO     | src.moex_loader:load_asset:195 - Загружено 6 свечей для BRZ6 (futures)
2026-10-08 15:46:02.583 | DEBUG    | src.moex_loader:_fetch_page:48 - Запрос: https://iss.moex.com/iss/engines/futures/markets/forts/securities/BRX6/candles.json?from=2023-10-09&till=2026-10-08&interval=24&iss.meta=off&start=0
2026-10-08 15:46:03.410 | INFO     | src.database:insert_raw_candles:110 - Вставлено 141 записей в raw_candles
2026-10-08 15:46:03.411 | INFO     | src.database:upsert_meta:149 - Мета-информация обновлена для BRX6
2026-10-08 15:46:03.411 | INFO     | src.moex_loader:load_asset:195 - Загружено 141 свечей для BRX6 (futures)
2026-10-08 15:46:03.412 | DEBUG    | src.moex_loader:_fetch_page:48 - Запрос: https://iss.moex.com/iss/engines/futures/markets/forts/securities/WTZ6/candles.json?from=2023-10-09&till=2026-10-08&interval=24&iss.meta=off&start=0
2026-10-08 15:46:04.261 | INFO     | src.database:insert_raw_candles:110 - Вставлено 1 записей в raw_candles
2026-10-08 15:46:04.262 | INFO     | src.database:upsert_meta:149 - Мета-информация обновлена для WTZ6
2026-10-08 15:46:04.262 | INFO     | src.moex_loader:load_asset:195 - Загружено 1 свечей для WTZ6 (futures)
2026-10-08 15:46:04.263 | DEBUG    | src.moex_loader:_fetch_page:48 - Запрос: https://iss.moex.com/iss/engines/futures/markets/forts/securities/NGZ6/candles.json?from=2023-10-09&till=2026-10-08&interval=24&iss.meta=off&start=0
2026-10-08 15:46:05.099 | INFO     | src.database:insert_raw_candles:110 - Вставлено 101 записей в raw_candles
2026-10-08 15:46:05.100 | INFO     | src.database:upsert_meta:149 - Мета-информация обновлена для NGZ6
2026-10-08 15:46:05.100 | INFO     | src.moex_loader:load_asset:195 - Загружено 101 свечей для NGZ6 (futures)
2026-10-08 15:46:05.100 | DEBUG    | src.moex_loader:_fetch_page:48 - Запрос: https://iss.moex.com/iss/engines/futures/markets/forts/securities/NRZ6/candles.json?from=2023-10-09&till=2026-10-08&interval=24&iss.meta=off&start=0
2026-10-08 15:46:06.483 | INFO     | src.database:insert_raw_candles:110 - Вставлено 102 записей в raw_candles
2026-10-08 15:46:06.483 | INFO     | src.database:upsert_meta:149 - Мета-информация обновлена для NRZ6
2026-10-08 15:46:06.483 | INFO     | src.moex_loader:load_asset:195 - Загружено 102 свечей для NRZ6 (futures)
2026-10-08 15:46:06.484 | DEBUG    | src.moex_loader:_fetch_page:48 - Запрос: https://iss.moex.com/iss/engines/futures/markets/forts/securities/GZZ6/candles.json?from=2023-10-09&till=2026-10-08&interval=24&iss.meta=off&start=0
2026-10-08 15:46:07.484 | INFO     | src.database:insert_raw_candles:110 - Вставлено 212 записей в raw_candles
2026-10-08 15:46:07.484 | INFO     | src.database:upsert_meta:149 - Мета-информация обновлена для GZZ6
2026-10-08 15:46:07.484 | INFO     | src.moex_loader:load_asset:195 - Загружено 212 свечей для GZZ6 (futures)
2026-10-08 15:46:07.485 | DEBUG    | src.moex_loader:_fetch_page:48 - Запрос: https://iss.moex.com/iss/engines/futures/markets/forts/securities/GDZ6/candles.json?from=2026-10-01&till=2026-10-08&interval=24&iss.meta=off&start=0
2026-10-08 15:46:08.300 | INFO     | src.database:insert_raw_candles:110 - Вставлено 6 записей в raw_candles
2026-10-08 15:46:08.301 | INFO     | src.database:upsert_meta:149 - Мета-информация обновлена для GDZ6
2026-10-08 15:46:08.301 | INFO     | src.moex_loader:load_asset:195 - Загружено 6 свечей для GDZ6 (futures)
2026-10-08 15:46:08.301 | DEBUG    | src.moex_loader:_fetch_page:48 - Запрос: https://iss.moex.com/iss/engines/futures/markets/forts/securities/GLZ6/candles.json?from=2023-10-09&till=2026-10-08&interval=24&iss.meta=off&start=0
2026-10-08 15:46:09.136 | INFO     | src.database:insert_raw_candles:110 - Вставлено 208 записей в raw_candles
2026-10-08 15:46:09.136 | INFO     | src.database:upsert_meta:149 - Мета-информация обновлена для GLZ6
2026-10-08 15:46:09.137 | INFO     | src.moex_loader:load_asset:195 - Загружено 208 свечей для GLZ6 (futures)
2026-10-08 15:46:09.137 | DEBUG    | src.moex_loader:_fetch_page:48 - Запрос: https://iss.moex.com/iss/engines/futures/markets/forts/securities/GLDRUBF/candles.json?from=2023-10-09&till=2026-10-08&interval=24&iss.meta=off&start=0
2026-10-08 15:46:10.193 | INFO     | src.database:insert_raw_candles:110 - Вставлено 500 записей в raw_candles
2026-10-08 15:46:10.193 | INFO     | src.database:upsert_meta:149 - Мета-информация обновлена для GLDRUBF
2026-10-08 15:46:10.193 | INFO     | src.moex_loader:load_asset:195 - Загружено 500 свечей для GLDRUBF (futures)
2026-10-08 15:46:10.194 | DEBUG    | src.moex_loader:_fetch_page:48 - Запрос: https://iss.moex.com/iss/engines/futures/markets/forts/securities/SVZ6/candles.json?from=2023-10-09&till=2026-10-08&interval=24&iss.meta=off&start=0
2026-10-08 15:46:11.193 | INFO     | src.database:insert_raw_candles:110 - Вставлено 212 записей в raw_candles
2026-10-08 15:46:11.194 | INFO     | src.database:upsert_meta:149 - Мета-информация обновлена для SVZ6
2026-10-08 15:46:11.194 | INFO     | src.moex_loader:load_asset:195 - Загружено 212 свечей для SVZ6 (futures)
2026-10-08 15:46:11.194 | DEBUG    | src.moex_loader:_fetch_page:48 - Запрос: https://iss.moex.com/iss/engines/futures/markets/forts/securities/SLVRUBF/candles.json?from=2023-10-09&till=2026-10-08&interval=24&iss.meta=off&start=0
2026-10-08 15:46:12.167 | INFO     | src.database:insert_raw_candles:110 - Вставлено 136 записей в raw_candles
2026-10-08 15:46:12.168 | INFO     | src.database:upsert_meta:149 - Мета-информация обновлена для SLVRUBF
2026-10-08 15:46:12.168 | INFO     | src.moex_loader:load_asset:195 - Загружено 136 свечей для SLVRUBF (futures)
2026-10-08 15:46:12.168 | DEBUG    | src.moex_loader:_fetch_page:48 - Запрос: https://iss.moex.com/iss/engines/futures/markets/forts/securities/PDZ6/candles.json?from=2023-10-09&till=2026-10-08&interval=24&iss.meta=off&start=0
2026-10-08 15:46:12.970 | INFO     | src.database:insert_raw_candles:110 - Вставлено 207 записей в raw_candles
2026-10-08 15:46:12.971 | INFO     | src.database:upsert_meta:149 - Мета-информация обновлена для PDZ6
2026-10-08 15:46:12.971 | INFO     | src.moex_loader:load_asset:195 - Загружено 207 свечей для PDZ6 (futures)
2026-10-08 15:46:12.972 | DEBUG    | src.moex_loader:_fetch_page:48 - Запрос: https://iss.moex.com/iss/engines/futures/markets/forts/securities/PTZ6/candles.json?from=2023-10-09&till=2026-10-08&interval=24&iss.meta=off&start=0
2026-10-08 15:46:13.749 | INFO     | src.database:insert_raw_candles:110 - Вставлено 205 записей в raw_candles
2026-10-08 15:46:13.750 | INFO     | src.database:upsert_meta:149 - Мета-информация обновлена для PTZ6
2026-10-08 15:46:13.750 | INFO     | src.moex_loader:load_asset:195 - Загружено 205 свечей для PTZ6 (futures)
2026-10-08 15:46:13.751 | DEBUG    | src.moex_loader:_fetch_page:48 - Запрос: https://iss.moex.com/iss/engines/futures/markets/forts/securities/LDZ6/candles.json?from=2023-10-09&till=2026-10-08&interval=24&iss.meta=off&start=0
2026-10-08 15:46:14.548 | INFO     | src.database:insert_raw_candles:110 - Вставлено 142 записей в raw_candles
2026-10-08 15:46:14.549 | INFO     | src.database:upsert_meta:149 - Мета-информация обновлена для LDZ6
2026-10-08 15:46:14.549 | INFO     | src.moex_loader:load_asset:195 - Загружено 142 свечей для LDZ6 (futures)
2026-10-08 15:46:14.549 | DEBUG    | src.moex_loader:_fetch_page:48 - Запрос: https://iss.moex.com/iss/engines/futures/markets/forts/securities/LTZ6/candles.json?from=2023-10-09&till=2026-10-08&interval=24&iss.meta=off&start=0
2026-10-08 15:46:15.343 | INFO     | src.database:insert_raw_candles:110 - Вставлено 147 записей в raw_candles
2026-10-08 15:46:15.343 | INFO     | src.database:upsert_meta:149 - Мета-информация обновлена для LTZ6
2026-10-08 15:46:15.343 | INFO     | src.moex_loader:load_asset:195 - Загружено 147 свечей для LTZ6 (futures)
2026-10-08 15:46:15.344 | DEBUG    | src.moex_loader:_fetch_page:48 - Запрос: https://iss.moex.com/iss/engines/futures/markets/forts/securities/NCZ6/candles.json?from=2023-10-09&till=2026-10-08&interval=24&iss.meta=off&start=0
2026-10-08 15:46:16.161 | INFO     | src.database:insert_raw_candles:110 - Вставлено 69 записей в raw_candles
2026-10-08 15:46:16.162 | INFO     | src.database:upsert_meta:149 - Мета-информация обновлена для NCZ6
2026-10-08 15:46:16.162 | INFO     | src.moex_loader:load_asset:195 - Загружено 69 свечей для NCZ6 (futures)
2026-10-08 15:46:16.162 | DEBUG    | src.moex_loader:_fetch_page:48 - Запрос: https://iss.moex.com/iss/engines/futures/markets/forts/securities/CEZ6/candles.json?from=2023-10-09&till=2026-10-08&interval=24&iss.meta=off&start=0
2026-10-08 15:46:16.970 | INFO     | src.database:insert_raw_candles:110 - Вставлено 92 записей в raw_candles
2026-10-08 15:46:16.970 | INFO     | src.database:upsert_meta:149 - Мета-информация обновлена для CEZ6
2026-10-08 15:46:16.971 | INFO     | src.moex_loader:load_asset:195 - Загружено 92 свечей для CEZ6 (futures)
2026-10-08 15:46:16.971 | DEBUG    | src.moex_loader:_fetch_page:48 - Запрос: https://iss.moex.com/iss/engines/futures/markets/forts/securities/ANZ6/candles.json?from=2023-10-09&till=2026-10-08&interval=24&iss.meta=off&start=0
2026-10-08 15:46:17.774 | INFO     | src.database:insert_raw_candles:110 - Вставлено 90 записей в raw_candles
2026-10-08 15:46:17.774 | INFO     | src.database:upsert_meta:149 - Мета-информация обновлена для ANZ6
2026-10-08 15:46:17.775 | INFO     | src.moex_loader:load_asset:195 - Загружено 90 свечей для ANZ6 (futures)
2026-10-08 15:46:17.775 | DEBUG    | src.moex_loader:_fetch_page:48 - Запрос: https://iss.moex.com/iss/engines/futures/markets/forts/securities/ZCZ6/candles.json?from=2023-10-09&till=2026-10-08&interval=24&iss.meta=off&start=0
2026-10-08 15:46:18.624 | INFO     | src.database:insert_raw_candles:110 - Вставлено 71 записей в raw_candles
2026-10-08 15:46:18.625 | INFO     | src.database:upsert_meta:149 - Мета-информация обновлена для ZCZ6
2026-10-08 15:46:18.625 | INFO     | src.moex_loader:load_asset:195 - Загружено 71 свечей для ZCZ6 (futures)
2026-10-08 15:46:18.626 | DEBUG    | src.moex_loader:_fetch_page:48 - Запрос: https://iss.moex.com/iss/engines/futures/markets/forts/securities/KCX6/candles.json?from=2026-10-01&till=2026-10-08&interval=24&iss.meta=off&start=0
2026-10-08 15:46:19.640 | INFO     | src.database:insert_raw_candles:110 - Вставлено 6 записей в raw_candles
2026-10-08 15:46:19.640 | INFO     | src.database:upsert_meta:149 - Мета-информация обновлена для KCX6
2026-10-08 15:46:19.640 | INFO     | src.moex_loader:load_asset:195 - Загружено 6 свечей для KCX6 (futures)
2026-10-08 15:46:19.641 | DEBUG    | src.moex_loader:_fetch_page:48 - Запрос: https://iss.moex.com/iss/engines/futures/markets/forts/securities/CCX6/candles.json?from=2023-10-09&till=2026-10-08&interval=24&iss.meta=off&start=0
2026-10-08 15:46:20.511 | INFO     | src.database:insert_raw_candles:110 - Вставлено 81 записей в raw_candles
2026-10-08 15:46:20.512 | INFO     | src.database:upsert_meta:149 - Мета-информация обновлена для CCX6
2026-10-08 15:46:20.512 | INFO     | src.moex_loader:load_asset:195 - Загружено 81 свечей для CCX6 (futures)
2026-10-08 15:46:20.512 | DEBUG    | src.moex_loader:_fetch_page:48 - Запрос: https://iss.moex.com/iss/engines/futures/markets/forts/securities/SuV6/candles.json?from=2026-10-01&till=2026-10-08&interval=24&iss.meta=off&start=0
2026-10-08 15:46:21.334 | INFO     | src.database:insert_raw_candles:110 - Вставлено 6 записей в raw_candles
2026-10-08 15:46:21.335 | INFO     | src.database:upsert_meta:149 - Мета-информация обновлена для SuV6
2026-10-08 15:46:21.335 | INFO     | src.moex_loader:load_asset:195 - Загружено 6 свечей для SuV6 (futures)
2026-10-08 15:46:21.335 | DEBUG    | src.moex_loader:_fetch_page:48 - Запрос: https://iss.moex.com/iss/engines/futures/markets/forts/securities/W4Z6/candles.json?from=2023-10-09&till=2026-10-08&interval=24&iss.meta=off&start=0
2026-10-08 15:46:22.144 | INFO     | src.database:insert_raw_candles:110 - Вставлено 173 записей в raw_candles
2026-10-08 15:46:22.145 | INFO     | src.database:upsert_meta:149 - Мета-информация обновлена для W4Z6
2026-10-08 15:46:22.145 | INFO     | src.moex_loader:load_asset:195 - Загружено 173 свечей для W4Z6 (futures)
2026-10-08 15:46:22.146 | DEBUG    | src.moex_loader:_fetch_page:48 - Запрос: https://iss.moex.com/iss/engines/futures/markets/forts/securities/BTZ6/candles.json?from=2026-10-01&till=2026-10-08&interval=24&iss.meta=off&start=0
2026-10-08 15:46:22.953 | INFO     | src.database:insert_raw_candles:110 - Вставлено 6 записей в raw_candles
2026-10-08 15:46:22.954 | INFO     | src.database:upsert_meta:149 - Мета-информация обновлена для BTZ6
2026-10-08 15:46:22.954 | INFO     | src.moex_loader:load_asset:195 - Загружено 6 свечей для BTZ6 (futures)
2026-10-08 15:46:22.954 | DEBUG    | src.moex_loader:_fetch_page:48 - Запрос: https://iss.moex.com/iss/engines/futures/markets/forts/securities/EHZ6/candles.json?from=2023-10-09&till=2026-10-08&interval=24&iss.meta=off&start=0
2026-10-08 15:46:23.756 | INFO     | src.database:insert_raw_candles:110 - Вставлено 14 записей в raw_candles
2026-10-08 15:46:23.757 | INFO     | src.database:upsert_meta:149 - Мета-информация обновлена для EHZ6
2026-10-08 15:46:23.757 | INFO     | src.moex_loader:load_asset:195 - Загружено 14 свечей для EHZ6 (futures)
2026-10-08 15:46:23.757 | DEBUG    | src.moex_loader:_fetch_page:48 - Запрос: https://iss.moex.com/iss/engines/futures/markets/forts/securities/S3Z6/candles.json?from=2023-10-09&till=2026-10-08&interval=24&iss.meta=off&start=0
2026-10-08 15:46:24.574 | INFO     | src.database:insert_raw_candles:110 - Вставлено 15 записей в raw_candles
2026-10-08 15:46:24.575 | INFO     | src.database:upsert_meta:149 - Мета-информация обновлена для S3Z6
2026-10-08 15:46:24.575 | INFO     | src.moex_loader:load_asset:195 - Загружено 15 свечей для S3Z6 (futures)
2026-10-08 15:46:24.575 | DEBUG    | src.moex_loader:_fetch_page:48 - Запрос: https://iss.moex.com/iss/engines/futures/markets/forts/securities/TXX6/candles.json?from=2023-10-09&till=2026-10-08&interval=24&iss.meta=off&start=0
2026-10-08 15:46:25.388 | INFO     | src.database:insert_raw_candles:110 - Вставлено 22 записей в raw_candles
2026-10-08 15:46:25.389 | INFO     | src.database:upsert_meta:149 - Мета-информация обновлена для TXX6
2026-10-08 15:46:25.389 | INFO     | src.moex_loader:load_asset:195 - Загружено 22 свечей для TXX6 (futures)
2026-10-08 15:46:25.389 | DEBUG    | src.moex_loader:_fetch_page:48 - Запрос: https://iss.moex.com/iss/engines/futures/markets/forts/securities/XRZ6/candles.json?from=2023-10-09&till=2026-10-08&interval=24&iss.meta=off&start=0
2026-10-08 15:46:26.178 | INFO     | src.database:insert_raw_candles:110 - Вставлено 13 записей в raw_candles
2026-10-08 15:46:26.178 | INFO     | src.database:upsert_meta:149 - Мета-информация обновлена для XRZ6
2026-10-08 15:46:26.178 | INFO     | src.moex_loader:load_asset:195 - Загружено 13 свечей для XRZ6 (futures)
2026-10-08 15:46:26.179 | DEBUG    | src.moex_loader:_fetch_page:48 - Запрос: https://iss.moex.com/iss/engines/futures/markets/forts/securities/BTCUSDF/candles.json?from=2023-10-09&till=2026-10-08&interval=24&iss.meta=off&start=0
2026-10-08 15:46:26.972 | INFO     | src.database:insert_raw_candles:110 - Вставлено 13 записей в raw_candles
2026-10-08 15:46:26.972 | INFO     | src.database:upsert_meta:149 - Мета-информация обновлена для BTCUSDF
2026-10-08 15:46:26.972 | INFO     | src.moex_loader:load_asset:195 - Загружено 13 свечей для BTCUSDF (futures)
2026-10-08 15:46:26.973 | DEBUG    | src.moex_loader:_fetch_page:48 - Запрос: https://iss.moex.com/iss/engines/futures/markets/forts/securities/ETHUSDF/candles.json?from=2023-10-09&till=2026-10-08&interval=24&iss.meta=off&start=0
2026-10-08 15:46:27.794 | INFO     | src.database:insert_raw_candles:110 - Вставлено 13 записей в raw_candles
2026-10-08 15:46:27.795 | INFO     | src.database:upsert_meta:149 - Мета-информация обновлена для ETHUSDF
2026-10-08 15:46:27.795 | INFO     | src.moex_loader:load_asset:195 - Загружено 13 свечей для ETHUSDF (futures)
2026-10-08 15:46:27.795 | DEBUG    | src.moex_loader:_fetch_page:48 - Запрос: https://iss.moex.com/iss/engines/futures/markets/forts/securities/SOLUSDF/candles.json?from=2023-10-09&till=2026-10-08&interval=24&iss.meta=off&start=0
2026-10-08 15:46:28.589 | INFO     | src.database:insert_raw_candles:110 - Вставлено 13 записей в raw_candles
2026-10-08 15:46:28.590 | INFO     | src.database:upsert_meta:149 - Мета-информация обновлена для SOLUSDF
2026-10-08 15:46:28.590 | INFO     | src.moex_loader:load_asset:195 - Загружено 13 свечей для SOLUSDF (futures)
2026-10-08 15:46:39.373 | WARNING  | src.scanner:scan_all:131 - Без данных (нет свечей в БД): 16 активов, напр. ['GAZC', 'GAZS', 'GAZT', 'MGNZ', 'KKZ6']

Отчёт сканера на 2026-10-08 15:46 | просканировано: 293, сигналов buy/sell: 20, watch: 218
+----------+---------+------------+--------+--------------+---------+------------------------------------------------------------------+-----------------------+
| TICKER   | ТИП     | ДАТА       | ЦЕНА   | СИГНАЛ       | SCORE   | ОСНОВАНИЕ                                                        | SL/TP                 |
+==========+=========+============+========+==============+=========+==================================================================+=======================+
| ASSB     | stocks  | 2025-09-16 | 2.525  | 🔴 ПРОДАЖА    | B10/S35 | RSI overbought (79.5); Close above upper BB; Strong trend ADX=35 | 2.7429 / 2.1982       |
| AVAN     | stocks  | 2025-09-16 | 723.0  | 🟢 ПОКУПКА    | B35/S10 | RSI oversold (23.9); Close below lower BB; Strong trend ADX=32   | 691.0 / 771.0         |
| BAZA     | stocks  | 2026-10-07 | 115.42 | 🔴 ПРОДАЖА    | B10/S35 | RSI overbought (73.2); Close above upper BB; Strong trend ADX=34 | 120.0543 / 108.4686   |
| BSPB     | stocks  | 2025-08-07 | 409.9  | 🔴 ПРОДАЖА    | B10/S35 | RSI overbought (72.1); Close above upper BB; Strong trend ADX=33 | 422.4514 / 391.0729   |
| IRKT     | stocks  | 2025-08-11 | 29.86  | 🔴 ПРОДАЖА    | B10/S35 | RSI overbought (78.8); Close above upper BB; Strong trend ADX=30 | 31.24 / 27.79         |
| IVAT     | stocks  | 2026-02-19 | 158.95 | 🟢 ПОКУПКА    | B35/S10 | RSI oversold (29.4); Close below lower BB; Strong trend ADX=27   | 154.2214 / 166.0429   |
| KGKC     | stocks  | 2026-07-15 | 34.4   | 🟢 ПОКУПКА    | B35/S10 | RSI oversold (13.3); Close below lower BB; Strong trend ADX=61   | 31.2 / 39.2           |
| KGKCP    | stocks  | 2026-07-15 | 36.0   | 🟢 ПОКУПКА    | B35/S10 | RSI oversold (6.1); Close below lower BB; Strong trend ADX=49    | 31.1714 / 43.2429     |
| MRKU     | stocks  | 2025-08-18 | 0.3958 | 🔴 ПРОДАЖА    | B10/S35 | RSI overbought (76.7); Close above upper BB; Strong trend ADX=34 | 0.4174 / 0.3634       |
| MRSB     | stocks  | 2025-09-16 | 0.872  | 🔴 ПРОДАЖА    | B10/S35 | RSI overbought (88.2); Close above upper BB; Strong trend ADX=44 | 0.9083 / 0.8176       |
| MVID     | stocks  | 2025-08-11 | 99.5   | 🔴 ПРОДАЖА    | B10/S35 | RSI overbought (81.5); Close above upper BB; Strong trend ADX=28 | 104.5929 / 91.8607    |
| POSI     | stocks  | 2025-08-05 | 1312.4 | 🟢 ПОКУПКА    | B35/S10 | RSI oversold (27.2); Close below lower BB; Strong trend ADX=32   | 1215.7429 / 1457.3857 |
| RNFT     | stocks  | 2025-08-11 | 129.0  | 🔴 ПРОДАЖА    | B10/S35 | RSI overbought (78.5); Close above upper BB; Strong trend ADX=27 | 135.4357 / 119.3464   |
| RTKMP    | stocks  | 2025-08-11 | 79.5   | 🔴 ПРОДАЖА    | B10/S35 | RSI overbought (90.6); Close above upper BB; Strong trend ADX=67 | 82.5357 / 74.9464     |
| SVETP    | stocks  | 2026-03-17 | 25.15  | 🟢 ПОКУПКА    | B35/S10 | RSI oversold (20.8); Close below lower BB; Strong trend ADX=27   | 23.85 / 27.1          |
| TATNP    | stocks  | 2025-08-07 | 686.3  | 🔴 ПРОДАЖА    | B10/S35 | RSI overbought (74.3); Close above upper BB; Strong trend ADX=31 | 718.9571 / 637.3143   |
| TGKA     | stocks  | 2025-08-11 | 0.0066 | 🔴 ПРОДАЖА    | B10/S35 | RSI overbought (74.2); Close above upper BB; Strong trend ADX=30 | 0.0069 / 0.0062       |
| PTZ6     | futures | 2026-10-07 | 1643.6 | 🟢 ПОКУПКА    | B35/S10 | RSI oversold (25.7); Close below lower BB; Strong trend ADX=39   | 1531.4 / 1811.9       |
| LTZ6     | futures | 2026-10-07 | 1645.9 | 🟢 ПОКУПКА    | B35/S10 | RSI oversold (26.1); Close below lower BB; Strong trend ADX=30   | 1517.1286 / 1839.0571 |
| ANZ6     | futures | 2026-10-07 | 3075.0 | 🟢 ПОКУПКА    | B35/S10 | RSI oversold (12.6); Close below lower BB; Strong trend ADX=41   | 2973.0 / 3228.0       |
| APTK     | stocks  | 2025-08-17 | 9.676  | 👁 наблюдение | B10/S25 | RSI overbought (79.5); Strong trend ADX=31                       |                       |
| AQUA     | stocks  | 2025-08-16 | 639.0  | 👁 наблюдение | B10/S25 | RSI overbought (72.2); Strong trend ADX=27                       |                       |
| BANEP    | stocks  | 2025-08-13 | 1061.5 | 👁 наблюдение | B10/S25 | RSI overbought (73.3); Strong trend ADX=32                       |                       |
| BELU     | stocks  | 2025-08-17 | 463.0  | 👁 наблюдение | B10/S25 | RSI overbought (77.2); Strong trend ADX=37                       |                       |
| BLNG     | stocks  | 2025-12-16 | 12.51  | 👁 наблюдение | B10/S25 | RSI overbought (70.7); Strong trend ADX=58                       |                       |
| BRZL     | stocks  | 2025-09-16 | 1672.0 | 👁 наблюдение | B10/S25 | RSI overbought (79.0); Strong trend ADX=49                       |                       |
| BSPBP    | stocks  | 2025-09-16 | 59.25  | 👁 наблюдение | B25/S0  | RSI oversold (24.8); Close below lower BB                        |                       |
| CHGZ     | stocks  | 2025-09-29 | 82.8   | 👁 наблюдение | B25/S10 | RSI oversold (29.1); Strong trend ADX=55                         |                       |
| CNTLP    | stocks  | 2025-09-02 | 6.92   | 👁 наблюдение | B25/S10 | RSI oversold (21.7); Strong trend ADX=40                         |                       |
| ELFV     | stocks  | 2025-08-11 | 0.5206 | 👁 наблюдение | B0/S25  | RSI overbought (84.6); Close above upper BB                      |                       |
| FESH     | stocks  | 2025-08-17 | 64.77  | 👁 наблюдение | B10/S25 | RSI overbought (77.1); Strong trend ADX=48                       |                       |
| GAZAP    | stocks  | 2026-05-26 | 357.0  | 👁 наблюдение | B25/S10 | RSI oversold (11.5); Strong trend ADX=58                         |                       |
| GAZP     | stocks  | 2026-10-07 | 96.18  | 👁 наблюдение | B25/S10 | RSI oversold (29.9); Strong trend ADX=32                         |                       |
| GECO     | stocks  | 2025-09-02 | 27.1   | 👁 наблюдение | B25/S10 | RSI oversold (27.1); Strong trend ADX=42                         |                       |
| GMKN     | stocks  | 2025-08-11 | 128.2  | 👁 наблюдение | B10/S25 | RSI overbought (79.3); Strong trend ADX=43                       |                       |
| HNFG     | stocks  | 2025-09-06 | 560.1  | 👁 наблюдение | B25/S10 | RSI oversold (28.7); Strong trend ADX=50                         |                       |
| LENT     | stocks  | 2025-08-17 | 1727.5 | 👁 наблюдение | B10/S25 | RSI overbought (73.6); Strong trend ADX=68                       |                       |
| LSNGP    | stocks  | 2025-08-27 | 267.55 | 👁 наблюдение | B10/S25 | RSI overbought (70.3); Strong trend ADX=55                       |                       |
| MGTS     | stocks  | 2025-09-16 | 1130.0 | 👁 наблюдение | B10/S25 | RSI overbought (71.9); Strong trend ADX=31                       |                       |
| MRKS     | stocks  | 2025-08-17 | 0.5165 | 👁 наблюдение | B10/S25 | RSI overbought (72.7); Strong trend ADX=46                       |                       |
+----------+---------+------------+--------+--------------+---------+------------------------------------------------------------------+-----------------------+
