2026-10-08 15:55:17.195 | INFO     | src.database:_init_db:58 - База данных инициализирована (таблицы созданы)
2026-10-08 15:55:17.196 | DEBUG    | src.moex_loader:_fetch_page:48 - Запрос: https://iss.moex.com/iss/engines/stock/markets/shares/boards/TQBR/securities/ABIO/candles.json?from=2023-10-09&till=2026-10-08&interval=24&iss.meta=off&start=0
2026-10-08 15:55:18.249 | DEBUG    | src.moex_loader:_fetch_page:48 - Запрос: https://iss.moex.com/iss/engines/stock/markets/shares/boards/TQBR/securities/ABIO/candles.json?from=2023-10-09&till=2026-10-08&interval=24&iss.meta=off&start=0
2026-10-08 15:55:18.648 | DEBUG    | src.moex_loader:_fetch_page:48 - Запрос: https://iss.moex.com/iss/engines/stock/markets/shares/boards/TQBR/securities/ABIO/candles.json?from=2023-10-09&till=2026-10-08&interval=24&iss.meta=off&start=500
2026-10-08 15:55:19.362 | INFO     | src.database:insert_raw_candles:110 - Вставлено 888 записей в raw_candles
2026-10-08 15:55:19.363 | INFO     | src.database:upsert_meta:149 - Мета-информация обновлена для ABIO
2026-10-08 15:55:19.363 | INFO     | src.moex_loader:load_asset:216 - Загружено 888 свечей для ABIO (stock)
2026-10-08 15:55:19.363 | DEBUG    | src.moex_loader:_fetch_page:48 - Запрос: https://iss.moex.com/iss/engines/stock/markets/shares/boards/TQBR/securities/ABRD/candles.json?from=2023-10-09&till=2026-10-08&interval=24&iss.meta=off&start=0
2026-10-08 15:55:20.379 | DEBUG    | src.moex_loader:_fetch_page:48 - Запрос: https://iss.moex.com/iss/engines/stock/markets/shares/boards/TQBR/securities/ABRD/candles.json?from=2023-10-09&till=2026-10-08&interval=24&iss.meta=off&start=0
2026-10-08 15:55:21.186 | DEBUG    | src.moex_loader:_fetch_page:48 - Запрос: https://iss.moex.com/iss/engines/stock/markets/shares/boards/TQBR/securities/ABRD/candles.json?from=2023-10-09&till=2026-10-08&interval=24&iss.meta=off&start=500
2026-10-08 15:55:21.433 | INFO     | src.database:insert_raw_candles:110 - Вставлено 871 записей в raw_candles
2026-10-08 15:55:21.434 | INFO     | src.database:upsert_meta:149 - Мета-информация обновлена для ABRD
2026-10-08 15:55:21.434 | INFO     | src.moex_loader:load_asset:216 - Загружено 871 свечей для ABRD (stock)
2026-10-08 15:55:21.434 | DEBUG    | src.moex_loader:_fetch_page:48 - Запрос: https://iss.moex.com/iss/engines/stock/markets/shares/boards/TQBR/securities/AFKS/candles.json?from=2023-10-09&till=2026-10-08&interval=24&iss.meta=off&start=0
2026-10-08 15:55:22.426 | DEBUG    | src.moex_loader:_fetch_page:48 - Запрос: https://iss.moex.com/iss/engines/stock/markets/shares/boards/TQBR/securities/AFKS/candles.json?from=2023-10-09&till=2026-10-08&interval=24&iss.meta=off&start=0
2026-10-08 15:55:22.700 | DEBUG    | src.moex_loader:_fetch_page:48 - Запрос: https://iss.moex.com/iss/engines/stock/markets/shares/boards/TQBR/securities/AFKS/candles.json?from=2023-10-09&till=2026-10-08&interval=24&iss.meta=off&start=500
2026-10-08 15:55:22.917 | INFO     | src.database:insert_raw_candles:110 - Вставлено 892 записей в raw_candles
2026-10-08 15:55:22.918 | INFO     | src.database:upsert_meta:149 - Мета-информация обновлена для AFKS
2026-10-08 15:55:22.918 | INFO     | src.moex_loader:load_asset:216 - Загружено 892 свечей для AFKS (stock)
2026-10-08 15:55:22.918 | DEBUG    | src.moex_loader:_fetch_page:48 - Запрос: https://iss.moex.com/iss/engines/stock/markets/shares/boards/TQBR/securities/AFLT/candles.json?from=2023-10-09&till=2026-10-08&interval=24&iss.meta=off&start=0
2026-10-08 15:55:23.933 | DEBUG    | src.moex_loader:_fetch_page:48 - Запрос: https://iss.moex.com/iss/engines/stock/markets/shares/boards/TQBR/securities/AFLT/candles.json?from=2023-10-09&till=2026-10-08&interval=24&iss.meta=off&start=0
2026-10-08 15:55:24.305 | DEBUG    | src.moex_loader:_fetch_page:48 - Запрос: https://iss.moex.com/iss/engines/stock/markets/shares/boards/TQBR/securities/AFLT/candles.json?from=2023-10-09&till=2026-10-08&interval=24&iss.meta=off&start=500
2026-10-08 15:55:24.523 | INFO     | src.database:insert_raw_candles:110 - Вставлено 892 записей в raw_candles
2026-10-08 15:55:24.523 | INFO     | src.database:upsert_meta:149 - Мета-информация обновлена для AFLT
2026-10-08 15:55:24.524 | INFO     | src.moex_loader:load_asset:216 - Загружено 892 свечей для AFLT (stock)
2026-10-08 15:55:24.524 | DEBUG    | src.moex_loader:_fetch_page:48 - Запрос: https://iss.moex.com/iss/engines/stock/markets/shares/boards/TQBR/securities/AKRN/candles.json?from=2023-10-09&till=2026-10-08&interval=24&iss.meta=off&start=0
2026-10-08 15:55:25.514 | DEBUG    | src.moex_loader:_fetch_page:48 - Запрос: https://iss.moex.com/iss/engines/stock/markets/shares/boards/TQBR/securities/AKRN/candles.json?from=2023-10-09&till=2026-10-08&interval=24&iss.meta=off&start=0
2026-10-08 15:55:25.713 | DEBUG    | src.moex_loader:_fetch_page:48 - Запрос: https://iss.moex.com/iss/engines/stock/markets/shares/boards/TQBR/securities/AKRN/candles.json?from=2023-10-09&till=2026-10-08&interval=24&iss.meta=off&start=500
2026-10-08 15:55:25.938 | INFO     | src.database:insert_raw_candles:110 - Вставлено 874 записей в raw_candles
2026-10-08 15:55:25.939 | INFO     | src.database:upsert_meta:149 - Мета-информация обновлена для AKRN
2026-10-08 15:55:25.939 | INFO     | src.moex_loader:load_asset:216 - Загружено 874 свечей для AKRN (stock)
2026-10-08 15:55:25.939 | DEBUG    | src.moex_loader:_fetch_page:48 - Запрос: https://iss.moex.com/iss/engines/stock/markets/shares/boards/TQBR/securities/ALRS/candles.json?from=2023-10-09&till=2026-10-08&interval=24&iss.meta=off&start=0
2026-10-08 15:55:27.128 | DEBUG    | src.moex_loader:_fetch_page:48 - Запрос: https://iss.moex.com/iss/engines/stock/markets/shares/boards/TQBR/securities/ALRS/candles.json?from=2023-10-09&till=2026-10-08&interval=24&iss.meta=off&start=0
2026-10-08 15:55:27.601 | DEBUG    | src.moex_loader:_fetch_page:48 - Запрос: https://iss.moex.com/iss/engines/stock/markets/shares/boards/TQBR/securities/ALRS/candles.json?from=2023-10-09&till=2026-10-08&interval=24&iss.meta=off&start=500
2026-10-08 15:55:28.018 | INFO     | src.database:insert_raw_candles:110 - Вставлено 892 записей в raw_candles
2026-10-08 15:55:28.019 | INFO     | src.database:upsert_meta:149 - Мета-информация обновлена для ALRS
2026-10-08 15:55:28.019 | INFO     | src.moex_loader:load_asset:216 - Загружено 892 свечей для ALRS (stock)
2026-10-08 15:55:28.019 | DEBUG    | src.moex_loader:_fetch_page:48 - Запрос: https://iss.moex.com/iss/engines/stock/markets/shares/boards/TQBR/securities/APRI/candles.json?from=2023-10-09&till=2026-10-08&interval=24&iss.meta=off&start=0
2026-10-08 15:55:29.168 | DEBUG    | src.moex_loader:_fetch_page:48 - Запрос: https://iss.moex.com/iss/engines/stock/markets/shares/boards/TQBR/securities/APRI/candles.json?from=2023-10-09&till=2026-10-08&interval=24&iss.meta=off&start=0
2026-10-08 15:55:29.556 | DEBUG    | src.moex_loader:_fetch_page:48 - Запрос: https://iss.moex.com/iss/engines/stock/markets/shares/boards/TQBR/securities/APRI/candles.json?from=2023-10-09&till=2026-10-08&interval=24&iss.meta=off&start=500
2026-10-08 15:55:29.765 | INFO     | src.database:insert_raw_candles:110 - Вставлено 647 записей в raw_candles
2026-10-08 15:55:29.765 | INFO     | src.database:upsert_meta:149 - Мета-информация обновлена для APRI
2026-10-08 15:55:29.766 | INFO     | src.moex_loader:load_asset:216 - Загружено 647 свечей для APRI (stock)
2026-10-08 15:55:29.766 | DEBUG    | src.moex_loader:_fetch_page:48 - Запрос: https://iss.moex.com/iss/engines/stock/markets/shares/boards/TQBR/securities/APTK/candles.json?from=2023-10-09&till=2026-10-08&interval=24&iss.meta=off&start=0
2026-10-08 15:55:30.942 | DEBUG    | src.moex_loader:_fetch_page:48 - Запрос: https://iss.moex.com/iss/engines/stock/markets/shares/boards/TQBR/securities/APTK/candles.json?from=2023-10-09&till=2026-10-08&interval=24&iss.meta=off&start=0
2026-10-08 15:55:31.161 | DEBUG    | src.moex_loader:_fetch_page:48 - Запрос: https://iss.moex.com/iss/engines/stock/markets/shares/boards/TQBR/securities/APTK/candles.json?from=2023-10-09&till=2026-10-08&interval=24&iss.meta=off&start=500
2026-10-08 15:55:31.395 | INFO     | src.database:insert_raw_candles:110 - Вставлено 882 записей в raw_candles
2026-10-08 15:55:31.396 | INFO     | src.database:upsert_meta:149 - Мета-информация обновлена для APTK
2026-10-08 15:55:31.396 | INFO     | src.moex_loader:load_asset:216 - Загружено 882 свечей для APTK (stock)
2026-10-08 15:55:31.396 | DEBUG    | src.moex_loader:_fetch_page:48 - Запрос: https://iss.moex.com/iss/engines/stock/markets/shares/boards/TQBR/securities/AQUA/candles.json?from=2023-10-09&till=2026-10-08&interval=24&iss.meta=off&start=0
2026-10-08 15:55:32.386 | DEBUG    | src.moex_loader:_fetch_page:48 - Запрос: https://iss.moex.com/iss/engines/stock/markets/shares/boards/TQBR/securities/AQUA/candles.json?from=2023-10-09&till=2026-10-08&interval=24&iss.meta=off&start=0
2026-10-08 15:55:32.591 | DEBUG    | src.moex_loader:_fetch_page:48 - Запрос: https://iss.moex.com/iss/engines/stock/markets/shares/boards/TQBR/securities/AQUA/candles.json?from=2023-10-09&till=2026-10-08&interval=24&iss.meta=off&start=500
2026-10-08 15:55:32.810 | INFO     | src.database:insert_raw_candles:110 - Вставлено 883 записей в raw_candles
2026-10-08 15:55:32.811 | INFO     | src.database:upsert_meta:149 - Мета-информация обновлена для AQUA
2026-10-08 15:55:32.811 | INFO     | src.moex_loader:load_asset:216 - Загружено 883 свечей для AQUA (stock)
2026-10-08 15:55:32.811 | DEBUG    | src.moex_loader:_fetch_page:48 - Запрос: https://iss.moex.com/iss/engines/stock/markets/shares/boards/TQBR/securities/ARSA/candles.json?from=2023-10-09&till=2026-10-08&interval=24&iss.meta=off&start=0
2026-10-08 15:55:33.791 | DEBUG    | src.moex_loader:_fetch_page:48 - Запрос: https://iss.moex.com/iss/engines/stock/markets/shares/boards/TQBR/securities/ARSA/candles.json?from=2023-10-09&till=2026-10-08&interval=24&iss.meta=off&start=0
2026-10-08 15:55:33.992 | DEBUG    | src.moex_loader:_fetch_page:48 - Запрос: https://iss.moex.com/iss/engines/stock/markets/shares/boards/TQBR/securities/ARSA/candles.json?from=2023-10-09&till=2026-10-08&interval=24&iss.meta=off&start=500
2026-10-08 15:55:34.692 | INFO     | src.database:insert_raw_candles:110 - Вставлено 850 записей в raw_candles
2026-10-08 15:55:34.693 | INFO     | src.database:upsert_meta:149 - Мета-информация обновлена для ARSA
2026-10-08 15:55:34.693 | INFO     | src.moex_loader:load_asset:216 - Загружено 850 свечей для ARSA (stock)
2026-10-08 15:55:34.694 | DEBUG    | src.moex_loader:_fetch_page:48 - Запрос: https://iss.moex.com/iss/engines/stock/markets/shares/boards/TQBR/securities/ASSB/candles.json?from=2023-10-09&till=2026-10-08&interval=24&iss.meta=off&start=0
2026-10-08 15:55:35.737 | DEBUG    | src.moex_loader:_fetch_page:48 - Запрос: https://iss.moex.com/iss/engines/stock/markets/shares/boards/TQBR/securities/ASSB/candles.json?from=2023-10-09&till=2026-10-08&interval=24&iss.meta=off&start=0
2026-10-08 15:55:35.952 | DEBUG    | src.moex_loader:_fetch_page:48 - Запрос: https://iss.moex.com/iss/engines/stock/markets/shares/boards/TQBR/securities/ASSB/candles.json?from=2023-10-09&till=2026-10-08&interval=24&iss.meta=off&start=500
2026-10-08 15:55:36.439 | INFO     | src.database:insert_raw_candles:110 - Вставлено 852 записей в raw_candles
2026-10-08 15:55:36.440 | INFO     | src.database:upsert_meta:149 - Мета-информация обновлена для ASSB
2026-10-08 15:55:36.440 | INFO     | src.moex_loader:load_asset:216 - Загружено 852 свечей для ASSB (stock)
2026-10-08 15:55:36.440 | DEBUG    | src.moex_loader:_fetch_page:48 - Запрос: https://iss.moex.com/iss/engines/stock/markets/shares/boards/TQBR/securities/ASTR/candles.json?from=2023-10-09&till=2026-10-08&interval=24&iss.meta=off&start=0
2026-10-08 15:55:37.449 | DEBUG    | src.moex_loader:_fetch_page:48 - Запрос: https://iss.moex.com/iss/engines/stock/markets/shares/boards/TQBR/securities/ASTR/candles.json?from=2023-10-09&till=2026-10-08&interval=24&iss.meta=off&start=0
2026-10-08 15:55:37.654 | DEBUG    | src.moex_loader:_fetch_page:48 - Запрос: https://iss.moex.com/iss/engines/stock/markets/shares/boards/TQBR/securities/ASTR/candles.json?from=2023-10-09&till=2026-10-08&interval=24&iss.meta=off&start=500
2026-10-08 15:55:38.060 | INFO     | src.database:insert_raw_candles:110 - Вставлено 888 записей в raw_candles
2026-10-08 15:55:38.061 | INFO     | src.database:upsert_meta:149 - Мета-информация обновлена для ASTR
2026-10-08 15:55:38.061 | INFO     | src.moex_loader:load_asset:216 - Загружено 888 свечей для ASTR (stock)
2026-10-08 15:55:38.061 | DEBUG    | src.moex_loader:_fetch_page:48 - Запрос: https://iss.moex.com/iss/engines/stock/markets/shares/boards/TQBR/securities/AVAN/candles.json?from=2023-10-09&till=2026-10-08&interval=24&iss.meta=off&start=0
2026-10-08 15:55:39.038 | DEBUG    | src.moex_loader:_fetch_page:48 - Запрос: https://iss.moex.com/iss/engines/stock/markets/shares/boards/TQBR/securities/AVAN/candles.json?from=2023-10-09&till=2026-10-08&interval=24&iss.meta=off&start=0
2026-10-08 15:55:39.244 | DEBUG    | src.moex_loader:_fetch_page:48 - Запрос: https://iss.moex.com/iss/engines/stock/markets/shares/boards/TQBR/securities/AVAN/candles.json?from=2023-10-09&till=2026-10-08&interval=24&iss.meta=off&start=500
2026-10-08 15:55:39.457 | INFO     | src.database:insert_raw_candles:110 - Вставлено 852 записей в raw_candles
2026-10-08 15:55:39.458 | INFO     | src.database:upsert_meta:149 - Мета-информация обновлена для AVAN
2026-10-08 15:55:39.458 | INFO     | src.moex_loader:load_asset:216 - Загружено 852 свечей для AVAN (stock)
2026-10-08 15:55:39.458 | DEBUG    | src.moex_loader:_fetch_page:48 - Запрос: https://iss.moex.com/iss/engines/stock/markets/shares/boards/TQBR/securities/BANE/candles.json?from=2023-10-09&till=2026-10-08&interval=24&iss.meta=off&start=0
2026-10-08 15:55:40.413 | DEBUG    | src.moex_loader:_fetch_page:48 - Запрос: https://iss.moex.com/iss/engines/stock/markets/shares/boards/TQBR/securities/BANE/candles.json?from=2023-10-09&till=2026-10-08&interval=24&iss.meta=off&start=0
2026-10-08 15:55:40.986 | DEBUG    | src.moex_loader:_fetch_page:48 - Запрос: https://iss.moex.com/iss/engines/stock/markets/shares/boards/TQBR/securities/BANE/candles.json?from=2023-10-09&till=2026-10-08&interval=24&iss.meta=off&start=500
2026-10-08 15:55:41.382 | INFO     | src.database:insert_raw_candles:110 - Вставлено 886 записей в raw_candles
2026-10-08 15:55:41.382 | INFO     | src.database:upsert_meta:149 - Мета-информация обновлена для BANE
2026-10-08 15:55:41.382 | INFO     | src.moex_loader:load_asset:216 - Загружено 886 свечей для BANE (stock)
2026-10-08 15:55:41.383 | DEBUG    | src.moex_loader:_fetch_page:48 - Запрос: https://iss.moex.com/iss/engines/stock/markets/shares/boards/TQBR/securities/BANEP/candles.json?from=2023-10-09&till=2026-10-08&interval=24&iss.meta=off&start=0
2026-10-08 15:55:42.362 | DEBUG    | src.moex_loader:_fetch_page:48 - Запрос: https://iss.moex.com/iss/engines/stock/markets/shares/boards/TQBR/securities/BANEP/candles.json?from=2023-10-09&till=2026-10-08&interval=24&iss.meta=off&start=0
2026-10-08 15:55:43.349 | DEBUG    | src.moex_loader:_fetch_page:48 - Запрос: https://iss.moex.com/iss/engines/stock/markets/shares/boards/TQBR/securities/BANEP/candles.json?from=2023-10-09&till=2026-10-08&interval=24&iss.meta=off&start=500
2026-10-08 15:55:43.579 | INFO     | src.database:insert_raw_candles:110 - Вставлено 886 записей в raw_candles
2026-10-08 15:55:43.580 | INFO     | src.database:upsert_meta:149 - Мета-информация обновлена для BANEP
2026-10-08 15:55:43.580 | INFO     | src.moex_loader:load_asset:216 - Загружено 886 свечей для BANEP (stock)
2026-10-08 15:55:43.580 | DEBUG    | src.moex_loader:_fetch_page:48 - Запрос: https://iss.moex.com/iss/engines/stock/markets/shares/boards/TQBR/securities/BAZA/candles.json?from=2023-10-09&till=2026-10-08&interval=24&iss.meta=off&start=0
2026-10-08 15:55:44.553 | DEBUG    | src.moex_loader:_fetch_page:48 - Запрос: https://iss.moex.com/iss/engines/stock/markets/shares/boards/TQBR/securities/BAZA/candles.json?from=2023-10-09&till=2026-10-08&interval=24&iss.meta=off&start=0
2026-10-08 15:55:44.766 | INFO     | src.database:insert_raw_candles:110 - Вставлено 273 записей в raw_candles
2026-10-08 15:55:44.767 | INFO     | src.database:upsert_meta:149 - Мета-информация обновлена для BAZA
2026-10-08 15:55:44.767 | INFO     | src.moex_loader:load_asset:216 - Загружено 273 свечей для BAZA (stock)
2026-10-08 15:55:44.767 | DEBUG    | src.moex_loader:_fetch_page:48 - Запрос: https://iss.moex.com/iss/engines/stock/markets/shares/boards/TQBR/securities/BELU/candles.json?from=2023-10-09&till=2026-10-08&interval=24&iss.meta=off&start=0
2026-10-08 15:55:45.747 | DEBUG    | src.moex_loader:_fetch_page:48 - Запрос: https://iss.moex.com/iss/engines/stock/markets/shares/boards/TQBR/securities/BELU/candles.json?from=2023-10-09&till=2026-10-08&interval=24&iss.meta=off&start=0
2026-10-08 15:55:45.961 | DEBUG    | src.moex_loader:_fetch_page:48 - Запрос: https://iss.moex.com/iss/engines/stock/markets/shares/boards/TQBR/securities/BELU/candles.json?from=2023-10-09&till=2026-10-08&interval=24&iss.meta=off&start=500
2026-10-08 15:55:46.183 | INFO     | src.database:insert_raw_candles:110 - Вставлено 882 записей в raw_candles
2026-10-08 15:55:46.184 | INFO     | src.database:upsert_meta:149 - Мета-информация обновлена для BELU
2026-10-08 15:55:46.184 | INFO     | src.moex_loader:load_asset:216 - Загружено 882 свечей для BELU (stock)
2026-10-08 15:55:46.184 | DEBUG    | src.moex_loader:_fetch_page:48 - Запрос: https://iss.moex.com/iss/engines/stock/markets/shares/boards/TQBR/securities/BISVP/candles.json?from=2023-10-09&till=2026-10-08&interval=24&iss.meta=off&start=0
2026-10-08 15:55:47.159 | DEBUG    | src.moex_loader:_fetch_page:48 - Запрос: https://iss.moex.com/iss/engines/stock/markets/shares/boards/TQBR/securities/BISVP/candles.json?from=2023-10-09&till=2026-10-08&interval=24&iss.meta=off&start=0
2026-10-08 15:55:47.367 | DEBUG    | src.moex_loader:_fetch_page:48 - Запрос: https://iss.moex.com/iss/engines/stock/markets/shares/boards/TQBR/securities/BISVP/candles.json?from=2023-10-09&till=2026-10-08&interval=24&iss.meta=off&start=500
2026-10-08 15:55:47.589 | INFO     | src.database:insert_raw_candles:110 - Вставлено 852 записей в raw_candles
2026-10-08 15:55:47.590 | INFO     | src.database:upsert_meta:149 - Мета-информация обновлена для BISVP
2026-10-08 15:55:47.590 | INFO     | src.moex_loader:load_asset:216 - Загружено 852 свечей для BISVP (stock)
2026-10-08 15:55:47.590 | DEBUG    | src.moex_loader:_fetch_page:48 - Запрос: https://iss.moex.com/iss/engines/stock/markets/shares/boards/TQBR/securities/BLNG/candles.json?from=2023-10-09&till=2026-10-08&interval=24&iss.meta=off&start=0
2026-10-08 15:55:48.597 | DEBUG    | src.moex_loader:_fetch_page:48 - Запрос: https://iss.moex.com/iss/engines/stock/markets/shares/boards/TQBR/securities/BLNG/candles.json?from=2023-10-09&till=2026-10-08&interval=24&iss.meta=off&start=0
2026-10-08 15:55:48.820 | DEBUG    | src.moex_loader:_fetch_page:48 - Запрос: https://iss.moex.com/iss/engines/stock/markets/shares/boards/TQBR/securities/BLNG/candles.json?from=2023-10-09&till=2026-10-08&interval=24&iss.meta=off&start=500
2026-10-08 15:55:49.036 | INFO     | src.database:insert_raw_candles:110 - Вставлено 771 записей в raw_candles
2026-10-08 15:55:49.037 | INFO     | src.database:upsert_meta:149 - Мета-информация обновлена для BLNG
2026-10-08 15:55:49.037 | INFO     | src.moex_loader:load_asset:216 - Загружено 771 свечей для BLNG (stock)
2026-10-08 15:55:49.037 | DEBUG    | src.moex_loader:_fetch_page:48 - Запрос: https://iss.moex.com/iss/engines/stock/markets/shares/boards/TQBR/securities/BRZL/candles.json?from=2023-10-09&till=2026-10-08&interval=24&iss.meta=off&start=0
2026-10-08 15:55:50.024 | DEBUG    | src.moex_loader:_fetch_page:48 - Запрос: https://iss.moex.com/iss/engines/stock/markets/shares/boards/TQBR/securities/BRZL/candles.json?from=2023-10-09&till=2026-10-08&interval=24&iss.meta=off&start=0
2026-10-08 15:55:50.227 | DEBUG    | src.moex_loader:_fetch_page:48 - Запрос: https://iss.moex.com/iss/engines/stock/markets/shares/boards/TQBR/securities/BRZL/candles.json?from=2023-10-09&till=2026-10-08&interval=24&iss.meta=off&start=500
2026-10-08 15:55:50.447 | INFO     | src.database:insert_raw_candles:110 - Вставлено 852 записей в raw_candles
2026-10-08 15:55:50.448 | INFO     | src.database:upsert_meta:149 - Мета-информация обновлена для BRZL
2026-10-08 15:55:50.448 | INFO     | src.moex_loader:load_asset:216 - Загружено 852 свечей для BRZL (stock)
2026-10-08 15:55:50.448 | DEBUG    | src.moex_loader:_fetch_page:48 - Запрос: https://iss.moex.com/iss/engines/stock/markets/shares/boards/TQBR/securities/BSPB/candles.json?from=2023-10-09&till=2026-10-08&interval=24&iss.meta=off&start=0
2026-10-08 15:55:51.430 | DEBUG    | src.moex_loader:_fetch_page:48 - Запрос: https://iss.moex.com/iss/engines/stock/markets/shares/boards/TQBR/securities/BSPB/candles.json?from=2023-10-09&till=2026-10-08&interval=24&iss.meta=off&start=0
2026-10-08 15:55:51.628 | DEBUG    | src.moex_loader:_fetch_page:48 - Запрос: https://iss.moex.com/iss/engines/stock/markets/shares/boards/TQBR/securities/BSPB/candles.json?from=2023-10-09&till=2026-10-08&interval=24&iss.meta=off&start=500
2026-10-08 15:55:51.844 | INFO     | src.database:insert_raw_candles:110 - Вставлено 888 записей в raw_candles
2026-10-08 15:55:51.845 | INFO     | src.database:upsert_meta:149 - Мета-информация обновлена для BSPB
2026-10-08 15:55:51.845 | INFO     | src.moex_loader:load_asset:216 - Загружено 888 свечей для BSPB (stock)
2026-10-08 15:55:51.845 | DEBUG    | src.moex_loader:_fetch_page:48 - Запрос: https://iss.moex.com/iss/engines/stock/markets/shares/boards/TQBR/securities/BSPBP/candles.json?from=2023-10-09&till=2026-10-08&interval=24&iss.meta=off&start=0
2026-10-08 15:55:52.850 | DEBUG    | src.moex_loader:_fetch_page:48 - Запрос: https://iss.moex.com/iss/engines/stock/markets/shares/boards/TQBR/securities/BSPBP/candles.json?from=2023-10-09&till=2026-10-08&interval=24&iss.meta=off&start=0
2026-10-08 15:55:53.063 | DEBUG    | src.moex_loader:_fetch_page:48 - Запрос: https://iss.moex.com/iss/engines/stock/markets/shares/boards/TQBR/securities/BSPBP/candles.json?from=2023-10-09&till=2026-10-08&interval=24&iss.meta=off&start=500
2026-10-08 15:55:53.285 | INFO     | src.database:insert_raw_candles:110 - Вставлено 850 записей в raw_candles
2026-10-08 15:55:53.286 | INFO     | src.database:upsert_meta:149 - Мета-информация обновлена для BSPBP
2026-10-08 15:55:53.286 | INFO     | src.moex_loader:load_asset:216 - Загружено 850 свечей для BSPBP (stock)
2026-10-08 15:55:53.287 | DEBUG    | src.moex_loader:_fetch_page:48 - Запрос: https://iss.moex.com/iss/engines/stock/markets/shares/boards/TQBR/securities/BTBR/candles.json?from=2023-10-09&till=2026-10-08&interval=24&iss.meta=off&start=0
2026-10-08 15:55:54.130 | DEBUG    | src.moex_loader:_fetch_page:48 - Запрос: https://iss.moex.com/iss/engines/stock/markets/shares/boards/TQBR/securities/BTBR/candles.json?from=2023-10-09&till=2026-10-08&interval=24&iss.meta=off&start=0
2026-10-08 15:55:54.351 | INFO     | src.database:insert_raw_candles:110 - Вставлено 156 записей в raw_candles
2026-10-08 15:55:54.352 | INFO     | src.database:upsert_meta:149 - Мета-информация обновлена для BTBR
2026-10-08 15:55:54.352 | INFO     | src.moex_loader:load_asset:216 - Загружено 156 свечей для BTBR (stock)
2026-10-08 15:55:54.353 | DEBUG    | src.moex_loader:_fetch_page:48 - Запрос: https://iss.moex.com/iss/engines/stock/markets/shares/boards/TQBR/securities/CARM/candles.json?from=2023-10-09&till=2026-10-08&interval=24&iss.meta=off&start=0
2026-10-08 15:55:55.359 | DEBUG    | src.moex_loader:_fetch_page:48 - Запрос: https://iss.moex.com/iss/engines/stock/markets/shares/boards/TQBR/securities/CARM/candles.json?from=2023-10-09&till=2026-10-08&interval=24&iss.meta=off&start=0
2026-10-08 15:55:55.569 | DEBUG    | src.moex_loader:_fetch_page:48 - Запрос: https://iss.moex.com/iss/engines/stock/markets/shares/boards/TQBR/securities/CARM/candles.json?from=2023-10-09&till=2026-10-08&interval=24&iss.meta=off&start=500
2026-10-08 15:55:55.788 | INFO     | src.database:insert_raw_candles:110 - Вставлено 888 записей в raw_candles
2026-10-08 15:55:55.789 | INFO     | src.database:upsert_meta:149 - Мета-информация обновлена для CARM
2026-10-08 15:55:55.789 | INFO     | src.moex_loader:load_asset:216 - Загружено 888 свечей для CARM (stock)
2026-10-08 15:55:55.790 | DEBUG    | src.moex_loader:_fetch_page:48 - Запрос: https://iss.moex.com/iss/engines/stock/markets/shares/boards/TQBR/securities/CBOM/candles.json?from=2023-10-09&till=2026-10-08&interval=24&iss.meta=off&start=0
2026-10-08 15:55:56.779 | DEBUG    | src.moex_loader:_fetch_page:48 - Запрос: https://iss.moex.com/iss/engines/stock/markets/shares/boards/TQBR/securities/CBOM/candles.json?from=2023-10-09&till=2026-10-08&interval=24&iss.meta=off&start=0
2026-10-08 15:55:56.972 | DEBUG    | src.moex_loader:_fetch_page:48 - Запрос: https://iss.moex.com/iss/engines/stock/markets/shares/boards/TQBR/securities/CBOM/candles.json?from=2023-10-09&till=2026-10-08&interval=24&iss.meta=off&start=500
2026-10-08 15:55:57.181 | INFO     | src.database:insert_raw_candles:110 - Вставлено 892 записей в raw_candles
2026-10-08 15:55:57.182 | INFO     | src.database:upsert_meta:149 - Мета-информация обновлена для CBOM
2026-10-08 15:55:57.182 | INFO     | src.moex_loader:load_asset:216 - Загружено 892 свечей для CBOM (stock)
2026-10-08 15:55:57.183 | DEBUG    | src.moex_loader:_fetch_page:48 - Запрос: https://iss.moex.com/iss/engines/stock/markets/shares/boards/TQBR/securities/CHGZ/candles.json?from=2023-10-09&till=2026-10-08&interval=24&iss.meta=off&start=0
2026-10-08 15:55:58.142 | DEBUG    | src.moex_loader:_fetch_page:48 - Запрос: https://iss.moex.com/iss/engines/stock/markets/shares/boards/TQBR/securities/CHGZ/candles.json?from=2023-10-09&till=2026-10-08&interval=24&iss.meta=off&start=0
2026-10-08 15:55:58.335 | DEBUG    | src.moex_loader:_fetch_page:48 - Запрос: https://iss.moex.com/iss/engines/stock/markets/shares/boards/TQBR/securities/CHGZ/candles.json?from=2023-10-09&till=2026-10-08&interval=24&iss.meta=off&start=500
2026-10-08 15:55:58.544 | INFO     | src.database:insert_raw_candles:110 - Вставлено 829 записей в raw_candles
2026-10-08 15:55:58.545 | INFO     | src.database:upsert_meta:149 - Мета-информация обновлена для CHGZ
2026-10-08 15:55:58.545 | INFO     | src.moex_loader:load_asset:216 - Загружено 829 свечей для CHGZ (stock)
2026-10-08 15:55:58.545 | DEBUG    | src.moex_loader:_fetch_page:48 - Запрос: https://iss.moex.com/iss/engines/stock/markets/shares/boards/TQBR/securities/CHKZ/candles.json?from=2023-10-09&till=2026-10-08&interval=24&iss.meta=off&start=0
2026-10-08 15:55:59.497 | DEBUG    | src.moex_loader:_fetch_page:48 - Запрос: https://iss.moex.com/iss/engines/stock/markets/shares/boards/TQBR/securities/CHKZ/candles.json?from=2023-10-09&till=2026-10-08&interval=24&iss.meta=off&start=0
2026-10-08 15:55:59.691 | DEBUG    | src.moex_loader:_fetch_page:48 - Запрос: https://iss.moex.com/iss/engines/stock/markets/shares/boards/TQBR/securities/CHKZ/candles.json?from=2023-10-09&till=2026-10-08&interval=24&iss.meta=off&start=500
2026-10-08 15:55:59.904 | INFO     | src.database:insert_raw_candles:110 - Вставлено 813 записей в raw_candles
2026-10-08 15:55:59.904 | INFO     | src.database:upsert_meta:149 - Мета-информация обновлена для CHKZ
2026-10-08 15:55:59.905 | INFO     | src.moex_loader:load_asset:216 - Загружено 813 свечей для CHKZ (stock)
2026-10-08 15:55:59.905 | DEBUG    | src.moex_loader:_fetch_page:48 - Запрос: https://iss.moex.com/iss/engines/stock/markets/shares/boards/TQBR/securities/CHMF/candles.json?from=2023-10-09&till=2026-10-08&interval=24&iss.meta=off&start=0
2026-10-08 15:56:01.067 | DEBUG    | src.moex_loader:_fetch_page:48 - Запрос: https://iss.moex.com/iss/engines/stock/markets/shares/boards/TQBR/securities/CHMF/candles.json?from=2023-10-09&till=2026-10-08&interval=24&iss.meta=off&start=0
2026-10-08 15:56:01.461 | DEBUG    | src.moex_loader:_fetch_page:48 - Запрос: https://iss.moex.com/iss/engines/stock/markets/shares/boards/TQBR/securities/CHMF/candles.json?from=2023-10-09&till=2026-10-08&interval=24&iss.meta=off&start=500
2026-10-08 15:56:01.676 | INFO     | src.database:insert_raw_candles:110 - Вставлено 892 записей в raw_candles
2026-10-08 15:56:01.677 | INFO     | src.database:upsert_meta:149 - Мета-информация обновлена для CHMF
2026-10-08 15:56:01.677 | INFO     | src.moex_loader:load_asset:216 - Загружено 892 свечей для CHMF (stock)
2026-10-08 15:56:01.678 | DEBUG    | src.moex_loader:_fetch_page:48 - Запрос: https://iss.moex.com/iss/engines/stock/markets/shares/boards/TQBR/securities/CHMK/candles.json?from=2023-10-09&till=2026-10-08&interval=24&iss.meta=off&start=0
2026-10-08 15:56:02.700 | DEBUG    | src.moex_loader:_fetch_page:48 - Запрос: https://iss.moex.com/iss/engines/stock/markets/shares/boards/TQBR/securities/CHMK/candles.json?from=2023-10-09&till=2026-10-08&interval=24&iss.meta=off&start=0
2026-10-08 15:56:04.070 | DEBUG    | src.moex_loader:_fetch_page:48 - Запрос: https://iss.moex.com/iss/engines/stock/markets/shares/boards/TQBR/securities/CHMK/candles.json?from=2023-10-09&till=2026-10-08&interval=24&iss.meta=off&start=500
2026-10-08 15:56:04.287 | INFO     | src.database:insert_raw_candles:110 - Вставлено 865 записей в raw_candles
2026-10-08 15:56:04.288 | INFO     | src.database:upsert_meta:149 - Мета-информация обновлена для CHMK
2026-10-08 15:56:04.288 | INFO     | src.moex_loader:load_asset:216 - Загружено 865 свечей для CHMK (stock)
2026-10-08 15:56:04.289 | DEBUG    | src.moex_loader:_fetch_page:48 - Запрос: https://iss.moex.com/iss/engines/stock/markets/shares/boards/TQBR/securities/CNRU/candles.json?from=2023-10-09&till=2026-10-08&interval=24&iss.meta=off&start=0
2026-10-08 15:56:05.288 | DEBUG    | src.moex_loader:_fetch_page:48 - Запрос: https://iss.moex.com/iss/engines/stock/markets/shares/boards/TQBR/securities/CNRU/candles.json?from=2023-10-09&till=2026-10-08&interval=24&iss.meta=off&start=0
2026-10-08 15:56:06.253 | INFO     | src.database:insert_raw_candles:110 - Вставлено 493 записей в raw_candles
2026-10-08 15:56:06.254 | INFO     | src.database:upsert_meta:149 - Мета-информация обновлена для CNRU
2026-10-08 15:56:06.254 | INFO     | src.moex_loader:load_asset:216 - Загружено 493 свечей для CNRU (stock)
2026-10-08 15:56:06.254 | DEBUG    | src.moex_loader:_fetch_page:48 - Запрос: https://iss.moex.com/iss/engines/stock/markets/shares/boards/TQBR/securities/CNTL/candles.json?from=2023-10-09&till=2026-10-08&interval=24&iss.meta=off&start=0
2026-10-08 15:56:07.258 | DEBUG    | src.moex_loader:_fetch_page:48 - Запрос: https://iss.moex.com/iss/engines/stock/markets/shares/boards/TQBR/securities/CNTL/candles.json?from=2023-10-09&till=2026-10-08&interval=24&iss.meta=off&start=0
2026-10-08 15:56:07.463 | DEBUG    | src.moex_loader:_fetch_page:48 - Запрос: https://iss.moex.com/iss/engines/stock/markets/shares/boards/TQBR/securities/CNTL/candles.json?from=2023-10-09&till=2026-10-08&interval=24&iss.meta=off&start=500
2026-10-08 15:56:07.685 | INFO     | src.database:insert_raw_candles:110 - Вставлено 865 записей в raw_candles
2026-10-08 15:56:07.686 | INFO     | src.database:upsert_meta:149 - Мета-информация обновлена для CNTL
2026-10-08 15:56:07.686 | INFO     | src.moex_loader:load_asset:216 - Загружено 865 свечей для CNTL (stock)
2026-10-08 15:56:07.686 | DEBUG    | src.moex_loader:_fetch_page:48 - Запрос: https://iss.moex.com/iss/engines/stock/markets/shares/boards/TQBR/securities/CNTLP/candles.json?from=2023-10-09&till=2026-10-08&interval=24&iss.meta=off&start=0
2026-10-08 15:56:08.678 | DEBUG    | src.moex_loader:_fetch_page:48 - Запрос: https://iss.moex.com/iss/engines/stock/markets/shares/boards/TQBR/securities/CNTLP/candles.json?from=2023-10-09&till=2026-10-08&interval=24&iss.meta=off&start=0
2026-10-08 15:56:08.887 | DEBUG    | src.moex_loader:_fetch_page:48 - Запрос: https://iss.moex.com/iss/engines/stock/markets/shares/boards/TQBR/securities/CNTLP/candles.json?from=2023-10-09&till=2026-10-08&interval=24&iss.meta=off&start=500
2026-10-08 15:56:09.111 | INFO     | src.database:insert_raw_candles:110 - Вставлено 866 записей в raw_candles
2026-10-08 15:56:09.111 | INFO     | src.database:upsert_meta:149 - Мета-информация обновлена для CNTLP
2026-10-08 15:56:09.112 | INFO     | src.moex_loader:load_asset:216 - Загружено 866 свечей для CNTLP (stock)
2026-10-08 15:56:09.112 | DEBUG    | src.moex_loader:_fetch_page:48 - Запрос: https://iss.moex.com/iss/engines/stock/markets/shares/boards/TQBR/securities/DATA/candles.json?from=2023-10-09&till=2026-10-08&interval=24&iss.meta=off&start=0
2026-10-08 15:56:10.106 | DEBUG    | src.moex_loader:_fetch_page:48 - Запрос: https://iss.moex.com/iss/engines/stock/markets/shares/boards/TQBR/securities/DATA/candles.json?from=2023-10-09&till=2026-10-08&interval=24&iss.meta=off&start=0
2026-10-08 15:56:10.698 | DEBUG    | src.moex_loader:_fetch_page:48 - Запрос: https://iss.moex.com/iss/engines/stock/markets/shares/boards/TQBR/securities/DATA/candles.json?from=2023-10-09&till=2026-10-08&interval=24&iss.meta=off&start=500
2026-10-08 15:56:10.920 | INFO     | src.database:insert_raw_candles:110 - Вставлено 634 записей в raw_candles
2026-10-08 15:56:10.921 | INFO     | src.database:upsert_meta:149 - Мета-информация обновлена для DATA
2026-10-08 15:56:10.921 | INFO     | src.moex_loader:load_asset:216 - Загружено 634 свечей для DATA (stock)
2026-10-08 15:56:10.921 | DEBUG    | src.moex_loader:_fetch_page:48 - Запрос: https://iss.moex.com/iss/engines/stock/markets/shares/boards/TQBR/securities/DELI/candles.json?from=2023-10-09&till=2026-10-08&interval=24&iss.meta=off&start=0
2026-10-08 15:56:11.922 | DEBUG    | src.moex_loader:_fetch_page:48 - Запрос: https://iss.moex.com/iss/engines/stock/markets/shares/boards/TQBR/securities/DELI/candles.json?from=2023-10-09&till=2026-10-08&interval=24&iss.meta=off&start=0
2026-10-08 15:56:12.132 | DEBUG    | src.moex_loader:_fetch_page:48 - Запрос: https://iss.moex.com/iss/engines/stock/markets/shares/boards/TQBR/securities/DELI/candles.json?from=2023-10-09&till=2026-10-08&interval=24&iss.meta=off&start=500
2026-10-08 15:56:12.351 | INFO     | src.database:insert_raw_candles:110 - Вставлено 797 записей в raw_candles
2026-10-08 15:56:12.352 | INFO     | src.database:upsert_meta:149 - Мета-информация обновлена для DELI
2026-10-08 15:56:12.352 | INFO     | src.moex_loader:load_asset:216 - Загружено 797 свечей для DELI (stock)
2026-10-08 15:56:12.353 | DEBUG    | src.moex_loader:_fetch_page:48 - Запрос: https://iss.moex.com/iss/engines/stock/markets/shares/boards/TQBR/securities/DIAS/candles.json?from=2023-10-09&till=2026-10-08&interval=24&iss.meta=off&start=0
2026-10-08 15:56:13.378 | DEBUG    | src.moex_loader:_fetch_page:48 - Запрос: https://iss.moex.com/iss/engines/stock/markets/shares/boards/TQBR/securities/DIAS/candles.json?from=2023-10-09&till=2026-10-08&interval=24&iss.meta=off&start=0
2026-10-08 15:56:13.729 | DEBUG    | src.moex_loader:_fetch_page:48 - Запрос: https://iss.moex.com/iss/engines/stock/markets/shares/boards/TQBR/securities/DIAS/candles.json?from=2023-10-09&till=2026-10-08&interval=24&iss.meta=off&start=500
2026-10-08 15:56:13.946 | INFO     | src.database:insert_raw_candles:110 - Вставлено 791 записей в raw_candles
2026-10-08 15:56:13.947 | INFO     | src.database:upsert_meta:149 - Мета-информация обновлена для DIAS
2026-10-08 15:56:13.947 | INFO     | src.moex_loader:load_asset:216 - Загружено 791 свечей для DIAS (stock)
2026-10-08 15:56:13.947 | DEBUG    | src.moex_loader:_fetch_page:48 - Запрос: https://iss.moex.com/iss/engines/stock/markets/shares/boards/TQBR/securities/DIOD/candles.json?from=2023-10-09&till=2026-10-08&interval=24&iss.meta=off&start=0
2026-10-08 15:56:14.894 | DEBUG    | src.moex_loader:_fetch_page:48 - Запрос: https://iss.moex.com/iss/engines/stock/markets/shares/boards/TQBR/securities/DIOD/candles.json?from=2023-10-09&till=2026-10-08&interval=24&iss.meta=off&start=0
2026-10-08 15:56:15.088 | DEBUG    | src.moex_loader:_fetch_page:48 - Запрос: https://iss.moex.com/iss/engines/stock/markets/shares/boards/TQBR/securities/DIOD/candles.json?from=2023-10-09&till=2026-10-08&interval=24&iss.meta=off&start=500
2026-10-08 15:56:15.317 | INFO     | src.database:insert_raw_candles:110 - Вставлено 852 записей в raw_candles
2026-10-08 15:56:15.318 | INFO     | src.database:upsert_meta:149 - Мета-информация обновлена для DIOD
2026-10-08 15:56:15.318 | INFO     | src.moex_loader:load_asset:216 - Загружено 852 свечей для DIOD (stock)
2026-10-08 15:56:15.319 | DEBUG    | src.moex_loader:_fetch_page:48 - Запрос: https://iss.moex.com/iss/engines/stock/markets/shares/boards/TQBR/securities/DOMRF/candles.json?from=2023-10-09&till=2026-10-08&interval=24&iss.meta=off&start=0
2026-10-08 15:56:16.287 | DEBUG    | src.moex_loader:_fetch_page:48 - Запрос: https://iss.moex.com/iss/engines/stock/markets/shares/boards/TQBR/securities/DOMRF/candles.json?from=2023-10-09&till=2026-10-08&interval=24&iss.meta=off&start=0
2026-10-08 15:56:16.498 | INFO     | src.database:insert_raw_candles:110 - Вставлено 291 записей в raw_candles
2026-10-08 15:56:16.499 | INFO     | src.database:upsert_meta:149 - Мета-информация обновлена для DOMRF
2026-10-08 15:56:16.499 | INFO     | src.moex_loader:load_asset:216 - Загружено 291 свечей для DOMRF (stock)
2026-10-08 15:56:16.500 | DEBUG    | src.moex_loader:_fetch_page:48 - Запрос: https://iss.moex.com/iss/engines/stock/markets/shares/boards/TQBR/securities/DVEC/candles.json?from=2023-10-09&till=2026-10-08&interval=24&iss.meta=off&start=0
2026-10-08 15:56:17.577 | DEBUG    | src.moex_loader:_fetch_page:48 - Запрос: https://iss.moex.com/iss/engines/stock/markets/shares/boards/TQBR/securities/DVEC/candles.json?from=2023-10-09&till=2026-10-08&interval=24&iss.meta=off&start=0
2026-10-08 15:56:17.887 | DEBUG    | src.moex_loader:_fetch_page:48 - Запрос: https://iss.moex.com/iss/engines/stock/markets/shares/boards/TQBR/securities/DVEC/candles.json?from=2023-10-09&till=2026-10-08&interval=24&iss.meta=off&start=500
2026-10-08 15:56:18.107 | INFO     | src.database:insert_raw_candles:110 - Вставлено 866 записей в raw_candles
2026-10-08 15:56:18.108 | INFO     | src.database:upsert_meta:149 - Мета-информация обновлена для DVEC
2026-10-08 15:56:18.108 | INFO     | src.moex_loader:load_asset:216 - Загружено 866 свечей для DVEC (stock)
2026-10-08 15:56:18.108 | DEBUG    | src.moex_loader:_fetch_page:48 - Запрос: https://iss.moex.com/iss/engines/stock/markets/shares/boards/TQBR/securities/DZRD/candles.json?from=2023-10-09&till=2026-10-08&interval=24&iss.meta=off&start=0
2026-10-08 15:56:19.110 | DEBUG    | src.moex_loader:_fetch_page:48 - Запрос: https://iss.moex.com/iss/engines/stock/markets/shares/boards/TQBR/securities/DZRD/candles.json?from=2023-10-09&till=2026-10-08&interval=24&iss.meta=off&start=0
2026-10-08 15:56:19.706 | DEBUG    | src.moex_loader:_fetch_page:48 - Запрос: https://iss.moex.com/iss/engines/stock/markets/shares/boards/TQBR/securities/DZRD/candles.json?from=2023-10-09&till=2026-10-08&interval=24&iss.meta=off&start=500
2026-10-08 15:56:19.923 | INFO     | src.database:insert_raw_candles:110 - Вставлено 848 записей в raw_candles
2026-10-08 15:56:19.924 | INFO     | src.database:upsert_meta:149 - Мета-информация обновлена для DZRD
2026-10-08 15:56:19.924 | INFO     | src.moex_loader:load_asset:216 - Загружено 848 свечей для DZRD (stock)
2026-10-08 15:56:19.924 | DEBUG    | src.moex_loader:_fetch_page:48 - Запрос: https://iss.moex.com/iss/engines/stock/markets/shares/boards/TQBR/securities/DZRDP/candles.json?from=2023-10-09&till=2026-10-08&interval=24&iss.meta=off&start=0
2026-10-08 15:56:20.926 | DEBUG    | src.moex_loader:_fetch_page:48 - Запрос: https://iss.moex.com/iss/engines/stock/markets/shares/boards/TQBR/securities/DZRDP/candles.json?from=2023-10-09&till=2026-10-08&interval=24&iss.meta=off&start=0
2026-10-08 15:56:21.132 | DEBUG    | src.moex_loader:_fetch_page:48 - Запрос: https://iss.moex.com/iss/engines/stock/markets/shares/boards/TQBR/securities/DZRDP/candles.json?from=2023-10-09&till=2026-10-08&interval=24&iss.meta=off&start=500
2026-10-08 15:56:21.353 | INFO     | src.database:insert_raw_candles:110 - Вставлено 848 записей в raw_candles
2026-10-08 15:56:21.354 | INFO     | src.database:upsert_meta:149 - Мета-информация обновлена для DZRDP
2026-10-08 15:56:21.354 | INFO     | src.moex_loader:load_asset:216 - Загружено 848 свечей для DZRDP (stock)
2026-10-08 15:56:21.355 | DEBUG    | src.moex_loader:_fetch_page:48 - Запрос: https://iss.moex.com/iss/engines/stock/markets/shares/boards/TQBR/securities/EELT/candles.json?from=2023-10-09&till=2026-10-08&interval=24&iss.meta=off&start=0
2026-10-08 15:56:22.318 | DEBUG    | src.moex_loader:_fetch_page:48 - Запрос: https://iss.moex.com/iss/engines/stock/markets/shares/boards/TQBR/securities/EELT/candles.json?from=2023-10-09&till=2026-10-08&interval=24&iss.meta=off&start=0
2026-10-08 15:56:22.523 | DEBUG    | src.moex_loader:_fetch_page:48 - Запрос: https://iss.moex.com/iss/engines/stock/markets/shares/boards/TQBR/securities/EELT/candles.json?from=2023-10-09&till=2026-10-08&interval=24&iss.meta=off&start=500
2026-10-08 15:56:22.851 | INFO     | src.database:insert_raw_candles:110 - Вставлено 852 записей в raw_candles
2026-10-08 15:56:22.852 | INFO     | src.database:upsert_meta:149 - Мета-информация обновлена для EELT
2026-10-08 15:56:22.852 | INFO     | src.moex_loader:load_asset:216 - Загружено 852 свечей для EELT (stock)
2026-10-08 15:56:22.852 | DEBUG    | src.moex_loader:_fetch_page:48 - Запрос: https://iss.moex.com/iss/engines/stock/markets/shares/boards/TQBR/securities/ELFV/candles.json?from=2023-10-09&till=2026-10-08&interval=24&iss.meta=off&start=0
2026-10-08 15:56:23.853 | DEBUG    | src.moex_loader:_fetch_page:48 - Запрос: https://iss.moex.com/iss/engines/stock/markets/shares/boards/TQBR/securities/ELFV/candles.json?from=2023-10-09&till=2026-10-08&interval=24&iss.meta=off&start=0
2026-10-08 15:56:24.057 | DEBUG    | src.moex_loader:_fetch_page:48 - Запрос: https://iss.moex.com/iss/engines/stock/markets/shares/boards/TQBR/securities/ELFV/candles.json?from=2023-10-09&till=2026-10-08&interval=24&iss.meta=off&start=500
2026-10-08 15:56:24.282 | INFO     | src.database:insert_raw_candles:110 - Вставлено 888 записей в raw_candles
2026-10-08 15:56:24.283 | INFO     | src.database:upsert_meta:149 - Мета-информация обновлена для ELFV
2026-10-08 15:56:24.283 | INFO     | src.moex_loader:load_asset:216 - Загружено 888 свечей для ELFV (stock)
2026-10-08 15:56:24.283 | DEBUG    | src.moex_loader:_fetch_page:48 - Запрос: https://iss.moex.com/iss/engines/stock/markets/shares/boards/TQBR/securities/ELMT/candles.json?from=2023-10-09&till=2026-10-08&interval=24&iss.meta=off&start=0
2026-10-08 15:56:25.234 | DEBUG    | src.moex_loader:_fetch_page:48 - Запрос: https://iss.moex.com/iss/engines/stock/markets/shares/boards/TQBR/securities/ELMT/candles.json?from=2023-10-09&till=2026-10-08&interval=24&iss.meta=off&start=0
2026-10-08 15:56:25.427 | DEBUG    | src.moex_loader:_fetch_page:48 - Запрос: https://iss.moex.com/iss/engines/stock/markets/shares/boards/TQBR/securities/ELMT/candles.json?from=2023-10-09&till=2026-10-08&interval=24&iss.meta=off&start=500
2026-10-08 15:56:25.765 | INFO     | src.database:insert_raw_candles:110 - Вставлено 722 записей в raw_candles
2026-10-08 15:56:25.766 | INFO     | src.database:upsert_meta:149 - Мета-информация обновлена для ELMT
2026-10-08 15:56:25.766 | INFO     | src.moex_loader:load_asset:216 - Загружено 722 свечей для ELMT (stock)
2026-10-08 15:56:25.767 | DEBUG    | src.moex_loader:_fetch_page:48 - Запрос: https://iss.moex.com/iss/engines/stock/markets/shares/boards/TQBR/securities/ENPG/candles.json?from=2023-10-09&till=2026-10-08&interval=24&iss.meta=off&start=0
2026-10-08 15:56:26.761 | DEBUG    | src.moex_loader:_fetch_page:48 - Запрос: https://iss.moex.com/iss/engines/stock/markets/shares/boards/TQBR/securities/ENPG/candles.json?from=2023-10-09&till=2026-10-08&interval=24&iss.meta=off&start=0
2026-10-08 15:56:26.969 | DEBUG    | src.moex_loader:_fetch_page:48 - Запрос: https://iss.moex.com/iss/engines/stock/markets/shares/boards/TQBR/securities/ENPG/candles.json?from=2023-10-09&till=2026-10-08&interval=24&iss.meta=off&start=500
2026-10-08 15:56:27.191 | INFO     | src.database:insert_raw_candles:110 - Вставлено 892 записей в raw_candles
2026-10-08 15:56:27.192 | INFO     | src.database:upsert_meta:149 - Мета-информация обновлена для ENPG
2026-10-08 15:56:27.192 | INFO     | src.moex_loader:load_asset:216 - Загружено 892 свечей для ENPG (stock)
2026-10-08 15:56:27.193 | DEBUG    | src.moex_loader:_fetch_page:48 - Запрос: https://iss.moex.com/iss/engines/stock/markets/shares/boards/TQBR/securities/ETLN/candles.json?from=2023-10-09&till=2026-10-08&interval=24&iss.meta=off&start=0
2026-10-08 15:56:28.351 | DEBUG    | src.moex_loader:_fetch_page:48 - Запрос: https://iss.moex.com/iss/engines/stock/markets/shares/boards/TQBR/securities/ETLN/candles.json?from=2023-10-09&till=2026-10-08&interval=24&iss.meta=off&start=0
2026-10-08 15:56:28.739 | DEBUG    | src.moex_loader:_fetch_page:48 - Запрос: https://iss.moex.com/iss/engines/stock/markets/shares/boards/TQBR/securities/ETLN/candles.json?from=2023-10-09&till=2026-10-08&interval=24&iss.meta=off&start=500
2026-10-08 15:56:28.958 | INFO     | src.database:insert_raw_candles:110 - Вставлено 800 записей в raw_candles
2026-10-08 15:56:28.958 | INFO     | src.database:upsert_meta:149 - Мета-информация обновлена для ETLN
2026-10-08 15:56:28.958 | INFO     | src.moex_loader:load_asset:216 - Загружено 800 свечей для ETLN (stock)
2026-10-08 15:56:28.959 | DEBUG    | src.moex_loader:_fetch_page:48 - Запрос: https://iss.moex.com/iss/engines/stock/markets/shares/boards/TQBR/securities/EUTR/candles.json?from=2023-10-09&till=2026-10-08&interval=24&iss.meta=off&start=0
2026-10-08 15:56:29.948 | DEBUG    | src.moex_loader:_fetch_page:48 - Запрос: https://iss.moex.com/iss/engines/stock/markets/shares/boards/TQBR/securities/EUTR/candles.json?from=2023-10-09&till=2026-10-08&interval=24&iss.meta=off&start=0
2026-10-08 15:56:30.149 | DEBUG    | src.moex_loader:_fetch_page:48 - Запрос: https://iss.moex.com/iss/engines/stock/markets/shares/boards/TQBR/securities/EUTR/candles.json?from=2023-10-09&till=2026-10-08&interval=24&iss.meta=off&start=500
2026-10-08 15:56:30.365 | INFO     | src.database:insert_raw_candles:110 - Вставлено 855 записей в raw_candles
2026-10-08 15:56:30.365 | INFO     | src.database:upsert_meta:149 - Мета-информация обновлена для EUTR
2026-10-08 15:56:30.366 | INFO     | src.moex_loader:load_asset:216 - Загружено 855 свечей для EUTR (stock)
2026-10-08 15:56:30.366 | DEBUG    | src.moex_loader:_fetch_page:48 - Запрос: https://iss.moex.com/iss/engines/stock/markets/shares/boards/TQBR/securities/EVRZ/candles.json?from=2023-10-09&till=2026-10-08&interval=24&iss.meta=off&start=0
2026-10-08 15:56:31.149 | DEBUG    | src.moex_loader:_fetch_page:48 - Запрос: https://iss.moex.com/iss/engines/stock/markets/shares/boards/TQBR/securities/EVRZ/candles.json?from=2023-10-09&till=2026-10-08&interval=24&iss.meta=off&start=0
2026-10-08 15:56:31.353 | INFO     | src.database:insert_raw_candles:110 - Вставлено 102 записей в raw_candles
2026-10-08 15:56:31.354 | INFO     | src.database:upsert_meta:149 - Мета-информация обновлена для EVRZ
2026-10-08 15:56:31.354 | INFO     | src.moex_loader:load_asset:216 - Загружено 102 свечей для EVRZ (stock)
2026-10-08 15:56:31.354 | DEBUG    | src.moex_loader:_fetch_page:48 - Запрос: https://iss.moex.com/iss/engines/stock/markets/shares/boards/TQBR/securities/FEES/candles.json?from=2023-10-09&till=2026-10-08&interval=24&iss.meta=off&start=0
2026-10-08 15:56:32.324 | DEBUG    | src.moex_loader:_fetch_page:48 - Запрос: https://iss.moex.com/iss/engines/stock/markets/shares/boards/TQBR/securities/FEES/candles.json?from=2023-10-09&till=2026-10-08&interval=24&iss.meta=off&start=0
2026-10-08 15:56:32.644 | DEBUG    | src.moex_loader:_fetch_page:48 - Запрос: https://iss.moex.com/iss/engines/stock/markets/shares/boards/TQBR/securities/FEES/candles.json?from=2023-10-09&till=2026-10-08&interval=24&iss.meta=off&start=500
2026-10-08 15:56:32.904 | INFO     | src.database:insert_raw_candles:110 - Вставлено 892 записей в raw_candles
2026-10-08 15:56:32.904 | INFO     | src.database:upsert_meta:149 - Мета-информация обновлена для FEES
2026-10-08 15:56:32.904 | INFO     | src.moex_loader:load_asset:216 - Загружено 892 свечей для FEES (stock)
2026-10-08 15:56:32.905 | DEBUG    | src.moex_loader:_fetch_page:48 - Запрос: https://iss.moex.com/iss/engines/stock/markets/shares/boards/TQBR/securities/FESH/candles.json?from=2023-10-09&till=2026-10-08&interval=24&iss.meta=off&start=0
2026-10-08 15:56:33.885 | DEBUG    | src.moex_loader:_fetch_page:48 - Запрос: https://iss.moex.com/iss/engines/stock/markets/shares/boards/TQBR/securities/FESH/candles.json?from=2023-10-09&till=2026-10-08&interval=24&iss.meta=off&start=0
2026-10-08 15:56:34.084 | DEBUG    | src.moex_loader:_fetch_page:48 - Запрос: https://iss.moex.com/iss/engines/stock/markets/shares/boards/TQBR/securities/FESH/candles.json?from=2023-10-09&till=2026-10-08&interval=24&iss.meta=off&start=500
2026-10-08 15:56:34.302 | INFO     | src.database:insert_raw_candles:110 - Вставлено 882 записей в raw_candles
2026-10-08 15:56:34.303 | INFO     | src.database:upsert_meta:149 - Мета-информация обновлена для FESH
2026-10-08 15:56:34.303 | INFO     | src.moex_loader:load_asset:216 - Загружено 882 свечей для FESH (stock)
2026-10-08 15:56:34.303 | DEBUG    | src.moex_loader:_fetch_page:48 - Запрос: https://iss.moex.com/iss/engines/stock/markets/shares/boards/TQBR/securities/FIXR/candles.json?from=2023-10-09&till=2026-10-08&interval=24&iss.meta=off&start=0
2026-10-08 15:56:35.286 | DEBUG    | src.moex_loader:_fetch_page:48 - Запрос: https://iss.moex.com/iss/engines/stock/markets/shares/boards/TQBR/securities/FIXR/candles.json?from=2023-10-09&till=2026-10-08&interval=24&iss.meta=off&start=0
2026-10-08 15:56:35.510 | INFO     | src.database:insert_raw_candles:110 - Вставлено 379 записей в raw_candles
2026-10-08 15:56:35.511 | INFO     | src.database:upsert_meta:149 - Мета-информация обновлена для FIXR
2026-10-08 15:56:35.511 | INFO     | src.moex_loader:load_asset:216 - Загружено 379 свечей для FIXR (stock)
2026-10-08 15:56:35.511 | DEBUG    | src.moex_loader:_fetch_page:48 - Запрос: https://iss.moex.com/iss/engines/stock/markets/shares/boards/TQBR/securities/FLOT/candles.json?from=2023-10-09&till=2026-10-08&interval=24&iss.meta=off&start=0
2026-10-08 15:56:36.513 | DEBUG    | src.moex_loader:_fetch_page:48 - Запрос: https://iss.moex.com/iss/engines/stock/markets/shares/boards/TQBR/securities/FLOT/candles.json?from=2023-10-09&till=2026-10-08&interval=24&iss.meta=off&start=0
2026-10-08 15:56:36.719 | DEBUG    | src.moex_loader:_fetch_page:48 - Запрос: https://iss.moex.com/iss/engines/stock/markets/shares/boards/TQBR/securities/FLOT/candles.json?from=2023-10-09&till=2026-10-08&interval=24&iss.meta=off&start=500
2026-10-08 15:56:36.947 | INFO     | src.database:insert_raw_candles:110 - Вставлено 892 записей в raw_candles
2026-10-08 15:56:36.948 | INFO     | src.database:upsert_meta:149 - Мета-информация обновлена для FLOT
2026-10-08 15:56:36.948 | INFO     | src.moex_loader:load_asset:216 - Загружено 892 свечей для FLOT (stock)
2026-10-08 15:56:36.948 | DEBUG    | src.moex_loader:_fetch_page:48 - Запрос: https://iss.moex.com/iss/engines/stock/markets/shares/boards/TQBR/securities/GAZA/candles.json?from=2023-10-09&till=2026-10-08&interval=24&iss.meta=off&start=0
2026-10-08 15:56:37.924 | DEBUG    | src.moex_loader:_fetch_page:48 - Запрос: https://iss.moex.com/iss/engines/stock/markets/shares/boards/TQBR/securities/GAZA/candles.json?from=2023-10-09&till=2026-10-08&interval=24&iss.meta=off&start=0
2026-10-08 15:56:38.127 | DEBUG    | src.moex_loader:_fetch_page:48 - Запрос: https://iss.moex.com/iss/engines/stock/markets/shares/boards/TQBR/securities/GAZA/candles.json?from=2023-10-09&till=2026-10-08&interval=24&iss.meta=off&start=500
2026-10-08 15:56:38.343 | INFO     | src.database:insert_raw_candles:110 - Вставлено 630 записей в raw_candles
2026-10-08 15:56:38.344 | INFO     | src.database:upsert_meta:149 - Мета-информация обновлена для GAZA
2026-10-08 15:56:38.344 | INFO     | src.moex_loader:load_asset:216 - Загружено 630 свечей для GAZA (stock)
2026-10-08 15:56:38.345 | DEBUG    | src.moex_loader:_fetch_page:48 - Запрос: https://iss.moex.com/iss/engines/stock/markets/shares/boards/TQBR/securities/GAZAP/candles.json?from=2023-10-09&till=2026-10-08&interval=24&iss.meta=off&start=0
2026-10-08 15:56:39.302 | DEBUG    | src.moex_loader:_fetch_page:48 - Запрос: https://iss.moex.com/iss/engines/stock/markets/shares/boards/TQBR/securities/GAZAP/candles.json?from=2023-10-09&till=2026-10-08&interval=24&iss.meta=off&start=0
2026-10-08 15:56:39.555 | DEBUG    | src.moex_loader:_fetch_page:48 - Запрос: https://iss.moex.com/iss/engines/stock/markets/shares/boards/TQBR/securities/GAZAP/candles.json?from=2023-10-09&till=2026-10-08&interval=24&iss.meta=off&start=500
2026-10-08 15:56:39.767 | INFO     | src.database:insert_raw_candles:110 - Вставлено 620 записей в raw_candles
2026-10-08 15:56:39.768 | INFO     | src.database:upsert_meta:149 - Мета-информация обновлена для GAZAP
2026-10-08 15:56:39.768 | INFO     | src.moex_loader:load_asset:216 - Загружено 620 свечей для GAZAP (stock)
2026-10-08 15:56:39.769 | DEBUG    | src.moex_loader:_fetch_page:48 - Запрос: https://iss.moex.com/iss/engines/stock/markets/shares/boards/TQBR/securities/GAZC/candles.json?from=2023-10-09&till=2026-10-08&interval=24&iss.meta=off&start=0
2026-10-08 15:56:40.547 | DEBUG    | src.moex_loader:_fetch_page:48 - Запрос: https://iss.moex.com/iss/engines/stock/markets/shares/boards/TQBR/securities/GAZC/candles.json?from=2023-10-09&till=2026-10-08&interval=24&iss.meta=off&start=0
2026-10-08 15:56:40.760 | INFO     | src.database:insert_raw_candles:110 - Вставлено 1 записей в raw_candles
2026-10-08 15:56:40.761 | INFO     | src.database:upsert_meta:149 - Мета-информация обновлена для GAZC
2026-10-08 15:56:40.761 | INFO     | src.moex_loader:load_asset:216 - Загружено 1 свечей для GAZC (stock)
2026-10-08 15:56:40.761 | DEBUG    | src.moex_loader:_fetch_page:48 - Запрос: https://iss.moex.com/iss/engines/stock/markets/shares/boards/TQBR/securities/GAZP/candles.json?from=2023-10-09&till=2026-10-08&interval=24&iss.meta=off&start=0
2026-10-08 15:56:42.403 | DEBUG    | src.moex_loader:_fetch_page:48 - Запрос: https://iss.moex.com/iss/engines/stock/markets/shares/boards/TQBR/securities/GAZP/candles.json?from=2023-10-09&till=2026-10-08&interval=24&iss.meta=off&start=0
2026-10-08 15:56:42.789 | DEBUG    | src.moex_loader:_fetch_page:48 - Запрос: https://iss.moex.com/iss/engines/stock/markets/shares/boards/TQBR/securities/GAZP/candles.json?from=2023-10-09&till=2026-10-08&interval=24&iss.meta=off&start=500
2026-10-08 15:56:43.038 | INFO     | src.database:insert_raw_candles:110 - Вставлено 892 записей в raw_candles
2026-10-08 15:56:43.039 | INFO     | src.database:upsert_meta:149 - Мета-информация обновлена для GAZP
2026-10-08 15:56:43.039 | INFO     | src.moex_loader:load_asset:216 - Загружено 892 свечей для GAZP (stock)
2026-10-08 15:56:43.039 | DEBUG    | src.moex_loader:_fetch_page:48 - Запрос: https://iss.moex.com/iss/engines/stock/markets/shares/boards/TQBR/securities/GAZS/candles.json?from=2023-10-09&till=2026-10-08&interval=24&iss.meta=off&start=0
2026-10-08 15:56:43.830 | DEBUG    | src.moex_loader:_fetch_page:48 - Запрос: https://iss.moex.com/iss/engines/stock/markets/shares/boards/TQBR/securities/GAZS/candles.json?from=2023-10-09&till=2026-10-08&interval=24&iss.meta=off&start=0
2026-10-08 15:56:44.289 | INFO     | src.database:insert_raw_candles:110 - Вставлено 1 записей в raw_candles
2026-10-08 15:56:44.290 | INFO     | src.database:upsert_meta:149 - Мета-информация обновлена для GAZS
2026-10-08 15:56:44.290 | INFO     | src.moex_loader:load_asset:216 - Загружено 1 свечей для GAZS (stock)
2026-10-08 15:56:44.291 | DEBUG    | src.moex_loader:_fetch_page:48 - Запрос: https://iss.moex.com/iss/engines/stock/markets/shares/boards/TQBR/securities/GAZT/candles.json?from=2023-10-09&till=2026-10-08&interval=24&iss.meta=off&start=0
2026-10-08 15:56:45.350 | DEBUG    | src.moex_loader:_fetch_page:48 - Запрос: https://iss.moex.com/iss/engines/stock/markets/shares/boards/TQBR/securities/GAZT/candles.json?from=2023-10-09&till=2026-10-08&interval=24&iss.meta=off&start=0
2026-10-08 15:56:45.724 | INFO     | src.database:insert_raw_candles:110 - Вставлено 1 записей в raw_candles
2026-10-08 15:56:45.725 | INFO     | src.database:upsert_meta:149 - Мета-информация обновлена для GAZT
2026-10-08 15:56:45.725 | INFO     | src.moex_loader:load_asset:216 - Загружено 1 свечей для GAZT (stock)
2026-10-08 15:56:45.726 | DEBUG    | src.moex_loader:_fetch_page:48 - Запрос: https://iss.moex.com/iss/engines/stock/markets/shares/boards/TQBR/securities/GCHE/candles.json?from=2023-10-09&till=2026-10-08&interval=24&iss.meta=off&start=0
2026-10-08 15:56:46.744 | DEBUG    | src.moex_loader:_fetch_page:48 - Запрос: https://iss.moex.com/iss/engines/stock/markets/shares/boards/TQBR/securities/GCHE/candles.json?from=2023-10-09&till=2026-10-08&interval=24&iss.meta=off&start=0
2026-10-08 15:56:46.954 | DEBUG    | src.moex_loader:_fetch_page:48 - Запрос: https://iss.moex.com/iss/engines/stock/markets/shares/boards/TQBR/securities/GCHE/candles.json?from=2023-10-09&till=2026-10-08&interval=24&iss.meta=off&start=500
2026-10-08 15:56:47.378 | INFO     | src.database:insert_raw_candles:110 - Вставлено 872 записей в raw_candles
2026-10-08 15:56:47.379 | INFO     | src.database:upsert_meta:149 - Мета-информация обновлена для GCHE
2026-10-08 15:56:47.379 | INFO     | src.moex_loader:load_asset:216 - Загружено 872 свечей для GCHE (stock)
2026-10-08 15:56:47.379 | DEBUG    | src.moex_loader:_fetch_page:48 - Запрос: https://iss.moex.com/iss/engines/stock/markets/shares/boards/TQBR/securities/GECO/candles.json?from=2023-10-09&till=2026-10-08&interval=24&iss.meta=off&start=0
2026-10-08 15:56:48.620 | DEBUG    | src.moex_loader:_fetch_page:48 - Запрос: https://iss.moex.com/iss/engines/stock/markets/shares/boards/TQBR/securities/GECO/candles.json?from=2023-10-09&till=2026-10-08&interval=24&iss.meta=off&start=0
2026-10-08 15:56:49.035 | DEBUG    | src.moex_loader:_fetch_page:48 - Запрос: https://iss.moex.com/iss/engines/stock/markets/shares/boards/TQBR/securities/GECO/candles.json?from=2023-10-09&till=2026-10-08&interval=24&iss.meta=off&start=500
2026-10-08 15:56:49.475 | INFO     | src.database:insert_raw_candles:110 - Вставлено 866 записей в raw_candles
2026-10-08 15:56:49.475 | INFO     | src.database:upsert_meta:149 - Мета-информация обновлена для GECO
2026-10-08 15:56:49.476 | INFO     | src.moex_loader:load_asset:216 - Загружено 866 свечей для GECO (stock)
2026-10-08 15:56:49.476 | DEBUG    | src.moex_loader:_fetch_page:48 - Запрос: https://iss.moex.com/iss/engines/stock/markets/shares/boards/TQBR/securities/GEMA/candles.json?from=2023-10-09&till=2026-10-08&interval=24&iss.meta=off&start=0
2026-10-08 15:56:50.468 | DEBUG    | src.moex_loader:_fetch_page:48 - Запрос: https://iss.moex.com/iss/engines/stock/markets/shares/boards/TQBR/securities/GEMA/candles.json?from=2023-10-09&till=2026-10-08&interval=24&iss.meta=off&start=0
2026-10-08 15:56:50.669 | DEBUG    | src.moex_loader:_fetch_page:48 - Запрос: https://iss.moex.com/iss/engines/stock/markets/shares/boards/TQBR/securities/GEMA/candles.json?from=2023-10-09&till=2026-10-08&interval=24&iss.meta=off&start=500
2026-10-08 15:56:50.886 | INFO     | src.database:insert_raw_candles:110 - Вставлено 842 записей в raw_candles
2026-10-08 15:56:50.886 | INFO     | src.database:upsert_meta:149 - Мета-информация обновлена для GEMA
2026-10-08 15:56:50.887 | INFO     | src.moex_loader:load_asset:216 - Загружено 842 свечей для GEMA (stock)
2026-10-08 15:56:50.887 | DEBUG    | src.moex_loader:_fetch_page:48 - Запрос: https://iss.moex.com/iss/engines/stock/markets/shares/boards/TQBR/securities/GEMC/candles.json?from=2023-10-09&till=2026-10-08&interval=24&iss.meta=off&start=0
2026-10-08 15:56:51.922 | DEBUG    | src.moex_loader:_fetch_page:48 - Запрос: https://iss.moex.com/iss/engines/stock/markets/shares/boards/TQBR/securities/GEMC/candles.json?from=2023-10-09&till=2026-10-08&interval=24&iss.meta=off&start=0
2026-10-08 15:56:52.131 | DEBUG    | src.moex_loader:_fetch_page:48 - Запрос: https://iss.moex.com/iss/engines/stock/markets/shares/boards/TQBR/securities/GEMC/candles.json?from=2023-10-09&till=2026-10-08&interval=24&iss.meta=off&start=500
2026-10-08 15:56:52.356 | INFO     | src.database:insert_raw_candles:110 - Вставлено 856 записей в raw_candles
2026-10-08 15:56:52.357 | INFO     | src.database:upsert_meta:149 - Мета-информация обновлена для GEMC
2026-10-08 15:56:52.357 | INFO     | src.moex_loader:load_asset:216 - Загружено 856 свечей для GEMC (stock)
2026-10-08 15:56:52.358 | DEBUG    | src.moex_loader:_fetch_page:48 - Запрос: https://iss.moex.com/iss/engines/stock/markets/shares/boards/TQBR/securities/GLRX/candles.json?from=2023-10-09&till=2026-10-08&interval=24&iss.meta=off&start=0
2026-10-08 15:56:53.299 | DEBUG    | src.moex_loader:_fetch_page:48 - Запрос: https://iss.moex.com/iss/engines/stock/markets/shares/boards/TQBR/securities/GLRX/candles.json?from=2023-10-09&till=2026-10-08&interval=24&iss.meta=off&start=0
2026-10-08 15:56:53.502 | INFO     | src.database:insert_raw_candles:110 - Вставлено 307 записей в raw_candles
2026-10-08 15:56:53.502 | INFO     | src.database:upsert_meta:149 - Мета-информация обновлена для GLRX
2026-10-08 15:56:53.502 | INFO     | src.moex_loader:load_asset:216 - Загружено 307 свечей для GLRX (stock)
2026-10-08 15:56:53.503 | DEBUG    | src.moex_loader:_fetch_page:48 - Запрос: https://iss.moex.com/iss/engines/stock/markets/shares/boards/TQBR/securities/GMKN/candles.json?from=2023-10-09&till=2026-10-08&interval=24&iss.meta=off&start=0
2026-10-08 15:56:54.522 | DEBUG    | src.moex_loader:_fetch_page:48 - Запрос: https://iss.moex.com/iss/engines/stock/markets/shares/boards/TQBR/securities/GMKN/candles.json?from=2023-10-09&till=2026-10-08&interval=24&iss.meta=off&start=0
2026-10-08 15:56:54.732 | DEBUG    | src.moex_loader:_fetch_page:48 - Запрос: https://iss.moex.com/iss/engines/stock/markets/shares/boards/TQBR/securities/GMKN/candles.json?from=2023-10-09&till=2026-10-08&interval=24&iss.meta=off&start=500
2026-10-08 15:56:55.155 | INFO     | src.database:insert_raw_candles:110 - Вставлено 888 записей в raw_candles
2026-10-08 15:56:55.156 | INFO     | src.database:upsert_meta:149 - Мета-информация обновлена для GMKN
2026-10-08 15:56:55.156 | INFO     | src.moex_loader:load_asset:216 - Загружено 888 свечей для GMKN (stock)
2026-10-08 15:56:55.156 | DEBUG    | src.moex_loader:_fetch_page:48 - Запрос: https://iss.moex.com/iss/engines/stock/markets/shares/boards/TQBR/securities/GTRK/candles.json?from=2023-10-09&till=2026-10-08&interval=24&iss.meta=off&start=0
2026-10-08 15:56:56.126 | DEBUG    | src.moex_loader:_fetch_page:48 - Запрос: https://iss.moex.com/iss/engines/stock/markets/shares/boards/TQBR/securities/GTRK/candles.json?from=2023-10-09&till=2026-10-08&interval=24&iss.meta=off&start=0
2026-10-08 15:56:56.323 | DEBUG    | src.moex_loader:_fetch_page:48 - Запрос: https://iss.moex.com/iss/engines/stock/markets/shares/boards/TQBR/securities/GTRK/candles.json?from=2023-10-09&till=2026-10-08&interval=24&iss.meta=off&start=500
2026-10-08 15:56:56.556 | INFO     | src.database:insert_raw_candles:110 - Вставлено 804 записей в raw_candles
2026-10-08 15:56:56.557 | INFO     | src.database:upsert_meta:149 - Мета-информация обновлена для GTRK
2026-10-08 15:56:56.557 | INFO     | src.moex_loader:load_asset:216 - Загружено 804 свечей для GTRK (stock)
2026-10-08 15:56:56.557 | DEBUG    | src.moex_loader:_fetch_page:48 - Запрос: https://iss.moex.com/iss/engines/stock/markets/shares/boards/TQBR/securities/HEAD/candles.json?from=2023-10-09&till=2026-10-08&interval=24&iss.meta=off&start=0
2026-10-08 15:56:57.647 | DEBUG    | src.moex_loader:_fetch_page:48 - Запрос: https://iss.moex.com/iss/engines/stock/markets/shares/boards/TQBR/securities/HEAD/candles.json?from=2023-10-09&till=2026-10-08&interval=24&iss.meta=off&start=0
2026-10-08 15:56:58.037 | DEBUG    | src.moex_loader:_fetch_page:48 - Запрос: https://iss.moex.com/iss/engines/stock/markets/shares/boards/TQBR/securities/HEAD/candles.json?from=2023-10-09&till=2026-10-08&interval=24&iss.meta=off&start=500
2026-10-08 15:56:58.247 | INFO     | src.database:insert_raw_candles:110 - Вставлено 645 записей в raw_candles
2026-10-08 15:56:58.248 | INFO     | src.database:upsert_meta:149 - Мета-информация обновлена для HEAD
2026-10-08 15:56:58.248 | INFO     | src.moex_loader:load_asset:216 - Загружено 645 свечей для HEAD (stock)
2026-10-08 15:56:58.249 | DEBUG    | src.moex_loader:_fetch_page:48 - Запрос: https://iss.moex.com/iss/engines/stock/markets/shares/boards/TQBR/securities/HIMCP/candles.json?from=2023-10-09&till=2026-10-08&interval=24&iss.meta=off&start=0
2026-10-08 15:56:59.244 | DEBUG    | src.moex_loader:_fetch_page:48 - Запрос: https://iss.moex.com/iss/engines/stock/markets/shares/boards/TQBR/securities/HIMCP/candles.json?from=2023-10-09&till=2026-10-08&interval=24&iss.meta=off&start=0
2026-10-08 15:56:59.447 | DEBUG    | src.moex_loader:_fetch_page:48 - Запрос: https://iss.moex.com/iss/engines/stock/markets/shares/boards/TQBR/securities/HIMCP/candles.json?from=2023-10-09&till=2026-10-08&interval=24&iss.meta=off&start=500
2026-10-08 15:56:59.664 | INFO     | src.database:insert_raw_candles:110 - Вставлено 852 записей в raw_candles
2026-10-08 15:56:59.664 | INFO     | src.database:upsert_meta:149 - Мета-информация обновлена для HIMCP
2026-10-08 15:56:59.664 | INFO     | src.moex_loader:load_asset:216 - Загружено 852 свечей для HIMCP (stock)
2026-10-08 15:56:59.665 | DEBUG    | src.moex_loader:_fetch_page:48 - Запрос: https://iss.moex.com/iss/engines/stock/markets/shares/boards/TQBR/securities/HNFG/candles.json?from=2023-10-09&till=2026-10-08&interval=24&iss.meta=off&start=0
2026-10-08 15:57:00.652 | DEBUG    | src.moex_loader:_fetch_page:48 - Запрос: https://iss.moex.com/iss/engines/stock/markets/shares/boards/TQBR/securities/HNFG/candles.json?from=2023-10-09&till=2026-10-08&interval=24&iss.meta=off&start=0
2026-10-08 15:57:00.855 | DEBUG    | src.moex_loader:_fetch_page:48 - Запрос: https://iss.moex.com/iss/engines/stock/markets/shares/boards/TQBR/securities/HNFG/candles.json?from=2023-10-09&till=2026-10-08&interval=24&iss.meta=off&start=500
2026-10-08 15:57:01.087 | INFO     | src.database:insert_raw_candles:110 - Вставлено 862 записей в raw_candles
2026-10-08 15:57:01.088 | INFO     | src.database:upsert_meta:149 - Мета-информация обновлена для HNFG
2026-10-08 15:57:01.088 | INFO     | src.moex_loader:load_asset:216 - Загружено 862 свечей для HNFG (stock)
2026-10-08 15:57:01.088 | DEBUG    | src.moex_loader:_fetch_page:48 - Запрос: https://iss.moex.com/iss/engines/stock/markets/shares/boards/TQBR/securities/HYDR/candles.json?from=2023-10-09&till=2026-10-08&interval=24&iss.meta=off&start=0
2026-10-08 15:57:02.343 | DEBUG    | src.moex_loader:_fetch_page:48 - Запрос: https://iss.moex.com/iss/engines/stock/markets/shares/boards/TQBR/securities/HYDR/candles.json?from=2023-10-09&till=2026-10-08&interval=24&iss.meta=off&start=0
2026-10-08 15:57:02.833 | DEBUG    | src.moex_loader:_fetch_page:48 - Запрос: https://iss.moex.com/iss/engines/stock/markets/shares/boards/TQBR/securities/HYDR/candles.json?from=2023-10-09&till=2026-10-08&interval=24&iss.meta=off&start=500
2026-10-08 15:57:03.067 | INFO     | src.database:insert_raw_candles:110 - Вставлено 892 записей в raw_candles
2026-10-08 15:57:03.068 | INFO     | src.database:upsert_meta:149 - Мета-информация обновлена для HYDR
2026-10-08 15:57:03.068 | INFO     | src.moex_loader:load_asset:216 - Загружено 892 свечей для HYDR (stock)
2026-10-08 15:57:03.068 | DEBUG    | src.moex_loader:_fetch_page:48 - Запрос: https://iss.moex.com/iss/engines/stock/markets/shares/boards/TQBR/securities/IGST/candles.json?from=2023-10-09&till=2026-10-08&interval=24&iss.meta=off&start=0
2026-10-08 15:57:04.010 | DEBUG    | src.moex_loader:_fetch_page:48 - Запрос: https://iss.moex.com/iss/engines/stock/markets/shares/boards/TQBR/securities/IGST/candles.json?from=2023-10-09&till=2026-10-08&interval=24&iss.meta=off&start=0
2026-10-08 15:57:04.212 | DEBUG    | src.moex_loader:_fetch_page:48 - Запрос: https://iss.moex.com/iss/engines/stock/markets/shares/boards/TQBR/securities/IGST/candles.json?from=2023-10-09&till=2026-10-08&interval=24&iss.meta=off&start=500
2026-10-08 15:57:04.426 | INFO     | src.database:insert_raw_candles:110 - Вставлено 839 записей в raw_candles
2026-10-08 15:57:04.426 | INFO     | src.database:upsert_meta:149 - Мета-информация обновлена для IGST
2026-10-08 15:57:04.426 | INFO     | src.moex_loader:load_asset:216 - Загружено 839 свечей для IGST (stock)
2026-10-08 15:57:04.427 | DEBUG    | src.moex_loader:_fetch_page:48 - Запрос: https://iss.moex.com/iss/engines/stock/markets/shares/boards/TQBR/securities/IGSTP/candles.json?from=2023-10-09&till=2026-10-08&interval=24&iss.meta=off&start=0
2026-10-08 15:57:05.444 | DEBUG    | src.moex_loader:_fetch_page:48 - Запрос: https://iss.moex.com/iss/engines/stock/markets/shares/boards/TQBR/securities/IGSTP/candles.json?from=2023-10-09&till=2026-10-08&interval=24&iss.meta=off&start=0
2026-10-08 15:57:05.652 | DEBUG    | src.moex_loader:_fetch_page:48 - Запрос: https://iss.moex.com/iss/engines/stock/markets/shares/boards/TQBR/securities/IGSTP/candles.json?from=2023-10-09&till=2026-10-08&interval=24&iss.meta=off&start=500
2026-10-08 15:57:06.119 | INFO     | src.database:insert_raw_candles:110 - Вставлено 842 записей в raw_candles
2026-10-08 15:57:06.120 | INFO     | src.database:upsert_meta:149 - Мета-информация обновлена для IGSTP
2026-10-08 15:57:06.120 | INFO     | src.moex_loader:load_asset:216 - Загружено 842 свечей для IGSTP (stock)
2026-10-08 15:57:06.120 | DEBUG    | src.moex_loader:_fetch_page:48 - Запрос: https://iss.moex.com/iss/engines/stock/markets/shares/boards/TQBR/securities/INCB/candles.json?from=2023-10-09&till=2026-10-08&interval=24&iss.meta=off&start=0
2026-10-08 15:57:06.912 | DEBUG    | src.moex_loader:_fetch_page:48 - Запрос: https://iss.moex.com/iss/engines/stock/markets/shares/boards/TQBR/securities/INCB/candles.json?from=2023-10-09&till=2026-10-08&interval=24&iss.meta=off&start=0
2026-10-08 15:57:07.120 | INFO     | src.database:insert_raw_candles:110 - Вставлено 93 записей в raw_candles
2026-10-08 15:57:07.121 | INFO     | src.database:upsert_meta:149 - Мета-информация обновлена для INCB
2026-10-08 15:57:07.121 | INFO     | src.moex_loader:load_asset:216 - Загружено 93 свечей для INCB (stock)
2026-10-08 15:57:07.121 | DEBUG    | src.moex_loader:_fetch_page:48 - Запрос: https://iss.moex.com/iss/engines/stock/markets/shares/boards/TQBR/securities/IRAO/candles.json?from=2023-10-09&till=2026-10-08&interval=24&iss.meta=off&start=0
2026-10-08 15:57:08.291 | DEBUG    | src.moex_loader:_fetch_page:48 - Запрос: https://iss.moex.com/iss/engines/stock/markets/shares/boards/TQBR/securities/IRAO/candles.json?from=2023-10-09&till=2026-10-08&interval=24&iss.meta=off&start=0
2026-10-08 15:57:08.692 | DEBUG    | src.moex_loader:_fetch_page:48 - Запрос: https://iss.moex.com/iss/engines/stock/markets/shares/boards/TQBR/securities/IRAO/candles.json?from=2023-10-09&till=2026-10-08&interval=24&iss.meta=off&start=500
2026-10-08 15:57:08.927 | INFO     | src.database:insert_raw_candles:110 - Вставлено 890 записей в raw_candles
2026-10-08 15:57:08.928 | INFO     | src.database:upsert_meta:149 - Мета-информация обновлена для IRAO
2026-10-08 15:57:08.928 | INFO     | src.moex_loader:load_asset:216 - Загружено 890 свечей для IRAO (stock)
2026-10-08 15:57:08.928 | DEBUG    | src.moex_loader:_fetch_page:48 - Запрос: https://iss.moex.com/iss/engines/stock/markets/shares/boards/TQBR/securities/IRKT/candles.json?from=2023-10-09&till=2026-10-08&interval=24&iss.meta=off&start=0
2026-10-08 15:57:09.975 | DEBUG    | src.moex_loader:_fetch_page:48 - Запрос: https://iss.moex.com/iss/engines/stock/markets/shares/boards/TQBR/securities/IRKT/candles.json?from=2023-10-09&till=2026-10-08&interval=24&iss.meta=off&start=0
2026-10-08 15:57:10.284 | DEBUG    | src.moex_loader:_fetch_page:48 - Запрос: https://iss.moex.com/iss/engines/stock/markets/shares/boards/TQBR/securities/IRKT/candles.json?from=2023-10-09&till=2026-10-08&interval=24&iss.meta=off&start=500
2026-10-08 15:57:10.506 | INFO     | src.database:insert_raw_candles:110 - Вставлено 888 записей в raw_candles
2026-10-08 15:57:10.507 | INFO     | src.database:upsert_meta:149 - Мета-информация обновлена для IRKT
2026-10-08 15:57:10.507 | INFO     | src.moex_loader:load_asset:216 - Загружено 888 свечей для IRKT (stock)
2026-10-08 15:57:10.507 | DEBUG    | src.moex_loader:_fetch_page:48 - Запрос: https://iss.moex.com/iss/engines/stock/markets/shares/boards/TQBR/securities/IVAT/candles.json?from=2023-10-09&till=2026-10-08&interval=24&iss.meta=off&start=0
2026-10-08 15:57:11.524 | DEBUG    | src.moex_loader:_fetch_page:48 - Запрос: https://iss.moex.com/iss/engines/stock/markets/shares/boards/TQBR/securities/IVAT/candles.json?from=2023-10-09&till=2026-10-08&interval=24&iss.meta=off&start=0
2026-10-08 15:57:11.737 | DEBUG    | src.moex_loader:_fetch_page:48 - Запрос: https://iss.moex.com/iss/engines/stock/markets/shares/boards/TQBR/securities/IVAT/candles.json?from=2023-10-09&till=2026-10-08&interval=24&iss.meta=off&start=500
2026-10-08 15:57:11.968 | INFO     | src.database:insert_raw_candles:110 - Вставлено 716 записей в raw_candles
2026-10-08 15:57:11.969 | INFO     | src.database:upsert_meta:149 - Мета-информация обновлена для IVAT
2026-10-08 15:57:11.969 | INFO     | src.moex_loader:load_asset:216 - Загружено 716 свечей для IVAT (stock)
2026-10-08 15:57:11.969 | DEBUG    | src.moex_loader:_fetch_page:48 - Запрос: https://iss.moex.com/iss/engines/stock/markets/shares/boards/TQBR/securities/JNOS/candles.json?from=2023-10-09&till=2026-10-08&interval=24&iss.meta=off&start=0
2026-10-08 15:57:12.948 | DEBUG    | src.moex_loader:_fetch_page:48 - Запрос: https://iss.moex.com/iss/engines/stock/markets/shares/boards/TQBR/securities/JNOS/candles.json?from=2023-10-09&till=2026-10-08&interval=24&iss.meta=off&start=0
2026-10-08 15:57:13.149 | DEBUG    | src.moex_loader:_fetch_page:48 - Запрос: https://iss.moex.com/iss/engines/stock/markets/shares/boards/TQBR/securities/JNOS/candles.json?from=2023-10-09&till=2026-10-08&interval=24&iss.meta=off&start=500
2026-10-08 15:57:13.410 | INFO     | src.database:insert_raw_candles:110 - Вставлено 845 записей в raw_candles
2026-10-08 15:57:13.411 | INFO     | src.database:upsert_meta:149 - Мета-информация обновлена для JNOS
2026-10-08 15:57:13.411 | INFO     | src.moex_loader:load_asset:216 - Загружено 845 свечей для JNOS (stock)
2026-10-08 15:57:13.411 | DEBUG    | src.moex_loader:_fetch_page:48 - Запрос: https://iss.moex.com/iss/engines/stock/markets/shares/boards/TQBR/securities/JNOSP/candles.json?from=2023-10-09&till=2026-10-08&interval=24&iss.meta=off&start=0
2026-10-08 15:57:14.524 | DEBUG    | src.moex_loader:_fetch_page:48 - Запрос: https://iss.moex.com/iss/engines/stock/markets/shares/boards/TQBR/securities/JNOSP/candles.json?from=2023-10-09&till=2026-10-08&interval=24&iss.meta=off&start=0
2026-10-08 15:57:14.926 | DEBUG    | src.moex_loader:_fetch_page:48 - Запрос: https://iss.moex.com/iss/engines/stock/markets/shares/boards/TQBR/securities/JNOSP/candles.json?from=2023-10-09&till=2026-10-08&interval=24&iss.meta=off&start=500
2026-10-08 15:57:15.144 | INFO     | src.database:insert_raw_candles:110 - Вставлено 848 записей в raw_candles
2026-10-08 15:57:15.145 | INFO     | src.database:upsert_meta:149 - Мета-информация обновлена для JNOSP
2026-10-08 15:57:15.145 | INFO     | src.moex_loader:load_asset:216 - Загружено 848 свечей для JNOSP (stock)
2026-10-08 15:57:15.145 | DEBUG    | src.moex_loader:_fetch_page:48 - Запрос: https://iss.moex.com/iss/engines/stock/markets/shares/boards/TQBR/securities/KAZT/candles.json?from=2023-10-09&till=2026-10-08&interval=24&iss.meta=off&start=0
2026-10-08 15:57:16.113 | DEBUG    | src.moex_loader:_fetch_page:48 - Запрос: https://iss.moex.com/iss/engines/stock/markets/shares/boards/TQBR/securities/KAZT/candles.json?from=2023-10-09&till=2026-10-08&interval=24&iss.meta=off&start=0
2026-10-08 15:57:16.692 | DEBUG    | src.moex_loader:_fetch_page:48 - Запрос: https://iss.moex.com/iss/engines/stock/markets/shares/boards/TQBR/securities/KAZT/candles.json?from=2023-10-09&till=2026-10-08&interval=24&iss.meta=off&start=500
2026-10-08 15:57:17.286 | INFO     | src.database:insert_raw_candles:110 - Вставлено 866 записей в raw_candles
2026-10-08 15:57:17.287 | INFO     | src.database:upsert_meta:149 - Мета-информация обновлена для KAZT
2026-10-08 15:57:17.287 | INFO     | src.moex_loader:load_asset:216 - Загружено 866 свечей для KAZT (stock)
2026-10-08 15:57:17.287 | DEBUG    | src.moex_loader:_fetch_page:48 - Запрос: https://iss.moex.com/iss/engines/stock/markets/shares/boards/TQBR/securities/KAZTP/candles.json?from=2023-10-09&till=2026-10-08&interval=24&iss.meta=off&start=0
2026-10-08 15:57:18.287 | DEBUG    | src.moex_loader:_fetch_page:48 - Запрос: https://iss.moex.com/iss/engines/stock/markets/shares/boards/TQBR/securities/KAZTP/candles.json?from=2023-10-09&till=2026-10-08&interval=24&iss.meta=off&start=0
2026-10-08 15:57:18.934 | DEBUG    | src.moex_loader:_fetch_page:48 - Запрос: https://iss.moex.com/iss/engines/stock/markets/shares/boards/TQBR/securities/KAZTP/candles.json?from=2023-10-09&till=2026-10-08&interval=24&iss.meta=off&start=500
2026-10-08 15:57:19.166 | INFO     | src.database:insert_raw_candles:110 - Вставлено 866 записей в raw_candles
2026-10-08 15:57:19.167 | INFO     | src.database:upsert_meta:149 - Мета-информация обновлена для KAZTP
2026-10-08 15:57:19.167 | INFO     | src.moex_loader:load_asset:216 - Загружено 866 свечей для KAZTP (stock)
2026-10-08 15:57:19.167 | DEBUG    | src.moex_loader:_fetch_page:48 - Запрос: https://iss.moex.com/iss/engines/stock/markets/shares/boards/TQBR/securities/KBSB/candles.json?from=2023-10-09&till=2026-10-08&interval=24&iss.meta=off&start=0
2026-10-08 15:57:20.150 | DEBUG    | src.moex_loader:_fetch_page:48 - Запрос: https://iss.moex.com/iss/engines/stock/markets/shares/boards/TQBR/securities/KBSB/candles.json?from=2023-10-09&till=2026-10-08&interval=24&iss.meta=off&start=0
2026-10-08 15:57:20.367 | DEBUG    | src.moex_loader:_fetch_page:48 - Запрос: https://iss.moex.com/iss/engines/stock/markets/shares/boards/TQBR/securities/KBSB/candles.json?from=2023-10-09&till=2026-10-08&interval=24&iss.meta=off&start=500
2026-10-08 15:57:20.583 | INFO     | src.database:insert_raw_candles:110 - Вставлено 847 записей в raw_candles
2026-10-08 15:57:20.584 | INFO     | src.database:upsert_meta:149 - Мета-информация обновлена для KBSB
2026-10-08 15:57:20.584 | INFO     | src.moex_loader:load_asset:216 - Загружено 847 свечей для KBSB (stock)
2026-10-08 15:57:20.584 | DEBUG    | src.moex_loader:_fetch_page:48 - Запрос: https://iss.moex.com/iss/engines/stock/markets/shares/boards/TQBR/securities/KCHE/candles.json?from=2023-10-09&till=2026-10-08&interval=24&iss.meta=off&start=0
2026-10-08 15:57:21.974 | DEBUG    | src.moex_loader:_fetch_page:48 - Запрос: https://iss.moex.com/iss/engines/stock/markets/shares/boards/TQBR/securities/KCHE/candles.json?from=2023-10-09&till=2026-10-08&interval=24&iss.meta=off&start=0
2026-10-08 15:57:22.373 | DEBUG    | src.moex_loader:_fetch_page:48 - Запрос: https://iss.moex.com/iss/engines/stock/markets/shares/boards/TQBR/securities/KCHE/candles.json?from=2023-10-09&till=2026-10-08&interval=24&iss.meta=off&start=500
2026-10-08 15:57:22.598 | INFO     | src.database:insert_raw_candles:110 - Вставлено 841 записей в raw_candles
2026-10-08 15:57:22.599 | INFO     | src.database:upsert_meta:149 - Мета-информация обновлена для KCHE
2026-10-08 15:57:22.599 | INFO     | src.moex_loader:load_asset:216 - Загружено 841 свечей для KCHE (stock)
2026-10-08 15:57:22.599 | DEBUG    | src.moex_loader:_fetch_page:48 - Запрос: https://iss.moex.com/iss/engines/stock/markets/shares/boards/TQBR/securities/KCHEP/candles.json?from=2023-10-09&till=2026-10-08&interval=24&iss.meta=off&start=0
2026-10-08 15:57:23.590 | DEBUG    | src.moex_loader:_fetch_page:48 - Запрос: https://iss.moex.com/iss/engines/stock/markets/shares/boards/TQBR/securities/KCHEP/candles.json?from=2023-10-09&till=2026-10-08&interval=24&iss.meta=off&start=0
2026-10-08 15:57:23.798 | DEBUG    | src.moex_loader:_fetch_page:48 - Запрос: https://iss.moex.com/iss/engines/stock/markets/shares/boards/TQBR/securities/KCHEP/candles.json?from=2023-10-09&till=2026-10-08&interval=24&iss.meta=off&start=500
2026-10-08 15:57:24.232 | INFO     | src.database:insert_raw_candles:110 - Вставлено 791 записей в raw_candles
2026-10-08 15:57:24.233 | INFO     | src.database:upsert_meta:149 - Мета-информация обновлена для KCHEP
2026-10-08 15:57:24.233 | INFO     | src.moex_loader:load_asset:216 - Загружено 791 свечей для KCHEP (stock)
2026-10-08 15:57:24.233 | DEBUG    | src.moex_loader:_fetch_page:48 - Запрос: https://iss.moex.com/iss/engines/stock/markets/shares/boards/TQBR/securities/KFBA/candles.json?from=2023-10-09&till=2026-10-08&interval=24&iss.meta=off&start=0
2026-10-08 15:57:25.233 | DEBUG    | src.moex_loader:_fetch_page:48 - Запрос: https://iss.moex.com/iss/engines/stock/markets/shares/boards/TQBR/securities/KFBA/candles.json?from=2023-10-09&till=2026-10-08&interval=24&iss.meta=off&start=0
2026-10-08 15:57:25.493 | INFO     | src.database:insert_raw_candles:110 - Вставлено 398 записей в raw_candles
2026-10-08 15:57:25.494 | INFO     | src.database:upsert_meta:149 - Мета-информация обновлена для KFBA
2026-10-08 15:57:25.494 | INFO     | src.moex_loader:load_asset:216 - Загружено 398 свечей для KFBA (stock)
2026-10-08 15:57:25.494 | DEBUG    | src.moex_loader:_fetch_page:48 - Запрос: https://iss.moex.com/iss/engines/stock/markets/shares/boards/TQBR/securities/KGKC/candles.json?from=2023-10-09&till=2026-10-08&interval=24&iss.meta=off&start=0
2026-10-08 15:57:26.483 | DEBUG    | src.moex_loader:_fetch_page:48 - Запрос: https://iss.moex.com/iss/engines/stock/markets/shares/boards/TQBR/securities/KGKC/candles.json?from=2023-10-09&till=2026-10-08&interval=24&iss.meta=off&start=0
2026-10-08 15:57:26.681 | DEBUG    | src.moex_loader:_fetch_page:48 - Запрос: https://iss.moex.com/iss/engines/stock/markets/shares/boards/TQBR/securities/KGKC/candles.json?from=2023-10-09&till=2026-10-08&interval=24&iss.meta=off&start=500
2026-10-08 15:57:26.891 | INFO     | src.database:insert_raw_candles:110 - Вставлено 575 записей в raw_candles
2026-10-08 15:57:26.892 | INFO     | src.database:upsert_meta:149 - Мета-информация обновлена для KGKC
2026-10-08 15:57:26.892 | INFO     | src.moex_loader:load_asset:216 - Загружено 575 свечей для KGKC (stock)
2026-10-08 15:57:26.892 | DEBUG    | src.moex_loader:_fetch_page:48 - Запрос: https://iss.moex.com/iss/engines/stock/markets/shares/boards/TQBR/securities/KGKCP/candles.json?from=2023-10-09&till=2026-10-08&interval=24&iss.meta=off&start=0
2026-10-08 15:57:27.900 | DEBUG    | src.moex_loader:_fetch_page:48 - Запрос: https://iss.moex.com/iss/engines/stock/markets/shares/boards/TQBR/securities/KGKCP/candles.json?from=2023-10-09&till=2026-10-08&interval=24&iss.meta=off&start=0
2026-10-08 15:57:28.103 | DEBUG    | src.moex_loader:_fetch_page:48 - Запрос: https://iss.moex.com/iss/engines/stock/markets/shares/boards/TQBR/securities/KGKCP/candles.json?from=2023-10-09&till=2026-10-08&interval=24&iss.meta=off&start=500
2026-10-08 15:57:28.324 | INFO     | src.database:insert_raw_candles:110 - Вставлено 577 записей в raw_candles
2026-10-08 15:57:28.324 | INFO     | src.database:upsert_meta:149 - Мета-информация обновлена для KGKCP
2026-10-08 15:57:28.325 | INFO     | src.moex_loader:load_asset:216 - Загружено 577 свечей для KGKCP (stock)
2026-10-08 15:57:28.325 | DEBUG    | src.moex_loader:_fetch_page:48 - Запрос: https://iss.moex.com/iss/engines/stock/markets/shares/boards/TQBR/securities/KLSB/candles.json?from=2023-10-09&till=2026-10-08&interval=24&iss.meta=off&start=0
2026-10-08 15:57:29.312 | DEBUG    | src.moex_loader:_fetch_page:48 - Запрос: https://iss.moex.com/iss/engines/stock/markets/shares/boards/TQBR/securities/KLSB/candles.json?from=2023-10-09&till=2026-10-08&interval=24&iss.meta=off&start=0
2026-10-08 15:57:29.514 | DEBUG    | src.moex_loader:_fetch_page:48 - Запрос: https://iss.moex.com/iss/engines/stock/markets/shares/boards/TQBR/securities/KLSB/candles.json?from=2023-10-09&till=2026-10-08&interval=24&iss.meta=off&start=500
2026-10-08 15:57:29.733 | INFO     | src.database:insert_raw_candles:110 - Вставлено 866 записей в raw_candles
2026-10-08 15:57:29.734 | INFO     | src.database:upsert_meta:149 - Мета-информация обновлена для KLSB
2026-10-08 15:57:29.734 | INFO     | src.moex_loader:load_asset:216 - Загружено 866 свечей для KLSB (stock)
2026-10-08 15:57:29.734 | DEBUG    | src.moex_loader:_fetch_page:48 - Запрос: https://iss.moex.com/iss/engines/stock/markets/shares/boards/TQBR/securities/KLVZ/candles.json?from=2023-10-09&till=2026-10-08&interval=24&iss.meta=off&start=0
2026-10-08 15:57:30.781 | DEBUG    | src.moex_loader:_fetch_page:48 - Запрос: https://iss.moex.com/iss/engines/stock/markets/shares/boards/TQBR/securities/KLVZ/candles.json?from=2023-10-09&till=2026-10-08&interval=24&iss.meta=off&start=0
2026-10-08 15:57:30.996 | DEBUG    | src.moex_loader:_fetch_page:48 - Запрос: https://iss.moex.com/iss/engines/stock/markets/shares/boards/TQBR/securities/KLVZ/candles.json?from=2023-10-09&till=2026-10-08&interval=24&iss.meta=off&start=500
2026-10-08 15:57:31.222 | INFO     | src.database:insert_raw_candles:110 - Вставлено 770 записей в raw_candles
2026-10-08 15:57:31.223 | INFO     | src.database:upsert_meta:149 - Мета-информация обновлена для KLVZ
2026-10-08 15:57:31.223 | INFO     | src.moex_loader:load_asset:216 - Загружено 770 свечей для KLVZ (stock)
2026-10-08 15:57:31.223 | DEBUG    | src.moex_loader:_fetch_page:48 - Запрос: https://iss.moex.com/iss/engines/stock/markets/shares/boards/TQBR/securities/KMAZ/candles.json?from=2023-10-09&till=2026-10-08&interval=24&iss.meta=off&start=0
2026-10-08 15:57:32.212 | DEBUG    | src.moex_loader:_fetch_page:48 - Запрос: https://iss.moex.com/iss/engines/stock/markets/shares/boards/TQBR/securities/KMAZ/candles.json?from=2023-10-09&till=2026-10-08&interval=24&iss.meta=off&start=0
2026-10-08 15:57:32.449 | DEBUG    | src.moex_loader:_fetch_page:48 - Запрос: https://iss.moex.com/iss/engines/stock/markets/shares/boards/TQBR/securities/KMAZ/candles.json?from=2023-10-09&till=2026-10-08&interval=24&iss.meta=off&start=500
2026-10-08 15:57:32.665 | INFO     | src.database:insert_raw_candles:110 - Вставлено 888 записей в raw_candles
2026-10-08 15:57:32.666 | INFO     | src.database:upsert_meta:149 - Мета-информация обновлена для KMAZ
2026-10-08 15:57:32.666 | INFO     | src.moex_loader:load_asset:216 - Загружено 888 свечей для KMAZ (stock)
2026-10-08 15:57:32.666 | DEBUG    | src.moex_loader:_fetch_page:48 - Запрос: https://iss.moex.com/iss/engines/stock/markets/shares/boards/TQBR/securities/KMEZ/candles.json?from=2023-10-09&till=2026-10-08&interval=24&iss.meta=off&start=0
2026-10-08 15:57:33.634 | DEBUG    | src.moex_loader:_fetch_page:48 - Запрос: https://iss.moex.com/iss/engines/stock/markets/shares/boards/TQBR/securities/KMEZ/candles.json?from=2023-10-09&till=2026-10-08&interval=24&iss.meta=off&start=0
2026-10-08 15:57:33.832 | DEBUG    | src.moex_loader:_fetch_page:48 - Запрос: https://iss.moex.com/iss/engines/stock/markets/shares/boards/TQBR/securities/KMEZ/candles.json?from=2023-10-09&till=2026-10-08&interval=24&iss.meta=off&start=500
2026-10-08 15:57:34.281 | INFO     | src.database:insert_raw_candles:110 - Вставлено 850 записей в raw_candles
2026-10-08 15:57:34.282 | INFO     | src.database:upsert_meta:149 - Мета-информация обновлена для KMEZ
2026-10-08 15:57:34.282 | INFO     | src.moex_loader:load_asset:216 - Загружено 850 свечей для KMEZ (stock)
2026-10-08 15:57:34.282 | DEBUG    | src.moex_loader:_fetch_page:48 - Запрос: https://iss.moex.com/iss/engines/stock/markets/shares/boards/TQBR/securities/KOGK/candles.json?from=2023-10-09&till=2026-10-08&interval=24&iss.meta=off&start=0
2026-10-08 15:57:35.240 | DEBUG    | src.moex_loader:_fetch_page:48 - Запрос: https://iss.moex.com/iss/engines/stock/markets/shares/boards/TQBR/securities/KOGK/candles.json?from=2023-10-09&till=2026-10-08&interval=24&iss.meta=off&start=0
2026-10-08 15:57:35.828 | DEBUG    | src.moex_loader:_fetch_page:48 - Запрос: https://iss.moex.com/iss/engines/stock/markets/shares/boards/TQBR/securities/KOGK/candles.json?from=2023-10-09&till=2026-10-08&interval=24&iss.meta=off&start=500
2026-10-08 15:57:36.044 | INFO     | src.database:insert_raw_candles:110 - Вставлено 812 записей в raw_candles
2026-10-08 15:57:36.045 | INFO     | src.database:upsert_meta:149 - Мета-информация обновлена для KOGK
2026-10-08 15:57:36.045 | INFO     | src.moex_loader:load_asset:216 - Загружено 812 свечей для KOGK (stock)
2026-10-08 15:57:36.045 | DEBUG    | src.moex_loader:_fetch_page:48 - Запрос: https://iss.moex.com/iss/engines/stock/markets/shares/boards/TQBR/securities/KRKN/candles.json?from=2023-10-09&till=2026-10-08&interval=24&iss.meta=off&start=0
2026-10-08 15:57:37.022 | DEBUG    | src.moex_loader:_fetch_page:48 - Запрос: https://iss.moex.com/iss/engines/stock/markets/shares/boards/TQBR/securities/KRKN/candles.json?from=2023-10-09&till=2026-10-08&interval=24&iss.meta=off&start=0
2026-10-08 15:57:37.222 | DEBUG    | src.moex_loader:_fetch_page:48 - Запрос: https://iss.moex.com/iss/engines/stock/markets/shares/boards/TQBR/securities/KRKN/candles.json?from=2023-10-09&till=2026-10-08&interval=24&iss.meta=off&start=500
2026-10-08 15:57:37.483 | INFO     | src.database:insert_raw_candles:110 - Вставлено 792 записей в raw_candles
2026-10-08 15:57:37.484 | INFO     | src.database:upsert_meta:149 - Мета-информация обновлена для KRKN
2026-10-08 15:57:37.484 | INFO     | src.moex_loader:load_asset:216 - Загружено 792 свечей для KRKN (stock)
2026-10-08 15:57:37.484 | DEBUG    | src.moex_loader:_fetch_page:48 - Запрос: https://iss.moex.com/iss/engines/stock/markets/shares/boards/TQBR/securities/KRKNP/candles.json?from=2023-10-09&till=2026-10-08&interval=24&iss.meta=off&start=0
2026-10-08 15:57:38.465 | DEBUG    | src.moex_loader:_fetch_page:48 - Запрос: https://iss.moex.com/iss/engines/stock/markets/shares/boards/TQBR/securities/KRKNP/candles.json?from=2023-10-09&till=2026-10-08&interval=24&iss.meta=off&start=0
2026-10-08 15:57:38.765 | DEBUG    | src.moex_loader:_fetch_page:48 - Запрос: https://iss.moex.com/iss/engines/stock/markets/shares/boards/TQBR/securities/KRKNP/candles.json?from=2023-10-09&till=2026-10-08&interval=24&iss.meta=off&start=500
2026-10-08 15:57:38.984 | INFO     | src.database:insert_raw_candles:110 - Вставлено 866 записей в raw_candles
2026-10-08 15:57:38.985 | INFO     | src.database:upsert_meta:149 - Мета-информация обновлена для KRKNP
2026-10-08 15:57:38.985 | INFO     | src.moex_loader:load_asset:216 - Загружено 866 свечей для KRKNP (stock)
2026-10-08 15:57:38.985 | DEBUG    | src.moex_loader:_fetch_page:48 - Запрос: https://iss.moex.com/iss/engines/stock/markets/shares/boards/TQBR/securities/KRKOP/candles.json?from=2023-10-09&till=2026-10-08&interval=24&iss.meta=off&start=0
2026-10-08 15:57:39.976 | DEBUG    | src.moex_loader:_fetch_page:48 - Запрос: https://iss.moex.com/iss/engines/stock/markets/shares/boards/TQBR/securities/KRKOP/candles.json?from=2023-10-09&till=2026-10-08&interval=24&iss.meta=off&start=0
2026-10-08 15:57:40.562 | DEBUG    | src.moex_loader:_fetch_page:48 - Запрос: https://iss.moex.com/iss/engines/stock/markets/shares/boards/TQBR/securities/KRKOP/candles.json?from=2023-10-09&till=2026-10-08&interval=24&iss.meta=off&start=500
2026-10-08 15:57:40.984 | INFO     | src.database:insert_raw_candles:110 - Вставлено 846 записей в raw_candles
2026-10-08 15:57:40.985 | INFO     | src.database:upsert_meta:149 - Мета-информация обновлена для KRKOP
2026-10-08 15:57:40.985 | INFO     | src.moex_loader:load_asset:216 - Загружено 846 свечей для KRKOP (stock)
2026-10-08 15:57:40.986 | DEBUG    | src.moex_loader:_fetch_page:48 - Запрос: https://iss.moex.com/iss/engines/stock/markets/shares/boards/TQBR/securities/KROT/candles.json?from=2023-10-09&till=2026-10-08&interval=24&iss.meta=off&start=0
2026-10-08 15:57:41.973 | DEBUG    | src.moex_loader:_fetch_page:48 - Запрос: https://iss.moex.com/iss/engines/stock/markets/shares/boards/TQBR/securities/KROT/candles.json?from=2023-10-09&till=2026-10-08&interval=24&iss.meta=off&start=0
2026-10-08 15:57:42.177 | DEBUG    | src.moex_loader:_fetch_page:48 - Запрос: https://iss.moex.com/iss/engines/stock/markets/shares/boards/TQBR/securities/KROT/candles.json?from=2023-10-09&till=2026-10-08&interval=24&iss.meta=off&start=500
2026-10-08 15:57:42.398 | INFO     | src.database:insert_raw_candles:110 - Вставлено 865 записей в raw_candles
2026-10-08 15:57:42.398 | INFO     | src.database:upsert_meta:149 - Мета-информация обновлена для KROT
2026-10-08 15:57:42.398 | INFO     | src.moex_loader:load_asset:216 - Загружено 865 свечей для KROT (stock)
2026-10-08 15:57:42.399 | DEBUG    | src.moex_loader:_fetch_page:48 - Запрос: https://iss.moex.com/iss/engines/stock/markets/shares/boards/TQBR/securities/KROTP/candles.json?from=2023-10-09&till=2026-10-08&interval=24&iss.meta=off&start=0
2026-10-08 15:57:43.445 | DEBUG    | src.moex_loader:_fetch_page:48 - Запрос: https://iss.moex.com/iss/engines/stock/markets/shares/boards/TQBR/securities/KROTP/candles.json?from=2023-10-09&till=2026-10-08&interval=24&iss.meta=off&start=0
2026-10-08 15:57:43.660 | DEBUG    | src.moex_loader:_fetch_page:48 - Запрос: https://iss.moex.com/iss/engines/stock/markets/shares/boards/TQBR/securities/KROTP/candles.json?from=2023-10-09&till=2026-10-08&interval=24&iss.meta=off&start=500
2026-10-08 15:57:43.886 | INFO     | src.database:insert_raw_candles:110 - Вставлено 833 записей в raw_candles
2026-10-08 15:57:43.887 | INFO     | src.database:upsert_meta:149 - Мета-информация обновлена для KROTP
2026-10-08 15:57:43.887 | INFO     | src.moex_loader:load_asset:216 - Загружено 833 свечей для KROTP (stock)
2026-10-08 15:57:43.887 | DEBUG    | src.moex_loader:_fetch_page:48 - Запрос: https://iss.moex.com/iss/engines/stock/markets/shares/boards/TQBR/securities/KRSB/candles.json?from=2023-10-09&till=2026-10-08&interval=24&iss.meta=off&start=0
2026-10-08 15:57:44.857 | DEBUG    | src.moex_loader:_fetch_page:48 - Запрос: https://iss.moex.com/iss/engines/stock/markets/shares/boards/TQBR/securities/KRSB/candles.json?from=2023-10-09&till=2026-10-08&interval=24&iss.meta=off&start=0
2026-10-08 15:57:45.053 | DEBUG    | src.moex_loader:_fetch_page:48 - Запрос: https://iss.moex.com/iss/engines/stock/markets/shares/boards/TQBR/securities/KRSB/candles.json?from=2023-10-09&till=2026-10-08&interval=24&iss.meta=off&start=500
2026-10-08 15:57:45.645 | INFO     | src.database:insert_raw_candles:110 - Вставлено 852 записей в raw_candles
2026-10-08 15:57:45.646 | INFO     | src.database:upsert_meta:149 - Мета-информация обновлена для KRSB
2026-10-08 15:57:45.646 | INFO     | src.moex_loader:load_asset:216 - Загружено 852 свечей для KRSB (stock)
2026-10-08 15:57:45.646 | DEBUG    | src.moex_loader:_fetch_page:48 - Запрос: https://iss.moex.com/iss/engines/stock/markets/shares/boards/TQBR/securities/KRSBP/candles.json?from=2023-10-09&till=2026-10-08&interval=24&iss.meta=off&start=0
2026-10-08 15:57:46.634 | DEBUG    | src.moex_loader:_fetch_page:48 - Запрос: https://iss.moex.com/iss/engines/stock/markets/shares/boards/TQBR/securities/KRSBP/candles.json?from=2023-10-09&till=2026-10-08&interval=24&iss.meta=off&start=0
2026-10-08 15:57:46.845 | DEBUG    | src.moex_loader:_fetch_page:48 - Запрос: https://iss.moex.com/iss/engines/stock/markets/shares/boards/TQBR/securities/KRSBP/candles.json?from=2023-10-09&till=2026-10-08&interval=24&iss.meta=off&start=500
2026-10-08 15:57:47.060 | INFO     | src.database:insert_raw_candles:110 - Вставлено 852 записей в raw_candles
2026-10-08 15:57:47.061 | INFO     | src.database:upsert_meta:149 - Мета-информация обновлена для KRSBP
2026-10-08 15:57:47.061 | INFO     | src.moex_loader:load_asset:216 - Загружено 852 свечей для KRSBP (stock)
2026-10-08 15:57:47.061 | DEBUG    | src.moex_loader:_fetch_page:48 - Запрос: https://iss.moex.com/iss/engines/stock/markets/shares/boards/TQBR/securities/KUZB/candles.json?from=2023-10-09&till=2026-10-08&interval=24&iss.meta=off&start=0
2026-10-08 15:57:48.076 | DEBUG    | src.moex_loader:_fetch_page:48 - Запрос: https://iss.moex.com/iss/engines/stock/markets/shares/boards/TQBR/securities/KUZB/candles.json?from=2023-10-09&till=2026-10-08&interval=24&iss.meta=off&start=0
2026-10-08 15:57:48.280 | DEBUG    | src.moex_loader:_fetch_page:48 - Запрос: https://iss.moex.com/iss/engines/stock/markets/shares/boards/TQBR/securities/KUZB/candles.json?from=2023-10-09&till=2026-10-08&interval=24&iss.meta=off&start=500
2026-10-08 15:57:48.500 | INFO     | src.database:insert_raw_candles:110 - Вставлено 852 записей в raw_candles
2026-10-08 15:57:48.501 | INFO     | src.database:upsert_meta:149 - Мета-информация обновлена для KUZB
2026-10-08 15:57:48.501 | INFO     | src.moex_loader:load_asset:216 - Загружено 852 свечей для KUZB (stock)
2026-10-08 15:57:48.501 | DEBUG    | src.moex_loader:_fetch_page:48 - Запрос: https://iss.moex.com/iss/engines/stock/markets/shares/boards/TQBR/securities/KZOS/candles.json?from=2023-10-09&till=2026-10-08&interval=24&iss.meta=off&start=0
2026-10-08 15:57:49.473 | DEBUG    | src.moex_loader:_fetch_page:48 - Запрос: https://iss.moex.com/iss/engines/stock/markets/shares/boards/TQBR/securities/KZOS/candles.json?from=2023-10-09&till=2026-10-08&interval=24&iss.meta=off&start=0
2026-10-08 15:57:49.671 | DEBUG    | src.moex_loader:_fetch_page:48 - Запрос: https://iss.moex.com/iss/engines/stock/markets/shares/boards/TQBR/securities/KZOS/candles.json?from=2023-10-09&till=2026-10-08&interval=24&iss.meta=off&start=500
2026-10-08 15:57:49.888 | INFO     | src.database:insert_raw_candles:110 - Вставлено 866 записей в raw_candles
2026-10-08 15:57:49.889 | INFO     | src.database:upsert_meta:149 - Мета-информация обновлена для KZOS
2026-10-08 15:57:49.889 | INFO     | src.moex_loader:load_asset:216 - Загружено 866 свечей для KZOS (stock)
2026-10-08 15:57:49.889 | DEBUG    | src.moex_loader:_fetch_page:48 - Запрос: https://iss.moex.com/iss/engines/stock/markets/shares/boards/TQBR/securities/KZOSP/candles.json?from=2023-10-09&till=2026-10-08&interval=24&iss.meta=off&start=0
2026-10-08 15:57:50.873 | DEBUG    | src.moex_loader:_fetch_page:48 - Запрос: https://iss.moex.com/iss/engines/stock/markets/shares/boards/TQBR/securities/KZOSP/candles.json?from=2023-10-09&till=2026-10-08&interval=24&iss.meta=off&start=0
2026-10-08 15:57:51.068 | DEBUG    | src.moex_loader:_fetch_page:48 - Запрос: https://iss.moex.com/iss/engines/stock/markets/shares/boards/TQBR/securities/KZOSP/candles.json?from=2023-10-09&till=2026-10-08&interval=24&iss.meta=off&start=500
2026-10-08 15:57:51.282 | INFO     | src.database:insert_raw_candles:110 - Вставлено 866 записей в raw_candles
2026-10-08 15:57:51.283 | INFO     | src.database:upsert_meta:149 - Мета-информация обновлена для KZOSP
2026-10-08 15:57:51.283 | INFO     | src.moex_loader:load_asset:216 - Загружено 866 свечей для KZOSP (stock)
2026-10-08 15:57:51.283 | DEBUG    | src.moex_loader:_fetch_page:48 - Запрос: https://iss.moex.com/iss/engines/stock/markets/shares/boards/TQBR/securities/LEAS/candles.json?from=2023-10-09&till=2026-10-08&interval=24&iss.meta=off&start=0
2026-10-08 15:57:52.253 | DEBUG    | src.moex_loader:_fetch_page:48 - Запрос: https://iss.moex.com/iss/engines/stock/markets/shares/boards/TQBR/securities/LEAS/candles.json?from=2023-10-09&till=2026-10-08&interval=24&iss.meta=off&start=0
2026-10-08 15:57:52.833 | DEBUG    | src.moex_loader:_fetch_page:48 - Запрос: https://iss.moex.com/iss/engines/stock/markets/shares/boards/TQBR/securities/LEAS/candles.json?from=2023-10-09&till=2026-10-08&interval=24&iss.meta=off&start=500
2026-10-08 15:57:53.065 | INFO     | src.database:insert_raw_candles:110 - Вставлено 770 записей в raw_candles
2026-10-08 15:57:53.066 | INFO     | src.database:upsert_meta:149 - Мета-информация обновлена для LEAS
2026-10-08 15:57:53.066 | INFO     | src.moex_loader:load_asset:216 - Загружено 770 свечей для LEAS (stock)
2026-10-08 15:57:53.066 | DEBUG    | src.moex_loader:_fetch_page:48 - Запрос: https://iss.moex.com/iss/engines/stock/markets/shares/boards/TQBR/securities/LENT/candles.json?from=2023-10-09&till=2026-10-08&interval=24&iss.meta=off&start=0
2026-10-08 15:57:54.051 | DEBUG    | src.moex_loader:_fetch_page:48 - Запрос: https://iss.moex.com/iss/engines/stock/markets/shares/boards/TQBR/securities/LENT/candles.json?from=2023-10-09&till=2026-10-08&interval=24&iss.meta=off&start=0
2026-10-08 15:57:54.252 | DEBUG    | src.moex_loader:_fetch_page:48 - Запрос: https://iss.moex.com/iss/engines/stock/markets/shares/boards/TQBR/securities/LENT/candles.json?from=2023-10-09&till=2026-10-08&interval=24&iss.meta=off&start=500
2026-10-08 15:57:54.467 | INFO     | src.database:insert_raw_candles:110 - Вставлено 882 записей в raw_candles
2026-10-08 15:57:54.468 | INFO     | src.database:upsert_meta:149 - Мета-информация обновлена для LENT
2026-10-08 15:57:54.468 | INFO     | src.moex_loader:load_asset:216 - Загружено 882 свечей для LENT (stock)
2026-10-08 15:57:54.468 | DEBUG    | src.moex_loader:_fetch_page:48 - Запрос: https://iss.moex.com/iss/engines/stock/markets/shares/boards/TQBR/securities/LIFE/candles.json?from=2023-10-09&till=2026-10-08&interval=24&iss.meta=off&start=0
2026-10-08 15:57:55.475 | DEBUG    | src.moex_loader:_fetch_page:48 - Запрос: https://iss.moex.com/iss/engines/stock/markets/shares/boards/TQBR/securities/LIFE/candles.json?from=2023-10-09&till=2026-10-08&interval=24&iss.meta=off&start=0
2026-10-08 15:57:55.677 | DEBUG    | src.moex_loader:_fetch_page:48 - Запрос: https://iss.moex.com/iss/engines/stock/markets/shares/boards/TQBR/securities/LIFE/candles.json?from=2023-10-09&till=2026-10-08&interval=24&iss.meta=off&start=500
2026-10-08 15:57:55.891 | INFO     | src.database:insert_raw_candles:110 - Вставлено 641 записей в raw_candles
2026-10-08 15:57:55.891 | INFO     | src.database:upsert_meta:149 - Мета-информация обновлена для LIFE
2026-10-08 15:57:55.892 | INFO     | src.moex_loader:load_asset:216 - Загружено 641 свечей для LIFE (stock)
2026-10-08 15:57:55.892 | DEBUG    | src.moex_loader:_fetch_page:48 - Запрос: https://iss.moex.com/iss/engines/stock/markets/shares/boards/TQBR/securities/LKOH/candles.json?from=2023-10-09&till=2026-10-08&interval=24&iss.meta=off&start=0
2026-10-08 15:57:56.859 | DEBUG    | src.moex_loader:_fetch_page:48 - Запрос: https://iss.moex.com/iss/engines/stock/markets/shares/boards/TQBR/securities/LKOH/candles.json?from=2023-10-09&till=2026-10-08&interval=24&iss.meta=off&start=0
2026-10-08 15:57:57.057 | DEBUG    | src.moex_loader:_fetch_page:48 - Запрос: https://iss.moex.com/iss/engines/stock/markets/shares/boards/TQBR/securities/LKOH/candles.json?from=2023-10-09&till=2026-10-08&interval=24&iss.meta=off&start=500
2026-10-08 15:57:57.273 | INFO     | src.database:insert_raw_candles:110 - Вставлено 892 записей в raw_candles
2026-10-08 15:57:57.274 | INFO     | src.database:upsert_meta:149 - Мета-информация обновлена для LKOH
2026-10-08 15:57:57.274 | INFO     | src.moex_loader:load_asset:216 - Загружено 892 свечей для LKOH (stock)
2026-10-08 15:57:57.275 | DEBUG    | src.moex_loader:_fetch_page:48 - Запрос: https://iss.moex.com/iss/engines/stock/markets/shares/boards/TQBR/securities/LMBZ/candles.json?from=2023-10-09&till=2026-10-08&interval=24&iss.meta=off&start=0
2026-10-08 15:57:58.235 | DEBUG    | src.moex_loader:_fetch_page:48 - Запрос: https://iss.moex.com/iss/engines/stock/markets/shares/boards/TQBR/securities/LMBZ/candles.json?from=2023-10-09&till=2026-10-08&interval=24&iss.meta=off&start=0
2026-10-08 15:57:58.639 | DEBUG    | src.moex_loader:_fetch_page:48 - Запрос: https://iss.moex.com/iss/engines/stock/markets/shares/boards/TQBR/securities/LMBZ/candles.json?from=2023-10-09&till=2026-10-08&interval=24&iss.meta=off&start=500
2026-10-08 15:57:58.846 | INFO     | src.database:insert_raw_candles:110 - Вставлено 580 записей в raw_candles
2026-10-08 15:57:58.847 | INFO     | src.database:upsert_meta:149 - Мета-информация обновлена для LMBZ
2026-10-08 15:57:58.847 | INFO     | src.moex_loader:load_asset:216 - Загружено 580 свечей для LMBZ (stock)
2026-10-08 15:57:58.847 | DEBUG    | src.moex_loader:_fetch_page:48 - Запрос: https://iss.moex.com/iss/engines/stock/markets/shares/boards/TQBR/securities/LPSB/candles.json?from=2023-10-09&till=2026-10-08&interval=24&iss.meta=off&start=0
2026-10-08 15:57:59.827 | DEBUG    | src.moex_loader:_fetch_page:48 - Запрос: https://iss.moex.com/iss/engines/stock/markets/shares/boards/TQBR/securities/LPSB/candles.json?from=2023-10-09&till=2026-10-08&interval=24&iss.meta=off&start=0
2026-10-08 15:58:00.797 | DEBUG    | src.moex_loader:_fetch_page:48 - Запрос: https://iss.moex.com/iss/engines/stock/markets/shares/boards/TQBR/securities/LPSB/candles.json?from=2023-10-09&till=2026-10-08&interval=24&iss.meta=off&start=500
2026-10-08 15:58:01.130 | INFO     | src.database:insert_raw_candles:110 - Вставлено 550 записей в raw_candles
2026-10-08 15:58:01.131 | INFO     | src.database:upsert_meta:149 - Мета-информация обновлена для LPSB
2026-10-08 15:58:01.131 | INFO     | src.moex_loader:load_asset:216 - Загружено 550 свечей для LPSB (stock)
2026-10-08 15:58:01.131 | DEBUG    | src.moex_loader:_fetch_page:48 - Запрос: https://iss.moex.com/iss/engines/stock/markets/shares/boards/TQBR/securities/LSNG/candles.json?from=2023-10-09&till=2026-10-08&interval=24&iss.meta=off&start=0
2026-10-08 15:58:02.137 | DEBUG    | src.moex_loader:_fetch_page:48 - Запрос: https://iss.moex.com/iss/engines/stock/markets/shares/boards/TQBR/securities/LSNG/candles.json?from=2023-10-09&till=2026-10-08&interval=24&iss.meta=off&start=0
2026-10-08 15:58:02.345 | DEBUG    | src.moex_loader:_fetch_page:48 - Запрос: https://iss.moex.com/iss/engines/stock/markets/shares/boards/TQBR/securities/LSNG/candles.json?from=2023-10-09&till=2026-10-08&interval=24&iss.meta=off&start=500
2026-10-08 15:58:02.564 | INFO     | src.database:insert_raw_candles:110 - Вставлено 866 записей в raw_candles
2026-10-08 15:58:02.565 | INFO     | src.database:upsert_meta:149 - Мета-информация обновлена для LSNG
2026-10-08 15:58:02.565 | INFO     | src.moex_loader:load_asset:216 - Загружено 866 свечей для LSNG (stock)
2026-10-08 15:58:02.566 | DEBUG    | src.moex_loader:_fetch_page:48 - Запрос: https://iss.moex.com/iss/engines/stock/markets/shares/boards/TQBR/securities/LSNGP/candles.json?from=2023-10-09&till=2026-10-08&interval=24&iss.meta=off&start=0
2026-10-08 15:58:03.563 | DEBUG    | src.moex_loader:_fetch_page:48 - Запрос: https://iss.moex.com/iss/engines/stock/markets/shares/boards/TQBR/securities/LSNGP/candles.json?from=2023-10-09&till=2026-10-08&interval=24&iss.meta=off&start=0
2026-10-08 15:58:03.768 | DEBUG    | src.moex_loader:_fetch_page:48 - Запрос: https://iss.moex.com/iss/engines/stock/markets/shares/boards/TQBR/securities/LSNGP/candles.json?from=2023-10-09&till=2026-10-08&interval=24&iss.meta=off&start=500
2026-10-08 15:58:04.184 | INFO     | src.database:insert_raw_candles:110 - Вставлено 872 записей в raw_candles
2026-10-08 15:58:04.185 | INFO     | src.database:upsert_meta:149 - Мета-информация обновлена для LSNGP
2026-10-08 15:58:04.185 | INFO     | src.moex_loader:load_asset:216 - Загружено 872 свечей для LSNGP (stock)
2026-10-08 15:58:04.185 | DEBUG    | src.moex_loader:_fetch_page:48 - Запрос: https://iss.moex.com/iss/engines/stock/markets/shares/boards/TQBR/securities/LSRG/candles.json?from=2023-10-09&till=2026-10-08&interval=24&iss.meta=off&start=0
2026-10-08 15:58:05.187 | DEBUG    | src.moex_loader:_fetch_page:48 - Запрос: https://iss.moex.com/iss/engines/stock/markets/shares/boards/TQBR/securities/LSRG/candles.json?from=2023-10-09&till=2026-10-08&interval=24&iss.meta=off&start=0
2026-10-08 15:58:05.585 | DEBUG    | src.moex_loader:_fetch_page:48 - Запрос: https://iss.moex.com/iss/engines/stock/markets/shares/boards/TQBR/securities/LSRG/candles.json?from=2023-10-09&till=2026-10-08&interval=24&iss.meta=off&start=500
2026-10-08 15:58:05.804 | INFO     | src.database:insert_raw_candles:110 - Вставлено 884 записей в raw_candles
2026-10-08 15:58:05.805 | INFO     | src.database:upsert_meta:149 - Мета-информация обновлена для LSRG
2026-10-08 15:58:05.805 | INFO     | src.moex_loader:load_asset:216 - Загружено 884 свечей для LSRG (stock)
2026-10-08 15:58:05.805 | DEBUG    | src.moex_loader:_fetch_page:48 - Запрос: https://iss.moex.com/iss/engines/stock/markets/shares/boards/TQBR/securities/LVHK/candles.json?from=2023-10-09&till=2026-10-08&interval=24&iss.meta=off&start=0
2026-10-08 15:58:06.782 | DEBUG    | src.moex_loader:_fetch_page:48 - Запрос: https://iss.moex.com/iss/engines/stock/markets/shares/boards/TQBR/securities/LVHK/candles.json?from=2023-10-09&till=2026-10-08&interval=24&iss.meta=off&start=0
2026-10-08 15:58:07.122 | DEBUG    | src.moex_loader:_fetch_page:48 - Запрос: https://iss.moex.com/iss/engines/stock/markets/shares/boards/TQBR/securities/LVHK/candles.json?from=2023-10-09&till=2026-10-08&interval=24&iss.meta=off&start=500
2026-10-08 15:58:07.337 | INFO     | src.database:insert_raw_candles:110 - Вставлено 848 записей в raw_candles
2026-10-08 15:58:07.338 | INFO     | src.database:upsert_meta:149 - Мета-информация обновлена для LVHK
2026-10-08 15:58:07.338 | INFO     | src.moex_loader:load_asset:216 - Загружено 848 свечей для LVHK (stock)
2026-10-08 15:58:07.338 | DEBUG    | src.moex_loader:_fetch_page:48 - Запрос: https://iss.moex.com/iss/engines/stock/markets/shares/boards/TQBR/securities/MAGE/candles.json?from=2023-10-09&till=2026-10-08&interval=24&iss.meta=off&start=0
2026-10-08 15:58:08.293 | DEBUG    | src.moex_loader:_fetch_page:48 - Запрос: https://iss.moex.com/iss/engines/stock/markets/shares/boards/TQBR/securities/MAGE/candles.json?from=2023-10-09&till=2026-10-08&interval=24&iss.meta=off&start=0
2026-10-08 15:58:08.515 | DEBUG    | src.moex_loader:_fetch_page:48 - Запрос: https://iss.moex.com/iss/engines/stock/markets/shares/boards/TQBR/securities/MAGE/candles.json?from=2023-10-09&till=2026-10-08&interval=24&iss.meta=off&start=500
2026-10-08 15:58:08.729 | INFO     | src.database:insert_raw_candles:110 - Вставлено 852 записей в raw_candles
2026-10-08 15:58:08.730 | INFO     | src.database:upsert_meta:149 - Мета-информация обновлена для MAGE
2026-10-08 15:58:08.730 | INFO     | src.moex_loader:load_asset:216 - Загружено 852 свечей для MAGE (stock)
2026-10-08 15:58:08.730 | DEBUG    | src.moex_loader:_fetch_page:48 - Запрос: https://iss.moex.com/iss/engines/stock/markets/shares/boards/TQBR/securities/MAGEP/candles.json?from=2023-10-09&till=2026-10-08&interval=24&iss.meta=off&start=0
2026-10-08 15:58:09.666 | DEBUG    | src.moex_loader:_fetch_page:48 - Запрос: https://iss.moex.com/iss/engines/stock/markets/shares/boards/TQBR/securities/MAGEP/candles.json?from=2023-10-09&till=2026-10-08&interval=24&iss.meta=off&start=0
2026-10-08 15:58:09.866 | DEBUG    | src.moex_loader:_fetch_page:48 - Запрос: https://iss.moex.com/iss/engines/stock/markets/shares/boards/TQBR/securities/MAGEP/candles.json?from=2023-10-09&till=2026-10-08&interval=24&iss.meta=off&start=500
2026-10-08 15:58:10.077 | INFO     | src.database:insert_raw_candles:110 - Вставлено 852 записей в raw_candles
2026-10-08 15:58:10.078 | INFO     | src.database:upsert_meta:149 - Мета-информация обновлена для MAGEP
2026-10-08 15:58:10.078 | INFO     | src.moex_loader:load_asset:216 - Загружено 852 свечей для MAGEP (stock)
2026-10-08 15:58:10.078 | DEBUG    | src.moex_loader:_fetch_page:48 - Запрос: https://iss.moex.com/iss/engines/stock/markets/shares/boards/TQBR/securities/MAGN/candles.json?from=2023-10-09&till=2026-10-08&interval=24&iss.meta=off&start=0
2026-10-08 15:58:11.089 | DEBUG    | src.moex_loader:_fetch_page:48 - Запрос: https://iss.moex.com/iss/engines/stock/markets/shares/boards/TQBR/securities/MAGN/candles.json?from=2023-10-09&till=2026-10-08&interval=24&iss.meta=off&start=0
2026-10-08 15:58:11.288 | DEBUG    | src.moex_loader:_fetch_page:48 - Запрос: https://iss.moex.com/iss/engines/stock/markets/shares/boards/TQBR/securities/MAGN/candles.json?from=2023-10-09&till=2026-10-08&interval=24&iss.meta=off&start=500
2026-10-08 15:58:11.514 | INFO     | src.database:insert_raw_candles:110 - Вставлено 892 записей в raw_candles
2026-10-08 15:58:11.515 | INFO     | src.database:upsert_meta:149 - Мета-информация обновлена для MAGN
2026-10-08 15:58:11.515 | INFO     | src.moex_loader:load_asset:216 - Загружено 892 свечей для MAGN (stock)
2026-10-08 15:58:11.515 | DEBUG    | src.moex_loader:_fetch_page:48 - Запрос: https://iss.moex.com/iss/engines/stock/markets/shares/boards/TQBR/securities/MBNK/candles.json?from=2023-10-09&till=2026-10-08&interval=24&iss.meta=off&start=0
2026-10-08 15:58:12.494 | DEBUG    | src.moex_loader:_fetch_page:48 - Запрос: https://iss.moex.com/iss/engines/stock/markets/shares/boards/TQBR/securities/MBNK/candles.json?from=2023-10-09&till=2026-10-08&interval=24&iss.meta=off&start=0
2026-10-08 15:58:12.693 | DEBUG    | src.moex_loader:_fetch_page:48 - Запрос: https://iss.moex.com/iss/engines/stock/markets/shares/boards/TQBR/securities/MBNK/candles.json?from=2023-10-09&till=2026-10-08&interval=24&iss.meta=off&start=500
2026-10-08 15:58:12.909 | INFO     | src.database:insert_raw_candles:110 - Вставлено 744 записей в raw_candles
2026-10-08 15:58:12.910 | INFO     | src.database:upsert_meta:149 - Мета-информация обновлена для MBNK
2026-10-08 15:58:12.910 | INFO     | src.moex_loader:load_asset:216 - Загружено 744 свечей для MBNK (stock)
2026-10-08 15:58:12.910 | DEBUG    | src.moex_loader:_fetch_page:48 - Запрос: https://iss.moex.com/iss/engines/stock/markets/shares/boards/TQBR/securities/MDMG/candles.json?from=2023-10-09&till=2026-10-08&interval=24&iss.meta=off&start=0
2026-10-08 15:58:13.941 | DEBUG    | src.moex_loader:_fetch_page:48 - Запрос: https://iss.moex.com/iss/engines/stock/markets/shares/boards/TQBR/securities/MDMG/candles.json?from=2023-10-09&till=2026-10-08&interval=24&iss.meta=off&start=0
2026-10-08 15:58:14.151 | DEBUG    | src.moex_loader:_fetch_page:48 - Запрос: https://iss.moex.com/iss/engines/stock/markets/shares/boards/TQBR/securities/MDMG/candles.json?from=2023-10-09&till=2026-10-08&interval=24&iss.meta=off&start=500
2026-10-08 15:58:14.381 | INFO     | src.database:insert_raw_candles:110 - Вставлено 870 записей в raw_candles
2026-10-08 15:58:14.382 | INFO     | src.database:upsert_meta:149 - Мета-информация обновлена для MDMG
2026-10-08 15:58:14.382 | INFO     | src.moex_loader:load_asset:216 - Загружено 870 свечей для MDMG (stock)
2026-10-08 15:58:14.382 | DEBUG    | src.moex_loader:_fetch_page:48 - Запрос: https://iss.moex.com/iss/engines/stock/markets/shares/boards/TQBR/securities/MFGS/candles.json?from=2023-10-09&till=2026-10-08&interval=24&iss.meta=off&start=0
2026-10-08 15:58:15.373 | DEBUG    | src.moex_loader:_fetch_page:48 - Запрос: https://iss.moex.com/iss/engines/stock/markets/shares/boards/TQBR/securities/MFGS/candles.json?from=2023-10-09&till=2026-10-08&interval=24&iss.meta=off&start=0
2026-10-08 15:58:16.824 | DEBUG    | src.moex_loader:_fetch_page:48 - Запрос: https://iss.moex.com/iss/engines/stock/markets/shares/boards/TQBR/securities/MFGS/candles.json?from=2023-10-09&till=2026-10-08&interval=24&iss.meta=off&start=500
2026-10-08 15:58:17.042 | INFO     | src.database:insert_raw_candles:110 - Вставлено 841 записей в raw_candles
2026-10-08 15:58:17.043 | INFO     | src.database:upsert_meta:149 - Мета-информация обновлена для MFGS
2026-10-08 15:58:17.043 | INFO     | src.moex_loader:load_asset:216 - Загружено 841 свечей для MFGS (stock)
2026-10-08 15:58:17.043 | DEBUG    | src.moex_loader:_fetch_page:48 - Запрос: https://iss.moex.com/iss/engines/stock/markets/shares/boards/TQBR/securities/MFGSP/candles.json?from=2023-10-09&till=2026-10-08&interval=24&iss.meta=off&start=0
2026-10-08 15:58:18.022 | DEBUG    | src.moex_loader:_fetch_page:48 - Запрос: https://iss.moex.com/iss/engines/stock/markets/shares/boards/TQBR/securities/MFGSP/candles.json?from=2023-10-09&till=2026-10-08&interval=24&iss.meta=off&start=0
2026-10-08 15:58:18.275 | DEBUG    | src.moex_loader:_fetch_page:48 - Запрос: https://iss.moex.com/iss/engines/stock/markets/shares/boards/TQBR/securities/MFGSP/candles.json?from=2023-10-09&till=2026-10-08&interval=24&iss.meta=off&start=500
2026-10-08 15:58:18.493 | INFO     | src.database:insert_raw_candles:110 - Вставлено 845 записей в raw_candles
2026-10-08 15:58:18.493 | INFO     | src.database:upsert_meta:149 - Мета-информация обновлена для MFGSP
2026-10-08 15:58:18.493 | INFO     | src.moex_loader:load_asset:216 - Загружено 845 свечей для MFGSP (stock)
2026-10-08 15:58:18.494 | DEBUG    | src.moex_loader:_fetch_page:48 - Запрос: https://iss.moex.com/iss/engines/stock/markets/shares/boards/TQBR/securities/MGKL/candles.json?from=2023-10-09&till=2026-10-08&interval=24&iss.meta=off&start=0
2026-10-08 15:58:19.512 | DEBUG    | src.moex_loader:_fetch_page:48 - Запрос: https://iss.moex.com/iss/engines/stock/markets/shares/boards/TQBR/securities/MGKL/candles.json?from=2023-10-09&till=2026-10-08&interval=24&iss.meta=off&start=0
2026-10-08 15:58:19.720 | DEBUG    | src.moex_loader:_fetch_page:48 - Запрос: https://iss.moex.com/iss/engines/stock/markets/shares/boards/TQBR/securities/MGKL/candles.json?from=2023-10-09&till=2026-10-08&interval=24&iss.meta=off&start=500
2026-10-08 15:58:19.942 | INFO     | src.database:insert_raw_candles:110 - Вставлено 829 записей в raw_candles
2026-10-08 15:58:19.943 | INFO     | src.database:upsert_meta:149 - Мета-информация обновлена для MGKL
2026-10-08 15:58:19.943 | INFO     | src.moex_loader:load_asset:216 - Загружено 829 свечей для MGKL (stock)
2026-10-08 15:58:19.943 | DEBUG    | src.moex_loader:_fetch_page:48 - Запрос: https://iss.moex.com/iss/engines/stock/markets/shares/boards/TQBR/securities/MGNT/candles.json?from=2023-10-09&till=2026-10-08&interval=24&iss.meta=off&start=0
2026-10-08 15:58:20.943 | DEBUG    | src.moex_loader:_fetch_page:48 - Запрос: https://iss.moex.com/iss/engines/stock/markets/shares/boards/TQBR/securities/MGNT/candles.json?from=2023-10-09&till=2026-10-08&interval=24&iss.meta=off&start=0
2026-10-08 15:58:21.147 | DEBUG    | src.moex_loader:_fetch_page:48 - Запрос: https://iss.moex.com/iss/engines/stock/markets/shares/boards/TQBR/securities/MGNT/candles.json?from=2023-10-09&till=2026-10-08&interval=24&iss.meta=off&start=500
2026-10-08 15:58:21.371 | INFO     | src.database:insert_raw_candles:110 - Вставлено 892 записей в raw_candles
2026-10-08 15:58:21.371 | INFO     | src.database:upsert_meta:149 - Мета-информация обновлена для MGNT
2026-10-08 15:58:21.371 | INFO     | src.moex_loader:load_asset:216 - Загружено 892 свечей для MGNT (stock)
2026-10-08 15:58:21.372 | DEBUG    | src.moex_loader:_fetch_page:48 - Запрос: https://iss.moex.com/iss/engines/stock/markets/shares/boards/TQBR/securities/MGNZ/candles.json?from=2023-10-09&till=2026-10-08&interval=24&iss.meta=off&start=0
2026-10-08 15:58:22.166 | WARNING  | src.moex_loader:fetch_candles_async:85 - Нет данных для MGNZ за период 2023-10-09 - 2026-10-08
2026-10-08 15:58:22.167 | WARNING  | src.moex_loader:load_asset:204 - Нет данных для MGNZ (stock)
2026-10-08 15:58:22.168 | DEBUG    | src.moex_loader:_fetch_page:48 - Запрос: https://iss.moex.com/iss/engines/stock/markets/shares/boards/TQBR/securities/MGTS/candles.json?from=2023-10-09&till=2026-10-08&interval=24&iss.meta=off&start=0
2026-10-08 15:58:23.186 | DEBUG    | src.moex_loader:_fetch_page:48 - Запрос: https://iss.moex.com/iss/engines/stock/markets/shares/boards/TQBR/securities/MGTS/candles.json?from=2023-10-09&till=2026-10-08&interval=24&iss.meta=off&start=0
2026-10-08 15:58:23.394 | DEBUG    | src.moex_loader:_fetch_page:48 - Запрос: https://iss.moex.com/iss/engines/stock/markets/shares/boards/TQBR/securities/MGTS/candles.json?from=2023-10-09&till=2026-10-08&interval=24&iss.meta=off&start=500
2026-10-08 15:58:23.738 | INFO     | src.database:insert_raw_candles:110 - Вставлено 848 записей в raw_candles
2026-10-08 15:58:23.739 | INFO     | src.database:upsert_meta:149 - Мета-информация обновлена для MGTS
2026-10-08 15:58:23.739 | INFO     | src.moex_loader:load_asset:216 - Загружено 848 свечей для MGTS (stock)
2026-10-08 15:58:23.739 | DEBUG    | src.moex_loader:_fetch_page:48 - Запрос: https://iss.moex.com/iss/engines/stock/markets/shares/boards/TQBR/securities/MGTSP/candles.json?from=2023-10-09&till=2026-10-08&interval=24&iss.meta=off&start=0
2026-10-08 15:58:24.718 | DEBUG    | src.moex_loader:_fetch_page:48 - Запрос: https://iss.moex.com/iss/engines/stock/markets/shares/boards/TQBR/securities/MGTSP/candles.json?from=2023-10-09&till=2026-10-08&interval=24&iss.meta=off&start=0
2026-10-08 15:58:24.921 | DEBUG    | src.moex_loader:_fetch_page:48 - Запрос: https://iss.moex.com/iss/engines/stock/markets/shares/boards/TQBR/securities/MGTSP/candles.json?from=2023-10-09&till=2026-10-08&interval=24&iss.meta=off&start=500
2026-10-08 15:58:25.137 | INFO     | src.database:insert_raw_candles:110 - Вставлено 866 записей в raw_candles
2026-10-08 15:58:25.138 | INFO     | src.database:upsert_meta:149 - Мета-информация обновлена для MGTSP
2026-10-08 15:58:25.138 | INFO     | src.moex_loader:load_asset:216 - Загружено 866 свечей для MGTSP (stock)
2026-10-08 15:58:25.138 | DEBUG    | src.moex_loader:_fetch_page:48 - Запрос: https://iss.moex.com/iss/engines/stock/markets/shares/boards/TQBR/securities/MISB/candles.json?from=2023-10-09&till=2026-10-08&interval=24&iss.meta=off&start=0
2026-10-08 15:58:26.118 | DEBUG    | src.moex_loader:_fetch_page:48 - Запрос: https://iss.moex.com/iss/engines/stock/markets/shares/boards/TQBR/securities/MISB/candles.json?from=2023-10-09&till=2026-10-08&interval=24&iss.meta=off&start=0
2026-10-08 15:58:26.320 | DEBUG    | src.moex_loader:_fetch_page:48 - Запрос: https://iss.moex.com/iss/engines/stock/markets/shares/boards/TQBR/securities/MISB/candles.json?from=2023-10-09&till=2026-10-08&interval=24&iss.meta=off&start=500
2026-10-08 15:58:26.540 | INFO     | src.database:insert_raw_candles:110 - Вставлено 844 записей в raw_candles
2026-10-08 15:58:26.541 | INFO     | src.database:upsert_meta:149 - Мета-информация обновлена для MISB
2026-10-08 15:58:26.541 | INFO     | src.moex_loader:load_asset:216 - Загружено 844 свечей для MISB (stock)
2026-10-08 15:58:26.541 | DEBUG    | src.moex_loader:_fetch_page:48 - Запрос: https://iss.moex.com/iss/engines/stock/markets/shares/boards/TQBR/securities/MISBP/candles.json?from=2023-10-09&till=2026-10-08&interval=24&iss.meta=off&start=0
2026-10-08 15:58:27.956 | DEBUG    | src.moex_loader:_fetch_page:48 - Запрос: https://iss.moex.com/iss/engines/stock/markets/shares/boards/TQBR/securities/MISBP/candles.json?from=2023-10-09&till=2026-10-08&interval=24&iss.meta=off&start=0
2026-10-08 15:58:28.541 | DEBUG    | src.moex_loader:_fetch_page:48 - Запрос: https://iss.moex.com/iss/engines/stock/markets/shares/boards/TQBR/securities/MISBP/candles.json?from=2023-10-09&till=2026-10-08&interval=24&iss.meta=off&start=500
2026-10-08 15:58:29.103 | INFO     | src.database:insert_raw_candles:110 - Вставлено 846 записей в raw_candles
2026-10-08 15:58:29.103 | INFO     | src.database:upsert_meta:149 - Мета-информация обновлена для MISBP
2026-10-08 15:58:29.104 | INFO     | src.moex_loader:load_asset:216 - Загружено 846 свечей для MISBP (stock)
2026-10-08 15:58:29.104 | DEBUG    | src.moex_loader:_fetch_page:48 - Запрос: https://iss.moex.com/iss/engines/stock/markets/shares/boards/TQBR/securities/MOEX/candles.json?from=2023-10-09&till=2026-10-08&interval=24&iss.meta=off&start=0
2026-10-08 15:58:30.066 | DEBUG    | src.moex_loader:_fetch_page:48 - Запрос: https://iss.moex.com/iss/engines/stock/markets/shares/boards/TQBR/securities/MOEX/candles.json?from=2023-10-09&till=2026-10-08&interval=24&iss.meta=off&start=0
2026-10-08 15:58:30.280 | DEBUG    | src.moex_loader:_fetch_page:48 - Запрос: https://iss.moex.com/iss/engines/stock/markets/shares/boards/TQBR/securities/MOEX/candles.json?from=2023-10-09&till=2026-10-08&interval=24&iss.meta=off&start=500
2026-10-08 15:58:30.522 | INFO     | src.database:insert_raw_candles:110 - Вставлено 892 записей в raw_candles
2026-10-08 15:58:30.523 | INFO     | src.database:upsert_meta:149 - Мета-информация обновлена для MOEX
2026-10-08 15:58:30.523 | INFO     | src.moex_loader:load_asset:216 - Загружено 892 свечей для MOEX (stock)
2026-10-08 15:58:30.523 | DEBUG    | src.moex_loader:_fetch_page:48 - Запрос: https://iss.moex.com/iss/engines/stock/markets/shares/boards/TQBR/securities/MRKC/candles.json?from=2023-10-09&till=2026-10-08&interval=24&iss.meta=off&start=0
2026-10-08 15:58:31.507 | DEBUG    | src.moex_loader:_fetch_page:48 - Запрос: https://iss.moex.com/iss/engines/stock/markets/shares/boards/TQBR/securities/MRKC/candles.json?from=2023-10-09&till=2026-10-08&interval=24&iss.meta=off&start=0
2026-10-08 15:58:31.708 | DEBUG    | src.moex_loader:_fetch_page:48 - Запрос: https://iss.moex.com/iss/engines/stock/markets/shares/boards/TQBR/securities/MRKC/candles.json?from=2023-10-09&till=2026-10-08&interval=24&iss.meta=off&start=500
2026-10-08 15:58:31.931 | INFO     | src.database:insert_raw_candles:110 - Вставлено 876 записей в raw_candles
2026-10-08 15:58:31.932 | INFO     | src.database:upsert_meta:149 - Мета-информация обновлена для MRKC
2026-10-08 15:58:31.932 | INFO     | src.moex_loader:load_asset:216 - Загружено 876 свечей для MRKC (stock)
2026-10-08 15:58:31.932 | DEBUG    | src.moex_loader:_fetch_page:48 - Запрос: https://iss.moex.com/iss/engines/stock/markets/shares/boards/TQBR/securities/MRKK/candles.json?from=2023-10-09&till=2026-10-08&interval=24&iss.meta=off&start=0
2026-10-08 15:58:33.092 | DEBUG    | src.moex_loader:_fetch_page:48 - Запрос: https://iss.moex.com/iss/engines/stock/markets/shares/boards/TQBR/securities/MRKK/candles.json?from=2023-10-09&till=2026-10-08&interval=24&iss.meta=off&start=0
2026-10-08 15:58:33.490 | DEBUG    | src.moex_loader:_fetch_page:48 - Запрос: https://iss.moex.com/iss/engines/stock/markets/shares/boards/TQBR/securities/MRKK/candles.json?from=2023-10-09&till=2026-10-08&interval=24&iss.meta=off&start=500
2026-10-08 15:58:33.715 | INFO     | src.database:insert_raw_candles:110 - Вставлено 852 записей в raw_candles
2026-10-08 15:58:33.716 | INFO     | src.database:upsert_meta:149 - Мета-информация обновлена для MRKK
2026-10-08 15:58:33.716 | INFO     | src.moex_loader:load_asset:216 - Загружено 852 свечей для MRKK (stock)
2026-10-08 15:58:33.716 | DEBUG    | src.moex_loader:_fetch_page:48 - Запрос: https://iss.moex.com/iss/engines/stock/markets/shares/boards/TQBR/securities/MRKP/candles.json?from=2023-10-09&till=2026-10-08&interval=24&iss.meta=off&start=0
2026-10-08 15:58:34.708 | DEBUG    | src.moex_loader:_fetch_page:48 - Запрос: https://iss.moex.com/iss/engines/stock/markets/shares/boards/TQBR/securities/MRKP/candles.json?from=2023-10-09&till=2026-10-08&interval=24&iss.meta=off&start=0
2026-10-08 15:58:35.144 | DEBUG    | src.moex_loader:_fetch_page:48 - Запрос: https://iss.moex.com/iss/engines/stock/markets/shares/boards/TQBR/securities/MRKP/candles.json?from=2023-10-09&till=2026-10-08&interval=24&iss.meta=off&start=500
2026-10-08 15:58:35.556 | INFO     | src.database:insert_raw_candles:110 - Вставлено 876 записей в raw_candles
2026-10-08 15:58:35.557 | INFO     | src.database:upsert_meta:149 - Мета-информация обновлена для MRKP
2026-10-08 15:58:35.557 | INFO     | src.moex_loader:load_asset:216 - Загружено 876 свечей для MRKP (stock)
2026-10-08 15:58:35.557 | DEBUG    | src.moex_loader:_fetch_page:48 - Запрос: https://iss.moex.com/iss/engines/stock/markets/shares/boards/TQBR/securities/MRKS/candles.json?from=2023-10-09&till=2026-10-08&interval=24&iss.meta=off&start=0
2026-10-08 15:58:36.573 | DEBUG    | src.moex_loader:_fetch_page:48 - Запрос: https://iss.moex.com/iss/engines/stock/markets/shares/boards/TQBR/securities/MRKS/candles.json?from=2023-10-09&till=2026-10-08&interval=24&iss.meta=off&start=0
2026-10-08 15:58:36.775 | DEBUG    | src.moex_loader:_fetch_page:48 - Запрос: https://iss.moex.com/iss/engines/stock/markets/shares/boards/TQBR/securities/MRKS/candles.json?from=2023-10-09&till=2026-10-08&interval=24&iss.meta=off&start=500
2026-10-08 15:58:37.116 | INFO     | src.database:insert_raw_candles:110 - Вставлено 882 записей в raw_candles
2026-10-08 15:58:37.117 | INFO     | src.database:upsert_meta:149 - Мета-информация обновлена для MRKS
2026-10-08 15:58:37.117 | INFO     | src.moex_loader:load_asset:216 - Загружено 882 свечей для MRKS (stock)
2026-10-08 15:58:37.117 | DEBUG    | src.moex_loader:_fetch_page:48 - Запрос: https://iss.moex.com/iss/engines/stock/markets/shares/boards/TQBR/securities/MRKU/candles.json?from=2023-10-09&till=2026-10-08&interval=24&iss.meta=off&start=0
2026-10-08 15:58:38.128 | DEBUG    | src.moex_loader:_fetch_page:48 - Запрос: https://iss.moex.com/iss/engines/stock/markets/shares/boards/TQBR/securities/MRKU/candles.json?from=2023-10-09&till=2026-10-08&interval=24&iss.meta=off&start=0
2026-10-08 15:58:38.534 | DEBUG    | src.moex_loader:_fetch_page:48 - Запрос: https://iss.moex.com/iss/engines/stock/markets/shares/boards/TQBR/securities/MRKU/candles.json?from=2023-10-09&till=2026-10-08&interval=24&iss.meta=off&start=500
2026-10-08 15:58:38.754 | INFO     | src.database:insert_raw_candles:110 - Вставлено 881 записей в raw_candles
2026-10-08 15:58:38.755 | INFO     | src.database:upsert_meta:149 - Мета-информация обновлена для MRKU
2026-10-08 15:58:38.755 | INFO     | src.moex_loader:load_asset:216 - Загружено 881 свечей для MRKU (stock)
2026-10-08 15:58:38.755 | DEBUG    | src.moex_loader:_fetch_page:48 - Запрос: https://iss.moex.com/iss/engines/stock/markets/shares/boards/TQBR/securities/MRKV/candles.json?from=2023-10-09&till=2026-10-08&interval=24&iss.meta=off&start=0
2026-10-08 15:58:39.743 | DEBUG    | src.moex_loader:_fetch_page:48 - Запрос: https://iss.moex.com/iss/engines/stock/markets/shares/boards/TQBR/securities/MRKV/candles.json?from=2023-10-09&till=2026-10-08&interval=24&iss.meta=off&start=0
2026-10-08 15:58:40.344 | DEBUG    | src.moex_loader:_fetch_page:48 - Запрос: https://iss.moex.com/iss/engines/stock/markets/shares/boards/TQBR/securities/MRKV/candles.json?from=2023-10-09&till=2026-10-08&interval=24&iss.meta=off&start=500
2026-10-08 15:58:40.754 | INFO     | src.database:insert_raw_candles:110 - Вставлено 876 записей в raw_candles
2026-10-08 15:58:40.754 | INFO     | src.database:upsert_meta:149 - Мета-информация обновлена для MRKV
2026-10-08 15:58:40.754 | INFO     | src.moex_loader:load_asset:216 - Загружено 876 свечей для MRKV (stock)
2026-10-08 15:58:40.755 | DEBUG    | src.moex_loader:_fetch_page:48 - Запрос: https://iss.moex.com/iss/engines/stock/markets/shares/boards/TQBR/securities/MRKY/candles.json?from=2023-10-09&till=2026-10-08&interval=24&iss.meta=off&start=0
2026-10-08 15:58:41.754 | DEBUG    | src.moex_loader:_fetch_page:48 - Запрос: https://iss.moex.com/iss/engines/stock/markets/shares/boards/TQBR/securities/MRKY/candles.json?from=2023-10-09&till=2026-10-08&interval=24&iss.meta=off&start=0
2026-10-08 15:58:41.968 | DEBUG    | src.moex_loader:_fetch_page:48 - Запрос: https://iss.moex.com/iss/engines/stock/markets/shares/boards/TQBR/securities/MRKY/candles.json?from=2023-10-09&till=2026-10-08&interval=24&iss.meta=off&start=500
2026-10-08 15:58:42.194 | INFO     | src.database:insert_raw_candles:110 - Вставлено 866 записей в raw_candles
2026-10-08 15:58:42.195 | INFO     | src.database:upsert_meta:149 - Мета-информация обновлена для MRKY
2026-10-08 15:58:42.195 | INFO     | src.moex_loader:load_asset:216 - Загружено 866 свечей для MRKY (stock)
2026-10-08 15:58:42.195 | DEBUG    | src.moex_loader:_fetch_page:48 - Запрос: https://iss.moex.com/iss/engines/stock/markets/shares/boards/TQBR/securities/MRKZ/candles.json?from=2023-10-09&till=2026-10-08&interval=24&iss.meta=off&start=0
2026-10-08 15:58:43.173 | DEBUG    | src.moex_loader:_fetch_page:48 - Запрос: https://iss.moex.com/iss/engines/stock/markets/shares/boards/TQBR/securities/MRKZ/candles.json?from=2023-10-09&till=2026-10-08&interval=24&iss.meta=off&start=0
2026-10-08 15:58:43.759 | DEBUG    | src.moex_loader:_fetch_page:48 - Запрос: https://iss.moex.com/iss/engines/stock/markets/shares/boards/TQBR/securities/MRKZ/candles.json?from=2023-10-09&till=2026-10-08&interval=24&iss.meta=off&start=500
2026-10-08 15:58:43.976 | INFO     | src.database:insert_raw_candles:110 - Вставлено 876 записей в raw_candles
2026-10-08 15:58:43.977 | INFO     | src.database:upsert_meta:149 - Мета-информация обновлена для MRKZ
2026-10-08 15:58:43.977 | INFO     | src.moex_loader:load_asset:216 - Загружено 876 свечей для MRKZ (stock)
2026-10-08 15:58:43.978 | DEBUG    | src.moex_loader:_fetch_page:48 - Запрос: https://iss.moex.com/iss/engines/stock/markets/shares/boards/TQBR/securities/MRSB/candles.json?from=2023-10-09&till=2026-10-08&interval=24&iss.meta=off&start=0
2026-10-08 15:58:44.931 | DEBUG    | src.moex_loader:_fetch_page:48 - Запрос: https://iss.moex.com/iss/engines/stock/markets/shares/boards/TQBR/securities/MRSB/candles.json?from=2023-10-09&till=2026-10-08&interval=24&iss.meta=off&start=0
2026-10-08 15:58:45.127 | DEBUG    | src.moex_loader:_fetch_page:48 - Запрос: https://iss.moex.com/iss/engines/stock/markets/shares/boards/TQBR/securities/MRSB/candles.json?from=2023-10-09&till=2026-10-08&interval=24&iss.meta=off&start=500
2026-10-08 15:58:45.341 | INFO     | src.database:insert_raw_candles:110 - Вставлено 851 записей в raw_candles
2026-10-08 15:58:45.342 | INFO     | src.database:upsert_meta:149 - Мета-информация обновлена для MRSB
2026-10-08 15:58:45.342 | INFO     | src.moex_loader:load_asset:216 - Загружено 851 свечей для MRSB (stock)
2026-10-08 15:58:45.342 | DEBUG    | src.moex_loader:_fetch_page:48 - Запрос: https://iss.moex.com/iss/engines/stock/markets/shares/boards/TQBR/securities/MSNG/candles.json?from=2023-10-09&till=2026-10-08&interval=24&iss.meta=off&start=0
2026-10-08 15:58:46.348 | DEBUG    | src.moex_loader:_fetch_page:48 - Запрос: https://iss.moex.com/iss/engines/stock/markets/shares/boards/TQBR/securities/MSNG/candles.json?from=2023-10-09&till=2026-10-08&interval=24&iss.meta=off&start=0
2026-10-08 15:58:46.555 | DEBUG    | src.moex_loader:_fetch_page:48 - Запрос: https://iss.moex.com/iss/engines/stock/markets/shares/boards/TQBR/securities/MSNG/candles.json?from=2023-10-09&till=2026-10-08&interval=24&iss.meta=off&start=500
2026-10-08 15:58:46.777 | INFO     | src.database:insert_raw_candles:110 - Вставлено 892 записей в raw_candles
2026-10-08 15:58:46.778 | INFO     | src.database:upsert_meta:149 - Мета-информация обновлена для MSNG
2026-10-08 15:58:46.778 | INFO     | src.moex_loader:load_asset:216 - Загружено 892 свечей для MSNG (stock)
2026-10-08 15:58:46.779 | DEBUG    | src.moex_loader:_fetch_page:48 - Запрос: https://iss.moex.com/iss/engines/stock/markets/shares/boards/TQBR/securities/MSRS/candles.json?from=2023-10-09&till=2026-10-08&interval=24&iss.meta=off&start=0
2026-10-08 15:58:47.788 | DEBUG    | src.moex_loader:_fetch_page:48 - Запрос: https://iss.moex.com/iss/engines/stock/markets/shares/boards/TQBR/securities/MSRS/candles.json?from=2023-10-09&till=2026-10-08&interval=24&iss.meta=off&start=0
2026-10-08 15:58:47.992 | DEBUG    | src.moex_loader:_fetch_page:48 - Запрос: https://iss.moex.com/iss/engines/stock/markets/shares/boards/TQBR/securities/MSRS/candles.json?from=2023-10-09&till=2026-10-08&interval=24&iss.meta=off&start=500
2026-10-08 15:58:48.214 | INFO     | src.database:insert_raw_candles:110 - Вставлено 882 записей в raw_candles
2026-10-08 15:58:48.215 | INFO     | src.database:upsert_meta:149 - Мета-информация обновлена для MSRS
2026-10-08 15:58:48.215 | INFO     | src.moex_loader:load_asset:216 - Загружено 882 свечей для MSRS (stock)
2026-10-08 15:58:48.215 | DEBUG    | src.moex_loader:_fetch_page:48 - Запрос: https://iss.moex.com/iss/engines/stock/markets/shares/boards/TQBR/securities/MSTT/candles.json?from=2023-10-09&till=2026-10-08&interval=24&iss.meta=off&start=0
2026-10-08 15:58:49.227 | DEBUG    | src.moex_loader:_fetch_page:48 - Запрос: https://iss.moex.com/iss/engines/stock/markets/shares/boards/TQBR/securities/MSTT/candles.json?from=2023-10-09&till=2026-10-08&interval=24&iss.meta=off&start=0
2026-10-08 15:58:49.700 | DEBUG    | src.moex_loader:_fetch_page:48 - Запрос: https://iss.moex.com/iss/engines/stock/markets/shares/boards/TQBR/securities/MSTT/candles.json?from=2023-10-09&till=2026-10-08&interval=24&iss.meta=off&start=500
2026-10-08 15:58:49.993 | INFO     | src.database:insert_raw_candles:110 - Вставлено 872 записей в raw_candles
2026-10-08 15:58:49.994 | INFO     | src.database:upsert_meta:149 - Мета-информация обновлена для MSTT
2026-10-08 15:58:49.994 | INFO     | src.moex_loader:load_asset:216 - Загружено 872 свечей для MSTT (stock)
2026-10-08 15:58:49.994 | DEBUG    | src.moex_loader:_fetch_page:48 - Запрос: https://iss.moex.com/iss/engines/stock/markets/shares/boards/TQBR/securities/MTLR/candles.json?from=2023-10-09&till=2026-10-08&interval=24&iss.meta=off&start=0
2026-10-08 15:58:50.957 | DEBUG    | src.moex_loader:_fetch_page:48 - Запрос: https://iss.moex.com/iss/engines/stock/markets/shares/boards/TQBR/securities/MTLR/candles.json?from=2023-10-09&till=2026-10-08&interval=24&iss.meta=off&start=0
2026-10-08 15:58:51.155 | DEBUG    | src.moex_loader:_fetch_page:48 - Запрос: https://iss.moex.com/iss/engines/stock/markets/shares/boards/TQBR/securities/MTLR/candles.json?from=2023-10-09&till=2026-10-08&interval=24&iss.meta=off&start=500
2026-10-08 15:58:51.400 | INFO     | src.database:insert_raw_candles:110 - Вставлено 892 записей в raw_candles
2026-10-08 15:58:51.401 | INFO     | src.database:upsert_meta:149 - Мета-информация обновлена для MTLR
2026-10-08 15:58:51.401 | INFO     | src.moex_loader:load_asset:216 - Загружено 892 свечей для MTLR (stock)
2026-10-08 15:58:51.401 | DEBUG    | src.moex_loader:_fetch_page:48 - Запрос: https://iss.moex.com/iss/engines/stock/markets/shares/boards/TQBR/securities/MTLRP/candles.json?from=2023-10-09&till=2026-10-08&interval=24&iss.meta=off&start=0
2026-10-08 15:58:52.387 | DEBUG    | src.moex_loader:_fetch_page:48 - Запрос: https://iss.moex.com/iss/engines/stock/markets/shares/boards/TQBR/securities/MTLRP/candles.json?from=2023-10-09&till=2026-10-08&interval=24&iss.meta=off&start=0
2026-10-08 15:58:52.588 | DEBUG    | src.moex_loader:_fetch_page:48 - Запрос: https://iss.moex.com/iss/engines/stock/markets/shares/boards/TQBR/securities/MTLRP/candles.json?from=2023-10-09&till=2026-10-08&interval=24&iss.meta=off&start=500
2026-10-08 15:58:52.806 | INFO     | src.database:insert_raw_candles:110 - Вставлено 892 записей в raw_candles
2026-10-08 15:58:52.807 | INFO     | src.database:upsert_meta:149 - Мета-информация обновлена для MTLRP
2026-10-08 15:58:52.807 | INFO     | src.moex_loader:load_asset:216 - Загружено 892 свечей для MTLRP (stock)
2026-10-08 15:58:52.807 | DEBUG    | src.moex_loader:_fetch_page:48 - Запрос: https://iss.moex.com/iss/engines/stock/markets/shares/boards/TQBR/securities/MTSS/candles.json?from=2023-10-09&till=2026-10-08&interval=24&iss.meta=off&start=0
2026-10-08 15:58:53.851 | DEBUG    | src.moex_loader:_fetch_page:48 - Запрос: https://iss.moex.com/iss/engines/stock/markets/shares/boards/TQBR/securities/MTSS/candles.json?from=2023-10-09&till=2026-10-08&interval=24&iss.meta=off&start=0
2026-10-08 15:58:54.064 | DEBUG    | src.moex_loader:_fetch_page:48 - Запрос: https://iss.moex.com/iss/engines/stock/markets/shares/boards/TQBR/securities/MTSS/candles.json?from=2023-10-09&till=2026-10-08&interval=24&iss.meta=off&start=500
2026-10-08 15:58:54.313 | INFO     | src.database:insert_raw_candles:110 - Вставлено 891 записей в raw_candles
2026-10-08 15:58:54.314 | INFO     | src.database:upsert_meta:149 - Мета-информация обновлена для MTSS
2026-10-08 15:58:54.314 | INFO     | src.moex_loader:load_asset:216 - Загружено 891 свечей для MTSS (stock)
2026-10-08 15:58:54.314 | DEBUG    | src.moex_loader:_fetch_page:48 - Запрос: https://iss.moex.com/iss/engines/stock/markets/shares/boards/TQBR/securities/MVID/candles.json?from=2023-10-09&till=2026-10-08&interval=24&iss.meta=off&start=0
2026-10-08 15:58:55.307 | DEBUG    | src.moex_loader:_fetch_page:48 - Запрос: https://iss.moex.com/iss/engines/stock/markets/shares/boards/TQBR/securities/MVID/candles.json?from=2023-10-09&till=2026-10-08&interval=24&iss.meta=off&start=0
2026-10-08 15:58:55.509 | DEBUG    | src.moex_loader:_fetch_page:48 - Запрос: https://iss.moex.com/iss/engines/stock/markets/shares/boards/TQBR/securities/MVID/candles.json?from=2023-10-09&till=2026-10-08&interval=24&iss.meta=off&start=500
2026-10-08 15:58:56.113 | INFO     | src.database:insert_raw_candles:110 - Вставлено 888 записей в raw_candles
2026-10-08 15:58:56.114 | INFO     | src.database:upsert_meta:149 - Мета-информация обновлена для MVID
2026-10-08 15:58:56.114 | INFO     | src.moex_loader:load_asset:216 - Загружено 888 свечей для MVID (stock)
2026-10-08 15:58:56.114 | DEBUG    | src.moex_loader:_fetch_page:48 - Запрос: https://iss.moex.com/iss/engines/stock/markets/shares/boards/TQBR/securities/NAUK/candles.json?from=2023-10-09&till=2026-10-08&interval=24&iss.meta=off&start=0
2026-10-08 15:58:57.139 | DEBUG    | src.moex_loader:_fetch_page:48 - Запрос: https://iss.moex.com/iss/engines/stock/markets/shares/boards/TQBR/securities/NAUK/candles.json?from=2023-10-09&till=2026-10-08&interval=24&iss.meta=off&start=0
2026-10-08 15:58:57.744 | DEBUG    | src.moex_loader:_fetch_page:48 - Запрос: https://iss.moex.com/iss/engines/stock/markets/shares/boards/TQBR/securities/NAUK/candles.json?from=2023-10-09&till=2026-10-08&interval=24&iss.meta=off&start=500
2026-10-08 15:58:58.367 | INFO     | src.database:insert_raw_candles:110 - Вставлено 849 записей в raw_candles
2026-10-08 15:58:58.368 | INFO     | src.database:upsert_meta:149 - Мета-информация обновлена для NAUK
2026-10-08 15:58:58.368 | INFO     | src.moex_loader:load_asset:216 - Загружено 849 свечей для NAUK (stock)
2026-10-08 15:58:58.368 | DEBUG    | src.moex_loader:_fetch_page:48 - Запрос: https://iss.moex.com/iss/engines/stock/markets/shares/boards/TQBR/securities/NFAZ/candles.json?from=2023-10-09&till=2026-10-08&interval=24&iss.meta=off&start=0
2026-10-08 15:58:59.366 | DEBUG    | src.moex_loader:_fetch_page:48 - Запрос: https://iss.moex.com/iss/engines/stock/markets/shares/boards/TQBR/securities/NFAZ/candles.json?from=2023-10-09&till=2026-10-08&interval=24&iss.meta=off&start=0
2026-10-08 15:58:59.700 | DEBUG    | src.moex_loader:_fetch_page:48 - Запрос: https://iss.moex.com/iss/engines/stock/markets/shares/boards/TQBR/securities/NFAZ/candles.json?from=2023-10-09&till=2026-10-08&interval=24&iss.meta=off&start=500
2026-10-08 15:58:59.939 | INFO     | src.database:insert_raw_candles:110 - Вставлено 847 записей в raw_candles
2026-10-08 15:58:59.939 | INFO     | src.database:upsert_meta:149 - Мета-информация обновлена для NFAZ
2026-10-08 15:58:59.940 | INFO     | src.moex_loader:load_asset:216 - Загружено 847 свечей для NFAZ (stock)
2026-10-08 15:58:59.940 | DEBUG    | src.moex_loader:_fetch_page:48 - Запрос: https://iss.moex.com/iss/engines/stock/markets/shares/boards/TQBR/securities/NKHP/candles.json?from=2023-10-09&till=2026-10-08&interval=24&iss.meta=off&start=0
2026-10-08 15:59:00.927 | DEBUG    | src.moex_loader:_fetch_page:48 - Запрос: https://iss.moex.com/iss/engines/stock/markets/shares/boards/TQBR/securities/NKHP/candles.json?from=2023-10-09&till=2026-10-08&interval=24&iss.meta=off&start=0
2026-10-08 15:59:01.316 | DEBUG    | src.moex_loader:_fetch_page:48 - Запрос: https://iss.moex.com/iss/engines/stock/markets/shares/boards/TQBR/securities/NKHP/candles.json?from=2023-10-09&till=2026-10-08&interval=24&iss.meta=off&start=500
2026-10-08 15:59:01.531 | INFO     | src.database:insert_raw_candles:110 - Вставлено 870 записей в raw_candles
2026-10-08 15:59:01.531 | INFO     | src.database:upsert_meta:149 - Мета-информация обновлена для NKHP
2026-10-08 15:59:01.531 | INFO     | src.moex_loader:load_asset:216 - Загружено 870 свечей для NKHP (stock)
2026-10-08 15:59:01.532 | DEBUG    | src.moex_loader:_fetch_page:48 - Запрос: https://iss.moex.com/iss/engines/stock/markets/shares/boards/TQBR/securities/NKNC/candles.json?from=2023-10-09&till=2026-10-08&interval=24&iss.meta=off&start=0
2026-10-08 15:59:02.533 | DEBUG    | src.moex_loader:_fetch_page:48 - Запрос: https://iss.moex.com/iss/engines/stock/markets/shares/boards/TQBR/securities/NKNC/candles.json?from=2023-10-09&till=2026-10-08&interval=24&iss.meta=off&start=0
2026-10-08 15:59:02.741 | DEBUG    | src.moex_loader:_fetch_page:48 - Запрос: https://iss.moex.com/iss/engines/stock/markets/shares/boards/TQBR/securities/NKNC/candles.json?from=2023-10-09&till=2026-10-08&interval=24&iss.meta=off&start=500
2026-10-08 15:59:02.960 | INFO     | src.database:insert_raw_candles:110 - Вставлено 866 записей в raw_candles
2026-10-08 15:59:02.961 | INFO     | src.database:upsert_meta:149 - Мета-информация обновлена для NKNC
2026-10-08 15:59:02.961 | INFO     | src.moex_loader:load_asset:216 - Загружено 866 свечей для NKNC (stock)
2026-10-08 15:59:02.962 | DEBUG    | src.moex_loader:_fetch_page:48 - Запрос: https://iss.moex.com/iss/engines/stock/markets/shares/boards/TQBR/securities/NKNCP/candles.json?from=2023-10-09&till=2026-10-08&interval=24&iss.meta=off&start=0
2026-10-08 15:59:03.956 | DEBUG    | src.moex_loader:_fetch_page:48 - Запрос: https://iss.moex.com/iss/engines/stock/markets/shares/boards/TQBR/securities/NKNCP/candles.json?from=2023-10-09&till=2026-10-08&interval=24&iss.meta=off&start=0
2026-10-08 15:59:04.163 | DEBUG    | src.moex_loader:_fetch_page:48 - Запрос: https://iss.moex.com/iss/engines/stock/markets/shares/boards/TQBR/securities/NKNCP/candles.json?from=2023-10-09&till=2026-10-08&interval=24&iss.meta=off&start=500
2026-10-08 15:59:04.385 | INFO     | src.database:insert_raw_candles:110 - Вставлено 866 записей в raw_candles
2026-10-08 15:59:04.385 | INFO     | src.database:upsert_meta:149 - Мета-информация обновлена для NKNCP
2026-10-08 15:59:04.386 | INFO     | src.moex_loader:load_asset:216 - Загружено 866 свечей для NKNCP (stock)
2026-10-08 15:59:04.386 | DEBUG    | src.moex_loader:_fetch_page:48 - Запрос: https://iss.moex.com/iss/engines/stock/markets/shares/boards/TQBR/securities/NKSH/candles.json?from=2023-10-09&till=2026-10-08&interval=24&iss.meta=off&start=0
2026-10-08 15:59:05.345 | DEBUG    | src.moex_loader:_fetch_page:48 - Запрос: https://iss.moex.com/iss/engines/stock/markets/shares/boards/TQBR/securities/NKSH/candles.json?from=2023-10-09&till=2026-10-08&interval=24&iss.meta=off&start=0
2026-10-08 15:59:05.594 | DEBUG    | src.moex_loader:_fetch_page:48 - Запрос: https://iss.moex.com/iss/engines/stock/markets/shares/boards/TQBR/securities/NKSH/candles.json?from=2023-10-09&till=2026-10-08&interval=24&iss.meta=off&start=500
2026-10-08 15:59:05.821 | INFO     | src.database:insert_raw_candles:110 - Вставлено 846 записей в raw_candles
2026-10-08 15:59:05.821 | INFO     | src.database:upsert_meta:149 - Мета-информация обновлена для NKSH
2026-10-08 15:59:05.822 | INFO     | src.moex_loader:load_asset:216 - Загружено 846 свечей для NKSH (stock)
2026-10-08 15:59:05.822 | DEBUG    | src.moex_loader:_fetch_page:48 - Запрос: https://iss.moex.com/iss/engines/stock/markets/shares/boards/TQBR/securities/NLMK/candles.json?from=2023-10-09&till=2026-10-08&interval=24&iss.meta=off&start=0
2026-10-08 15:59:06.852 | DEBUG    | src.moex_loader:_fetch_page:48 - Запрос: https://iss.moex.com/iss/engines/stock/markets/shares/boards/TQBR/securities/NLMK/candles.json?from=2023-10-09&till=2026-10-08&interval=24&iss.meta=off&start=0
2026-10-08 15:59:07.062 | DEBUG    | src.moex_loader:_fetch_page:48 - Запрос: https://iss.moex.com/iss/engines/stock/markets/shares/boards/TQBR/securities/NLMK/candles.json?from=2023-10-09&till=2026-10-08&interval=24&iss.meta=off&start=500
2026-10-08 15:59:07.286 | INFO     | src.database:insert_raw_candles:110 - Вставлено 892 записей в raw_candles
2026-10-08 15:59:07.286 | INFO     | src.database:upsert_meta:149 - Мета-информация обновлена для NLMK
2026-10-08 15:59:07.287 | INFO     | src.moex_loader:load_asset:216 - Загружено 892 свечей для NLMK (stock)
2026-10-08 15:59:07.287 | DEBUG    | src.moex_loader:_fetch_page:48 - Запрос: https://iss.moex.com/iss/engines/stock/markets/shares/boards/TQBR/securities/NMTP/candles.json?from=2023-10-09&till=2026-10-08&interval=24&iss.meta=off&start=0
2026-10-08 15:59:08.259 | DEBUG    | src.moex_loader:_fetch_page:48 - Запрос: https://iss.moex.com/iss/engines/stock/markets/shares/boards/TQBR/securities/NMTP/candles.json?from=2023-10-09&till=2026-10-08&interval=24&iss.meta=off&start=0
2026-10-08 15:59:08.458 | DEBUG    | src.moex_loader:_fetch_page:48 - Запрос: https://iss.moex.com/iss/engines/stock/markets/shares/boards/TQBR/securities/NMTP/candles.json?from=2023-10-09&till=2026-10-08&interval=24&iss.meta=off&start=500
2026-10-08 15:59:08.669 | INFO     | src.database:insert_raw_candles:110 - Вставлено 886 записей в raw_candles
2026-10-08 15:59:08.670 | INFO     | src.database:upsert_meta:149 - Мета-информация обновлена для NMTP
2026-10-08 15:59:08.670 | INFO     | src.moex_loader:load_asset:216 - Загружено 886 свечей для NMTP (stock)
2026-10-08 15:59:08.670 | DEBUG    | src.moex_loader:_fetch_page:48 - Запрос: https://iss.moex.com/iss/engines/stock/markets/shares/boards/TQBR/securities/NNSB/candles.json?from=2023-10-09&till=2026-10-08&interval=24&iss.meta=off&start=0
2026-10-08 15:59:09.652 | DEBUG    | src.moex_loader:_fetch_page:48 - Запрос: https://iss.moex.com/iss/engines/stock/markets/shares/boards/TQBR/securities/NNSB/candles.json?from=2023-10-09&till=2026-10-08&interval=24&iss.meta=off&start=0
2026-10-08 15:59:10.041 | DEBUG    | src.moex_loader:_fetch_page:48 - Запрос: https://iss.moex.com/iss/engines/stock/markets/shares/boards/TQBR/securities/NNSB/candles.json?from=2023-10-09&till=2026-10-08&interval=24&iss.meta=off&start=500
2026-10-08 15:59:10.365 | INFO     | src.database:insert_raw_candles:110 - Вставлено 834 записей в raw_candles
2026-10-08 15:59:10.366 | INFO     | src.database:upsert_meta:149 - Мета-информация обновлена для NNSB
2026-10-08 15:59:10.366 | INFO     | src.moex_loader:load_asset:216 - Загружено 834 свечей для NNSB (stock)
2026-10-08 15:59:10.366 | DEBUG    | src.moex_loader:_fetch_page:48 - Запрос: https://iss.moex.com/iss/engines/stock/markets/shares/boards/TQBR/securities/NNSBP/candles.json?from=2023-10-09&till=2026-10-08&interval=24&iss.meta=off&start=0
2026-10-08 15:59:11.370 | DEBUG    | src.moex_loader:_fetch_page:48 - Запрос: https://iss.moex.com/iss/engines/stock/markets/shares/boards/TQBR/securities/NNSBP/candles.json?from=2023-10-09&till=2026-10-08&interval=24&iss.meta=off&start=0
2026-10-08 15:59:11.574 | DEBUG    | src.moex_loader:_fetch_page:48 - Запрос: https://iss.moex.com/iss/engines/stock/markets/shares/boards/TQBR/securities/NNSBP/candles.json?from=2023-10-09&till=2026-10-08&interval=24&iss.meta=off&start=500
2026-10-08 15:59:11.794 | INFO     | src.database:insert_raw_candles:110 - Вставлено 840 записей в raw_candles
2026-10-08 15:59:11.794 | INFO     | src.database:upsert_meta:149 - Мета-информация обновлена для NNSBP
2026-10-08 15:59:11.795 | INFO     | src.moex_loader:load_asset:216 - Загружено 840 свечей для NNSBP (stock)
2026-10-08 15:59:11.795 | DEBUG    | src.moex_loader:_fetch_page:48 - Запрос: https://iss.moex.com/iss/engines/stock/markets/shares/boards/TQBR/securities/NSVZ/candles.json?from=2023-10-09&till=2026-10-08&interval=24&iss.meta=off&start=0
2026-10-08 15:59:12.767 | DEBUG    | src.moex_loader:_fetch_page:48 - Запрос: https://iss.moex.com/iss/engines/stock/markets/shares/boards/TQBR/securities/NSVZ/candles.json?from=2023-10-09&till=2026-10-08&interval=24&iss.meta=off&start=0
2026-10-08 15:59:12.965 | DEBUG    | src.moex_loader:_fetch_page:48 - Запрос: https://iss.moex.com/iss/engines/stock/markets/shares/boards/TQBR/securities/NSVZ/candles.json?from=2023-10-09&till=2026-10-08&interval=24&iss.meta=off&start=500
2026-10-08 15:59:13.199 | INFO     | src.database:insert_raw_candles:110 - Вставлено 866 записей в raw_candles
2026-10-08 15:59:13.200 | INFO     | src.database:upsert_meta:149 - Мета-информация обновлена для NSVZ
2026-10-08 15:59:13.200 | INFO     | src.moex_loader:load_asset:216 - Загружено 866 свечей для NSVZ (stock)
2026-10-08 15:59:13.200 | DEBUG    | src.moex_loader:_fetch_page:48 - Запрос: https://iss.moex.com/iss/engines/stock/markets/shares/boards/TQBR/securities/NVTK/candles.json?from=2023-10-09&till=2026-10-08&interval=24&iss.meta=off&start=0
2026-10-08 15:59:14.190 | DEBUG    | src.moex_loader:_fetch_page:48 - Запрос: https://iss.moex.com/iss/engines/stock/markets/shares/boards/TQBR/securities/NVTK/candles.json?from=2023-10-09&till=2026-10-08&interval=24&iss.meta=off&start=0
2026-10-08 15:59:14.588 | DEBUG    | src.moex_loader:_fetch_page:48 - Запрос: https://iss.moex.com/iss/engines/stock/markets/shares/boards/TQBR/securities/NVTK/candles.json?from=2023-10-09&till=2026-10-08&interval=24&iss.meta=off&start=500
2026-10-08 15:59:15.003 | INFO     | src.database:insert_raw_candles:110 - Вставлено 888 записей в raw_candles
2026-10-08 15:59:15.003 | INFO     | src.database:upsert_meta:149 - Мета-информация обновлена для NVTK
2026-10-08 15:59:15.003 | INFO     | src.moex_loader:load_asset:216 - Загружено 888 свечей для NVTK (stock)
2026-10-08 15:59:15.004 | DEBUG    | src.moex_loader:_fetch_page:48 - Запрос: https://iss.moex.com/iss/engines/stock/markets/shares/boards/TQBR/securities/OGKB/candles.json?from=2023-10-09&till=2026-10-08&interval=24&iss.meta=off&start=0
2026-10-08 15:59:15.978 | DEBUG    | src.moex_loader:_fetch_page:48 - Запрос: https://iss.moex.com/iss/engines/stock/markets/shares/boards/TQBR/securities/OGKB/candles.json?from=2023-10-09&till=2026-10-08&interval=24&iss.meta=off&start=0
2026-10-08 15:59:16.207 | DEBUG    | src.moex_loader:_fetch_page:48 - Запрос: https://iss.moex.com/iss/engines/stock/markets/shares/boards/TQBR/securities/OGKB/candles.json?from=2023-10-09&till=2026-10-08&interval=24&iss.meta=off&start=500
2026-10-08 15:59:16.472 | INFO     | src.database:insert_raw_candles:110 - Вставлено 888 записей в raw_candles
2026-10-08 15:59:16.473 | INFO     | src.database:upsert_meta:149 - Мета-информация обновлена для OGKB
2026-10-08 15:59:16.473 | INFO     | src.moex_loader:load_asset:216 - Загружено 888 свечей для OGKB (stock)
2026-10-08 15:59:16.473 | DEBUG    | src.moex_loader:_fetch_page:48 - Запрос: https://iss.moex.com/iss/engines/stock/markets/shares/boards/TQBR/securities/OMZZP/candles.json?from=2023-10-09&till=2026-10-08&interval=24&iss.meta=off&start=0
2026-10-08 15:59:17.432 | DEBUG    | src.moex_loader:_fetch_page:48 - Запрос: https://iss.moex.com/iss/engines/stock/markets/shares/boards/TQBR/securities/OMZZP/candles.json?from=2023-10-09&till=2026-10-08&interval=24&iss.meta=off&start=0
2026-10-08 15:59:17.631 | DEBUG    | src.moex_loader:_fetch_page:48 - Запрос: https://iss.moex.com/iss/engines/stock/markets/shares/boards/TQBR/securities/OMZZP/candles.json?from=2023-10-09&till=2026-10-08&interval=24&iss.meta=off&start=500
2026-10-08 15:59:18.503 | INFO     | src.database:insert_raw_candles:110 - Вставлено 812 записей в raw_candles
2026-10-08 15:59:18.504 | INFO     | src.database:upsert_meta:149 - Мета-информация обновлена для OMZZP
2026-10-08 15:59:18.504 | INFO     | src.moex_loader:load_asset:216 - Загружено 812 свечей для OMZZP (stock)
2026-10-08 15:59:18.504 | DEBUG    | src.moex_loader:_fetch_page:48 - Запрос: https://iss.moex.com/iss/engines/stock/markets/shares/boards/TQBR/securities/OZON/candles.json?from=2023-10-09&till=2026-10-08&interval=24&iss.meta=off&start=0
2026-10-08 15:59:19.495 | DEBUG    | src.moex_loader:_fetch_page:48 - Запрос: https://iss.moex.com/iss/engines/stock/markets/shares/boards/TQBR/securities/OZON/candles.json?from=2023-10-09&till=2026-10-08&interval=24&iss.meta=off&start=0
2026-10-08 15:59:19.882 | DEBUG    | src.moex_loader:_fetch_page:48 - Запрос: https://iss.moex.com/iss/engines/stock/markets/shares/boards/TQBR/securities/OZON/candles.json?from=2023-10-09&till=2026-10-08&interval=24&iss.meta=off&start=500
2026-10-08 15:59:20.298 | INFO     | src.database:insert_raw_candles:110 - Вставлено 801 записей в raw_candles
2026-10-08 15:59:20.298 | INFO     | src.database:upsert_meta:149 - Мета-информация обновлена для OZON
2026-10-08 15:59:20.298 | INFO     | src.moex_loader:load_asset:216 - Загружено 801 свечей для OZON (stock)
2026-10-08 15:59:20.299 | DEBUG    | src.moex_loader:_fetch_page:48 - Запрос: https://iss.moex.com/iss/engines/stock/markets/shares/boards/TQBR/securities/OZPH/candles.json?from=2023-10-09&till=2026-10-08&interval=24&iss.meta=off&start=0
2026-10-08 15:59:21.278 | DEBUG    | src.moex_loader:_fetch_page:48 - Запрос: https://iss.moex.com/iss/engines/stock/markets/shares/boards/TQBR/securities/OZPH/candles.json?from=2023-10-09&till=2026-10-08&interval=24&iss.meta=off&start=0
2026-10-08 15:59:21.473 | DEBUG    | src.moex_loader:_fetch_page:48 - Запрос: https://iss.moex.com/iss/engines/stock/markets/shares/boards/TQBR/securities/OZPH/candles.json?from=2023-10-09&till=2026-10-08&interval=24&iss.meta=off&start=500
2026-10-08 15:59:21.679 | INFO     | src.database:insert_raw_candles:110 - Вставлено 620 записей в raw_candles
2026-10-08 15:59:21.680 | INFO     | src.database:upsert_meta:149 - Мета-информация обновлена для OZPH
2026-10-08 15:59:21.680 | INFO     | src.moex_loader:load_asset:216 - Загружено 620 свечей для OZPH (stock)
2026-10-08 15:59:21.680 | DEBUG    | src.moex_loader:_fetch_page:48 - Запрос: https://iss.moex.com/iss/engines/stock/markets/shares/boards/TQBR/securities/PAZA/candles.json?from=2023-10-09&till=2026-10-08&interval=24&iss.meta=off&start=0
2026-10-08 15:59:22.698 | DEBUG    | src.moex_loader:_fetch_page:48 - Запрос: https://iss.moex.com/iss/engines/stock/markets/shares/boards/TQBR/securities/PAZA/candles.json?from=2023-10-09&till=2026-10-08&interval=24&iss.meta=off&start=0
2026-10-08 15:59:22.901 | DEBUG    | src.moex_loader:_fetch_page:48 - Запрос: https://iss.moex.com/iss/engines/stock/markets/shares/boards/TQBR/securities/PAZA/candles.json?from=2023-10-09&till=2026-10-08&interval=24&iss.meta=off&start=500
2026-10-08 15:59:23.116 | INFO     | src.database:insert_raw_candles:110 - Вставлено 601 записей в raw_candles
2026-10-08 15:59:23.117 | INFO     | src.database:upsert_meta:149 - Мета-информация обновлена для PAZA
2026-10-08 15:59:23.117 | INFO     | src.moex_loader:load_asset:216 - Загружено 601 свечей для PAZA (stock)
2026-10-08 15:59:23.117 | DEBUG    | src.moex_loader:_fetch_page:48 - Запрос: https://iss.moex.com/iss/engines/stock/markets/shares/boards/TQBR/securities/PHOR/candles.json?from=2023-10-09&till=2026-10-08&interval=24&iss.meta=off&start=0
2026-10-08 15:59:24.122 | DEBUG    | src.moex_loader:_fetch_page:48 - Запрос: https://iss.moex.com/iss/engines/stock/markets/shares/boards/TQBR/securities/PHOR/candles.json?from=2023-10-09&till=2026-10-08&interval=24&iss.meta=off&start=0
2026-10-08 15:59:24.332 | DEBUG    | src.moex_loader:_fetch_page:48 - Запрос: https://iss.moex.com/iss/engines/stock/markets/shares/boards/TQBR/securities/PHOR/candles.json?from=2023-10-09&till=2026-10-08&interval=24&iss.meta=off&start=500
2026-10-08 15:59:24.565 | INFO     | src.database:insert_raw_candles:110 - Вставлено 890 записей в raw_candles
2026-10-08 15:59:24.566 | INFO     | src.database:upsert_meta:149 - Мета-информация обновлена для PHOR
2026-10-08 15:59:24.566 | INFO     | src.moex_loader:load_asset:216 - Загружено 890 свечей для PHOR (stock)
2026-10-08 15:59:24.566 | DEBUG    | src.moex_loader:_fetch_page:48 - Запрос: https://iss.moex.com/iss/engines/stock/markets/shares/boards/TQBR/securities/PIKK/candles.json?from=2023-10-09&till=2026-10-08&interval=24&iss.meta=off&start=0
2026-10-08 15:59:25.705 | DEBUG    | src.moex_loader:_fetch_page:48 - Запрос: https://iss.moex.com/iss/engines/stock/markets/shares/boards/TQBR/securities/PIKK/candles.json?from=2023-10-09&till=2026-10-08&interval=24&iss.meta=off&start=0
2026-10-08 15:59:25.903 | DEBUG    | src.moex_loader:_fetch_page:48 - Запрос: https://iss.moex.com/iss/engines/stock/markets/shares/boards/TQBR/securities/PIKK/candles.json?from=2023-10-09&till=2026-10-08&interval=24&iss.meta=off&start=500
2026-10-08 15:59:26.117 | INFO     | src.database:insert_raw_candles:110 - Вставлено 892 записей в raw_candles
2026-10-08 15:59:26.118 | INFO     | src.database:upsert_meta:149 - Мета-информация обновлена для PIKK
2026-10-08 15:59:26.118 | INFO     | src.moex_loader:load_asset:216 - Загружено 892 свечей для PIKK (stock)
2026-10-08 15:59:26.118 | DEBUG    | src.moex_loader:_fetch_page:48 - Запрос: https://iss.moex.com/iss/engines/stock/markets/shares/boards/TQBR/securities/PLZL/candles.json?from=2023-10-09&till=2026-10-08&interval=24&iss.meta=off&start=0
2026-10-08 15:59:27.140 | DEBUG    | src.moex_loader:_fetch_page:48 - Запрос: https://iss.moex.com/iss/engines/stock/markets/shares/boards/TQBR/securities/PLZL/candles.json?from=2023-10-09&till=2026-10-08&interval=24&iss.meta=off&start=0
2026-10-08 15:59:27.353 | DEBUG    | src.moex_loader:_fetch_page:48 - Запрос: https://iss.moex.com/iss/engines/stock/markets/shares/boards/TQBR/securities/PLZL/candles.json?from=2023-10-09&till=2026-10-08&interval=24&iss.meta=off&start=500
2026-10-08 15:59:27.574 | INFO     | src.database:insert_raw_candles:110 - Вставлено 885 записей в raw_candles
2026-10-08 15:59:27.575 | INFO     | src.database:upsert_meta:149 - Мета-информация обновлена для PLZL
2026-10-08 15:59:27.575 | INFO     | src.moex_loader:load_asset:216 - Загружено 885 свечей для PLZL (stock)
2026-10-08 15:59:27.575 | DEBUG    | src.moex_loader:_fetch_page:48 - Запрос: https://iss.moex.com/iss/engines/stock/markets/shares/boards/TQBR/securities/PMSB/candles.json?from=2023-10-09&till=2026-10-08&interval=24&iss.meta=off&start=0
2026-10-08 15:59:28.571 | DEBUG    | src.moex_loader:_fetch_page:48 - Запрос: https://iss.moex.com/iss/engines/stock/markets/shares/boards/TQBR/securities/PMSB/candles.json?from=2023-10-09&till=2026-10-08&interval=24&iss.meta=off&start=0
2026-10-08 15:59:29.158 | DEBUG    | src.moex_loader:_fetch_page:48 - Запрос: https://iss.moex.com/iss/engines/stock/markets/shares/boards/TQBR/securities/PMSB/candles.json?from=2023-10-09&till=2026-10-08&interval=24&iss.meta=off&start=500
2026-10-08 15:59:29.727 | INFO     | src.database:insert_raw_candles:110 - Вставлено 866 записей в raw_candles
2026-10-08 15:59:29.727 | INFO     | src.database:upsert_meta:149 - Мета-информация обновлена для PMSB
2026-10-08 15:59:29.727 | INFO     | src.moex_loader:load_asset:216 - Загружено 866 свечей для PMSB (stock)
2026-10-08 15:59:29.728 | DEBUG    | src.moex_loader:_fetch_page:48 - Запрос: https://iss.moex.com/iss/engines/stock/markets/shares/boards/TQBR/securities/PMSBP/candles.json?from=2023-10-09&till=2026-10-08&interval=24&iss.meta=off&start=0
2026-10-08 15:59:30.707 | DEBUG    | src.moex_loader:_fetch_page:48 - Запрос: https://iss.moex.com/iss/engines/stock/markets/shares/boards/TQBR/securities/PMSBP/candles.json?from=2023-10-09&till=2026-10-08&interval=24&iss.meta=off&start=0
2026-10-08 15:59:30.912 | DEBUG    | src.moex_loader:_fetch_page:48 - Запрос: https://iss.moex.com/iss/engines/stock/markets/shares/boards/TQBR/securities/PMSBP/candles.json?from=2023-10-09&till=2026-10-08&interval=24&iss.meta=off&start=500
2026-10-08 15:59:31.176 | INFO     | src.database:insert_raw_candles:110 - Вставлено 866 записей в raw_candles
2026-10-08 15:59:31.177 | INFO     | src.database:upsert_meta:149 - Мета-информация обновлена для PMSBP
2026-10-08 15:59:31.177 | INFO     | src.moex_loader:load_asset:216 - Загружено 866 свечей для PMSBP (stock)
2026-10-08 15:59:31.177 | DEBUG    | src.moex_loader:_fetch_page:48 - Запрос: https://iss.moex.com/iss/engines/stock/markets/shares/boards/TQBR/securities/POSI/candles.json?from=2023-10-09&till=2026-10-08&interval=24&iss.meta=off&start=0
2026-10-08 15:59:32.169 | DEBUG    | src.moex_loader:_fetch_page:48 - Запрос: https://iss.moex.com/iss/engines/stock/markets/shares/boards/TQBR/securities/POSI/candles.json?from=2023-10-09&till=2026-10-08&interval=24&iss.meta=off&start=0
2026-10-08 15:59:32.370 | DEBUG    | src.moex_loader:_fetch_page:48 - Запрос: https://iss.moex.com/iss/engines/stock/markets/shares/boards/TQBR/securities/POSI/candles.json?from=2023-10-09&till=2026-10-08&interval=24&iss.meta=off&start=500
2026-10-08 15:59:33.061 | INFO     | src.database:insert_raw_candles:110 - Вставлено 892 записей в raw_candles
2026-10-08 15:59:33.062 | INFO     | src.database:upsert_meta:149 - Мета-информация обновлена для POSI
2026-10-08 15:59:33.062 | INFO     | src.moex_loader:load_asset:216 - Загружено 892 свечей для POSI (stock)
2026-10-08 15:59:33.063 | DEBUG    | src.moex_loader:_fetch_page:48 - Запрос: https://iss.moex.com/iss/engines/stock/markets/shares/boards/TQBR/securities/PRFN/candles.json?from=2023-10-09&till=2026-10-08&interval=24&iss.meta=off&start=0
2026-10-08 15:59:34.053 | DEBUG    | src.moex_loader:_fetch_page:48 - Запрос: https://iss.moex.com/iss/engines/stock/markets/shares/boards/TQBR/securities/PRFN/candles.json?from=2023-10-09&till=2026-10-08&interval=24&iss.meta=off&start=0
2026-10-08 15:59:34.255 | DEBUG    | src.moex_loader:_fetch_page:48 - Запрос: https://iss.moex.com/iss/engines/stock/markets/shares/boards/TQBR/securities/PRFN/candles.json?from=2023-10-09&till=2026-10-08&interval=24&iss.meta=off&start=500
2026-10-08 15:59:34.475 | INFO     | src.database:insert_raw_candles:110 - Вставлено 866 записей в raw_candles
2026-10-08 15:59:34.476 | INFO     | src.database:upsert_meta:149 - Мета-информация обновлена для PRFN
2026-10-08 15:59:34.476 | INFO     | src.moex_loader:load_asset:216 - Загружено 866 свечей для PRFN (stock)
2026-10-08 15:59:34.476 | DEBUG    | src.moex_loader:_fetch_page:48 - Запрос: https://iss.moex.com/iss/engines/stock/markets/shares/boards/TQBR/securities/PRMB/candles.json?from=2023-10-09&till=2026-10-08&interval=24&iss.meta=off&start=0
2026-10-08 15:59:35.451 | DEBUG    | src.moex_loader:_fetch_page:48 - Запрос: https://iss.moex.com/iss/engines/stock/markets/shares/boards/TQBR/securities/PRMB/candles.json?from=2023-10-09&till=2026-10-08&interval=24&iss.meta=off&start=0
2026-10-08 15:59:35.651 | DEBUG    | src.moex_loader:_fetch_page:48 - Запрос: https://iss.moex.com/iss/engines/stock/markets/shares/boards/TQBR/securities/PRMB/candles.json?from=2023-10-09&till=2026-10-08&interval=24&iss.meta=off&start=500
2026-10-08 15:59:35.868 | INFO     | src.database:insert_raw_candles:110 - Вставлено 760 записей в raw_candles
2026-10-08 15:59:35.869 | INFO     | src.database:upsert_meta:149 - Мета-информация обновлена для PRMB
2026-10-08 15:59:35.869 | INFO     | src.moex_loader:load_asset:216 - Загружено 760 свечей для PRMB (stock)
2026-10-08 15:59:35.870 | DEBUG    | src.moex_loader:_fetch_page:48 - Запрос: https://iss.moex.com/iss/engines/stock/markets/shares/boards/TQBR/securities/PRMD/candles.json?from=2023-10-09&till=2026-10-08&interval=24&iss.meta=off&start=0
2026-10-08 15:59:36.840 | DEBUG    | src.moex_loader:_fetch_page:48 - Запрос: https://iss.moex.com/iss/engines/stock/markets/shares/boards/TQBR/securities/PRMD/candles.json?from=2023-10-09&till=2026-10-08&interval=24&iss.meta=off&start=0
2026-10-08 15:59:37.037 | DEBUG    | src.moex_loader:_fetch_page:48 - Запрос: https://iss.moex.com/iss/engines/stock/markets/shares/boards/TQBR/securities/PRMD/candles.json?from=2023-10-09&till=2026-10-08&interval=24&iss.meta=off&start=500
2026-10-08 15:59:37.249 | INFO     | src.database:insert_raw_candles:110 - Вставлено 691 записей в raw_candles
2026-10-08 15:59:37.250 | INFO     | src.database:upsert_meta:149 - Мета-информация обновлена для PRMD
2026-10-08 15:59:37.250 | INFO     | src.moex_loader:load_asset:216 - Загружено 691 свечей для PRMD (stock)
2026-10-08 15:59:37.250 | DEBUG    | src.moex_loader:_fetch_page:48 - Запрос: https://iss.moex.com/iss/engines/stock/markets/shares/boards/TQBR/securities/RAGR/candles.json?from=2023-10-09&till=2026-10-08&interval=24&iss.meta=off&start=0
2026-10-08 15:59:38.232 | DEBUG    | src.moex_loader:_fetch_page:48 - Запрос: https://iss.moex.com/iss/engines/stock/markets/shares/boards/TQBR/securities/RAGR/candles.json?from=2023-10-09&till=2026-10-08&interval=24&iss.meta=off&start=0
2026-10-08 15:59:38.624 | DEBUG    | src.moex_loader:_fetch_page:48 - Запрос: https://iss.moex.com/iss/engines/stock/markets/shares/boards/TQBR/securities/RAGR/candles.json?from=2023-10-09&till=2026-10-08&interval=24&iss.meta=off&start=500
2026-10-08 15:59:38.837 | INFO     | src.database:insert_raw_candles:110 - Вставлено 538 записей в raw_candles
2026-10-08 15:59:38.838 | INFO     | src.database:upsert_meta:149 - Мета-информация обновлена для RAGR
2026-10-08 15:59:38.838 | INFO     | src.moex_loader:load_asset:216 - Загружено 538 свечей для RAGR (stock)
2026-10-08 15:59:38.838 | DEBUG    | src.moex_loader:_fetch_page:48 - Запрос: https://iss.moex.com/iss/engines/stock/markets/shares/boards/TQBR/securities/RASP/candles.json?from=2023-10-09&till=2026-10-08&interval=24&iss.meta=off&start=0
2026-10-08 15:59:39.896 | DEBUG    | src.moex_loader:_fetch_page:48 - Запрос: https://iss.moex.com/iss/engines/stock/markets/shares/boards/TQBR/securities/RASP/candles.json?from=2023-10-09&till=2026-10-08&interval=24&iss.meta=off&start=0
2026-10-08 15:59:40.110 | DEBUG    | src.moex_loader:_fetch_page:48 - Запрос: https://iss.moex.com/iss/engines/stock/markets/shares/boards/TQBR/securities/RASP/candles.json?from=2023-10-09&till=2026-10-08&interval=24&iss.meta=off&start=500
2026-10-08 15:59:40.354 | INFO     | src.database:insert_raw_candles:110 - Вставлено 888 записей в raw_candles
2026-10-08 15:59:40.355 | INFO     | src.database:upsert_meta:149 - Мета-информация обновлена для RASP
2026-10-08 15:59:40.355 | INFO     | src.moex_loader:load_asset:216 - Загружено 888 свечей для RASP (stock)
2026-10-08 15:59:40.355 | DEBUG    | src.moex_loader:_fetch_page:48 - Запрос: https://iss.moex.com/iss/engines/stock/markets/shares/boards/TQBR/securities/RBCM/candles.json?from=2023-10-09&till=2026-10-08&interval=24&iss.meta=off&start=0
2026-10-08 15:59:41.368 | DEBUG    | src.moex_loader:_fetch_page:48 - Запрос: https://iss.moex.com/iss/engines/stock/markets/shares/boards/TQBR/securities/RBCM/candles.json?from=2023-10-09&till=2026-10-08&interval=24&iss.meta=off&start=0
2026-10-08 15:59:41.567 | DEBUG    | src.moex_loader:_fetch_page:48 - Запрос: https://iss.moex.com/iss/engines/stock/markets/shares/boards/TQBR/securities/RBCM/candles.json?from=2023-10-09&till=2026-10-08&interval=24&iss.meta=off&start=500
2026-10-08 15:59:42.175 | INFO     | src.database:insert_raw_candles:110 - Вставлено 771 записей в raw_candles
2026-10-08 15:59:42.175 | INFO     | src.database:upsert_meta:149 - Мета-информация обновлена для RBCM
2026-10-08 15:59:42.175 | INFO     | src.moex_loader:load_asset:216 - Загружено 771 свечей для RBCM (stock)
2026-10-08 15:59:42.176 | DEBUG    | src.moex_loader:_fetch_page:48 - Запрос: https://iss.moex.com/iss/engines/stock/markets/shares/boards/TQBR/securities/RDRB/candles.json?from=2023-10-09&till=2026-10-08&interval=24&iss.meta=off&start=0
2026-10-08 15:59:43.167 | DEBUG    | src.moex_loader:_fetch_page:48 - Запрос: https://iss.moex.com/iss/engines/stock/markets/shares/boards/TQBR/securities/RDRB/candles.json?from=2023-10-09&till=2026-10-08&interval=24&iss.meta=off&start=0
2026-10-08 15:59:43.385 | DEBUG    | src.moex_loader:_fetch_page:48 - Запрос: https://iss.moex.com/iss/engines/stock/markets/shares/boards/TQBR/securities/RDRB/candles.json?from=2023-10-09&till=2026-10-08&interval=24&iss.meta=off&start=500
2026-10-08 15:59:43.604 | INFO     | src.database:insert_raw_candles:110 - Вставлено 851 записей в raw_candles
2026-10-08 15:59:43.604 | INFO     | src.database:upsert_meta:149 - Мета-информация обновлена для RDRB
2026-10-08 15:59:43.605 | INFO     | src.moex_loader:load_asset:216 - Загружено 851 свечей для RDRB (stock)
2026-10-08 15:59:43.605 | DEBUG    | src.moex_loader:_fetch_page:48 - Запрос: https://iss.moex.com/iss/engines/stock/markets/shares/boards/TQBR/securities/RENI/candles.json?from=2023-10-09&till=2026-10-08&interval=24&iss.meta=off&start=0
2026-10-08 15:59:44.597 | DEBUG    | src.moex_loader:_fetch_page:48 - Запрос: https://iss.moex.com/iss/engines/stock/markets/shares/boards/TQBR/securities/RENI/candles.json?from=2023-10-09&till=2026-10-08&interval=24&iss.meta=off&start=0
2026-10-08 15:59:44.799 | DEBUG    | src.moex_loader:_fetch_page:48 - Запрос: https://iss.moex.com/iss/engines/stock/markets/shares/boards/TQBR/securities/RENI/candles.json?from=2023-10-09&till=2026-10-08&interval=24&iss.meta=off&start=500
2026-10-08 15:59:45.022 | INFO     | src.database:insert_raw_candles:110 - Вставлено 888 записей в raw_candles
2026-10-08 15:59:45.024 | INFO     | src.database:upsert_meta:149 - Мета-информация обновлена для RENI
2026-10-08 15:59:45.024 | INFO     | src.moex_loader:load_asset:216 - Загружено 888 свечей для RENI (stock)
2026-10-08 15:59:45.024 | DEBUG    | src.moex_loader:_fetch_page:48 - Запрос: https://iss.moex.com/iss/engines/stock/markets/shares/boards/TQBR/securities/RGSS/candles.json?from=2023-10-09&till=2026-10-08&interval=24&iss.meta=off&start=0
2026-10-08 15:59:46.046 | DEBUG    | src.moex_loader:_fetch_page:48 - Запрос: https://iss.moex.com/iss/engines/stock/markets/shares/boards/TQBR/securities/RGSS/candles.json?from=2023-10-09&till=2026-10-08&interval=24&iss.meta=off&start=0
2026-10-08 15:59:46.254 | DEBUG    | src.moex_loader:_fetch_page:48 - Запрос: https://iss.moex.com/iss/engines/stock/markets/shares/boards/TQBR/securities/RGSS/candles.json?from=2023-10-09&till=2026-10-08&interval=24&iss.meta=off&start=500
2026-10-08 15:59:46.879 | INFO     | src.database:insert_raw_candles:110 - Вставлено 852 записей в raw_candles
2026-10-08 15:59:46.880 | INFO     | src.database:upsert_meta:149 - Мета-информация обновлена для RGSS
2026-10-08 15:59:46.880 | INFO     | src.moex_loader:load_asset:216 - Загружено 852 свечей для RGSS (stock)
2026-10-08 15:59:46.880 | DEBUG    | src.moex_loader:_fetch_page:48 - Запрос: https://iss.moex.com/iss/engines/stock/markets/shares/boards/TQBR/securities/RKKE/candles.json?from=2023-10-09&till=2026-10-08&interval=24&iss.meta=off&start=0
2026-10-08 15:59:47.887 | DEBUG    | src.moex_loader:_fetch_page:48 - Запрос: https://iss.moex.com/iss/engines/stock/markets/shares/boards/TQBR/securities/RKKE/candles.json?from=2023-10-09&till=2026-10-08&interval=24&iss.meta=off&start=0
2026-10-08 15:59:48.095 | DEBUG    | src.moex_loader:_fetch_page:48 - Запрос: https://iss.moex.com/iss/engines/stock/markets/shares/boards/TQBR/securities/RKKE/candles.json?from=2023-10-09&till=2026-10-08&interval=24&iss.meta=off&start=500
2026-10-08 15:59:48.317 | INFO     | src.database:insert_raw_candles:110 - Вставлено 872 записей в raw_candles
2026-10-08 15:59:48.318 | INFO     | src.database:upsert_meta:149 - Мета-информация обновлена для RKKE
2026-10-08 15:59:48.318 | INFO     | src.moex_loader:load_asset:216 - Загружено 872 свечей для RKKE (stock)
2026-10-08 15:59:48.318 | DEBUG    | src.moex_loader:_fetch_page:48 - Запрос: https://iss.moex.com/iss/engines/stock/markets/shares/boards/TQBR/securities/RNFT/candles.json?from=2023-10-09&till=2026-10-08&interval=24&iss.meta=off&start=0
2026-10-08 15:59:49.343 | DEBUG    | src.moex_loader:_fetch_page:48 - Запрос: https://iss.moex.com/iss/engines/stock/markets/shares/boards/TQBR/securities/RNFT/candles.json?from=2023-10-09&till=2026-10-08&interval=24&iss.meta=off&start=0
2026-10-08 15:59:49.553 | DEBUG    | src.moex_loader:_fetch_page:48 - Запрос: https://iss.moex.com/iss/engines/stock/markets/shares/boards/TQBR/securities/RNFT/candles.json?from=2023-10-09&till=2026-10-08&interval=24&iss.meta=off&start=500
2026-10-08 15:59:49.790 | INFO     | src.database:insert_raw_candles:110 - Вставлено 888 записей в raw_candles
2026-10-08 15:59:49.791 | INFO     | src.database:upsert_meta:149 - Мета-информация обновлена для RNFT
2026-10-08 15:59:49.791 | INFO     | src.moex_loader:load_asset:216 - Загружено 888 свечей для RNFT (stock)
2026-10-08 15:59:49.792 | DEBUG    | src.moex_loader:_fetch_page:48 - Запрос: https://iss.moex.com/iss/engines/stock/markets/shares/boards/TQBR/securities/ROLO/candles.json?from=2023-10-09&till=2026-10-08&interval=24&iss.meta=off&start=0
2026-10-08 15:59:50.789 | DEBUG    | src.moex_loader:_fetch_page:48 - Запрос: https://iss.moex.com/iss/engines/stock/markets/shares/boards/TQBR/securities/ROLO/candles.json?from=2023-10-09&till=2026-10-08&interval=24&iss.meta=off&start=0
2026-10-08 15:59:51.187 | DEBUG    | src.moex_loader:_fetch_page:48 - Запрос: https://iss.moex.com/iss/engines/stock/markets/shares/boards/TQBR/securities/ROLO/candles.json?from=2023-10-09&till=2026-10-08&interval=24&iss.meta=off&start=500
2026-10-08 15:59:51.627 | INFO     | src.database:insert_raw_candles:110 - Вставлено 872 записей в raw_candles
2026-10-08 15:59:51.627 | INFO     | src.database:upsert_meta:149 - Мета-информация обновлена для ROLO
2026-10-08 15:59:51.627 | INFO     | src.moex_loader:load_asset:216 - Загружено 872 свечей для ROLO (stock)
2026-10-08 15:59:51.628 | DEBUG    | src.moex_loader:_fetch_page:48 - Запрос: https://iss.moex.com/iss/engines/stock/markets/shares/boards/TQBR/securities/ROSN/candles.json?from=2023-10-09&till=2026-10-08&interval=24&iss.meta=off&start=0
2026-10-08 15:59:53.396 | DEBUG    | src.moex_loader:_fetch_page:48 - Запрос: https://iss.moex.com/iss/engines/stock/markets/shares/boards/TQBR/securities/ROSN/candles.json?from=2023-10-09&till=2026-10-08&interval=24&iss.meta=off&start=0
2026-10-08 15:59:53.790 | DEBUG    | src.moex_loader:_fetch_page:48 - Запрос: https://iss.moex.com/iss/engines/stock/markets/shares/boards/TQBR/securities/ROSN/candles.json?from=2023-10-09&till=2026-10-08&interval=24&iss.meta=off&start=500
2026-10-08 15:59:54.008 | INFO     | src.database:insert_raw_candles:110 - Вставлено 892 записей в raw_candles
2026-10-08 15:59:54.009 | INFO     | src.database:upsert_meta:149 - Мета-информация обновлена для ROSN
2026-10-08 15:59:54.009 | INFO     | src.moex_loader:load_asset:216 - Загружено 892 свечей для ROSN (stock)
2026-10-08 15:59:54.009 | DEBUG    | src.moex_loader:_fetch_page:48 - Запрос: https://iss.moex.com/iss/engines/stock/markets/shares/boards/TQBR/securities/ROST/candles.json?from=2023-10-09&till=2026-10-08&interval=24&iss.meta=off&start=0
2026-10-08 15:59:55.013 | DEBUG    | src.moex_loader:_fetch_page:48 - Запрос: https://iss.moex.com/iss/engines/stock/markets/shares/boards/TQBR/securities/ROST/candles.json?from=2023-10-09&till=2026-10-08&interval=24&iss.meta=off&start=0
2026-10-08 15:59:55.219 | DEBUG    | src.moex_loader:_fetch_page:48 - Запрос: https://iss.moex.com/iss/engines/stock/markets/shares/boards/TQBR/securities/ROST/candles.json?from=2023-10-09&till=2026-10-08&interval=24&iss.meta=off&start=500
2026-10-08 15:59:55.440 | INFO     | src.database:insert_raw_candles:110 - Вставлено 845 записей в raw_candles
2026-10-08 15:59:55.441 | INFO     | src.database:upsert_meta:149 - Мета-информация обновлена для ROST
2026-10-08 15:59:55.441 | INFO     | src.moex_loader:load_asset:216 - Загружено 845 свечей для ROST (stock)
2026-10-08 15:59:55.442 | DEBUG    | src.moex_loader:_fetch_page:48 - Запрос: https://iss.moex.com/iss/engines/stock/markets/shares/boards/TQBR/securities/RTGZ/candles.json?from=2023-10-09&till=2026-10-08&interval=24&iss.meta=off&start=0
2026-10-08 15:59:56.433 | DEBUG    | src.moex_loader:_fetch_page:48 - Запрос: https://iss.moex.com/iss/engines/stock/markets/shares/boards/TQBR/securities/RTGZ/candles.json?from=2023-10-09&till=2026-10-08&interval=24&iss.meta=off&start=0
2026-10-08 15:59:57.525 | DEBUG    | src.moex_loader:_fetch_page:48 - Запрос: https://iss.moex.com/iss/engines/stock/markets/shares/boards/TQBR/securities/RTGZ/candles.json?from=2023-10-09&till=2026-10-08&interval=24&iss.meta=off&start=500
2026-10-08 15:59:57.747 | INFO     | src.database:insert_raw_candles:110 - Вставлено 759 записей в raw_candles
2026-10-08 15:59:57.748 | INFO     | src.database:upsert_meta:149 - Мета-информация обновлена для RTGZ
2026-10-08 15:59:57.748 | INFO     | src.moex_loader:load_asset:216 - Загружено 759 свечей для RTGZ (stock)
2026-10-08 15:59:57.749 | DEBUG    | src.moex_loader:_fetch_page:48 - Запрос: https://iss.moex.com/iss/engines/stock/markets/shares/boards/TQBR/securities/RTKM/candles.json?from=2023-10-09&till=2026-10-08&interval=24&iss.meta=off&start=0
2026-10-08 15:59:58.728 | DEBUG    | src.moex_loader:_fetch_page:48 - Запрос: https://iss.moex.com/iss/engines/stock/markets/shares/boards/TQBR/securities/RTKM/candles.json?from=2023-10-09&till=2026-10-08&interval=24&iss.meta=off&start=0
2026-10-08 15:59:58.931 | DEBUG    | src.moex_loader:_fetch_page:48 - Запрос: https://iss.moex.com/iss/engines/stock/markets/shares/boards/TQBR/securities/RTKM/candles.json?from=2023-10-09&till=2026-10-08&interval=24&iss.meta=off&start=500
2026-10-08 15:59:59.165 | INFO     | src.database:insert_raw_candles:110 - Вставлено 892 записей в raw_candles
2026-10-08 15:59:59.166 | INFO     | src.database:upsert_meta:149 - Мета-информация обновлена для RTKM
2026-10-08 15:59:59.166 | INFO     | src.moex_loader:load_asset:216 - Загружено 892 свечей для RTKM (stock)
2026-10-08 15:59:59.166 | DEBUG    | src.moex_loader:_fetch_page:48 - Запрос: https://iss.moex.com/iss/engines/stock/markets/shares/boards/TQBR/securities/RTKMP/candles.json?from=2023-10-09&till=2026-10-08&interval=24&iss.meta=off&start=0
2026-10-08 16:00:00.138 | DEBUG    | src.moex_loader:_fetch_page:48 - Запрос: https://iss.moex.com/iss/engines/stock/markets/shares/boards/TQBR/securities/RTKMP/candles.json?from=2023-10-09&till=2026-10-08&interval=24&iss.meta=off&start=0
2026-10-08 16:00:00.384 | DEBUG    | src.moex_loader:_fetch_page:48 - Запрос: https://iss.moex.com/iss/engines/stock/markets/shares/boards/TQBR/securities/RTKMP/candles.json?from=2023-10-09&till=2026-10-08&interval=24&iss.meta=off&start=500
2026-10-08 16:00:01.204 | INFO     | src.database:insert_raw_candles:110 - Вставлено 888 записей в raw_candles
2026-10-08 16:00:01.204 | INFO     | src.database:upsert_meta:149 - Мета-информация обновлена для RTKMP
2026-10-08 16:00:01.205 | INFO     | src.moex_loader:load_asset:216 - Загружено 888 свечей для RTKMP (stock)
2026-10-08 16:00:01.205 | DEBUG    | src.moex_loader:_fetch_page:48 - Запрос: https://iss.moex.com/iss/engines/stock/markets/shares/boards/TQBR/securities/RTSB/candles.json?from=2023-10-09&till=2026-10-08&interval=24&iss.meta=off&start=0
2026-10-08 16:00:02.894 | DEBUG    | src.moex_loader:_fetch_page:48 - Запрос: https://iss.moex.com/iss/engines/stock/markets/shares/boards/TQBR/securities/RTSB/candles.json?from=2023-10-09&till=2026-10-08&interval=24&iss.meta=off&start=0
2026-10-08 16:00:03.298 | DEBUG    | src.moex_loader:_fetch_page:48 - Запрос: https://iss.moex.com/iss/engines/stock/markets/shares/boards/TQBR/securities/RTSB/candles.json?from=2023-10-09&till=2026-10-08&interval=24&iss.meta=off&start=500
2026-10-08 16:00:03.512 | INFO     | src.database:insert_raw_candles:110 - Вставлено 847 записей в raw_candles
2026-10-08 16:00:03.513 | INFO     | src.database:upsert_meta:149 - Мета-информация обновлена для RTSB
2026-10-08 16:00:03.513 | INFO     | src.moex_loader:load_asset:216 - Загружено 847 свечей для RTSB (stock)
2026-10-08 16:00:03.513 | DEBUG    | src.moex_loader:_fetch_page:48 - Запрос: https://iss.moex.com/iss/engines/stock/markets/shares/boards/TQBR/securities/RTSBP/candles.json?from=2023-10-09&till=2026-10-08&interval=24&iss.meta=off&start=0
2026-10-08 16:00:04.462 | DEBUG    | src.moex_loader:_fetch_page:48 - Запрос: https://iss.moex.com/iss/engines/stock/markets/shares/boards/TQBR/securities/RTSBP/candles.json?from=2023-10-09&till=2026-10-08&interval=24&iss.meta=off&start=0
2026-10-08 16:00:04.673 | DEBUG    | src.moex_loader:_fetch_page:48 - Запрос: https://iss.moex.com/iss/engines/stock/markets/shares/boards/TQBR/securities/RTSBP/candles.json?from=2023-10-09&till=2026-10-08&interval=24&iss.meta=off&start=500
2026-10-08 16:00:04.972 | INFO     | src.database:insert_raw_candles:110 - Вставлено 851 записей в raw_candles
2026-10-08 16:00:04.973 | INFO     | src.database:upsert_meta:149 - Мета-информация обновлена для RTSBP
2026-10-08 16:00:04.973 | INFO     | src.moex_loader:load_asset:216 - Загружено 851 свечей для RTSBP (stock)
2026-10-08 16:00:04.973 | DEBUG    | src.moex_loader:_fetch_page:48 - Запрос: https://iss.moex.com/iss/engines/stock/markets/shares/boards/TQBR/securities/RUAL/candles.json?from=2023-10-09&till=2026-10-08&interval=24&iss.meta=off&start=0
2026-10-08 16:00:05.974 | DEBUG    | src.moex_loader:_fetch_page:48 - Запрос: https://iss.moex.com/iss/engines/stock/markets/shares/boards/TQBR/securities/RUAL/candles.json?from=2023-10-09&till=2026-10-08&interval=24&iss.meta=off&start=0
2026-10-08 16:00:06.745 | DEBUG    | src.moex_loader:_fetch_page:48 - Запрос: https://iss.moex.com/iss/engines/stock/markets/shares/boards/TQBR/securities/RUAL/candles.json?from=2023-10-09&till=2026-10-08&interval=24&iss.meta=off&start=500
2026-10-08 16:00:07.044 | INFO     | src.database:insert_raw_candles:110 - Вставлено 892 записей в raw_candles
2026-10-08 16:00:07.045 | INFO     | src.database:upsert_meta:149 - Мета-информация обновлена для RUAL
2026-10-08 16:00:07.045 | INFO     | src.moex_loader:load_asset:216 - Загружено 892 свечей для RUAL (stock)
2026-10-08 16:00:07.045 | DEBUG    | src.moex_loader:_fetch_page:48 - Запрос: https://iss.moex.com/iss/engines/stock/markets/shares/boards/TQBR/securities/RUSI/candles.json?from=2023-10-09&till=2026-10-08&interval=24&iss.meta=off&start=0
2026-10-08 16:00:08.002 | DEBUG    | src.moex_loader:_fetch_page:48 - Запрос: https://iss.moex.com/iss/engines/stock/markets/shares/boards/TQBR/securities/RUSI/candles.json?from=2023-10-09&till=2026-10-08&interval=24&iss.meta=off&start=0
2026-10-08 16:00:08.690 | DEBUG    | src.moex_loader:_fetch_page:48 - Запрос: https://iss.moex.com/iss/engines/stock/markets/shares/boards/TQBR/securities/RUSI/candles.json?from=2023-10-09&till=2026-10-08&interval=24&iss.meta=off&start=500
2026-10-08 16:00:08.915 | INFO     | src.database:insert_raw_candles:110 - Вставлено 851 записей в raw_candles
2026-10-08 16:00:08.916 | INFO     | src.database:upsert_meta:149 - Мета-информация обновлена для RUSI
2026-10-08 16:00:08.916 | INFO     | src.moex_loader:load_asset:216 - Загружено 851 свечей для RUSI (stock)
2026-10-08 16:00:08.916 | DEBUG    | src.moex_loader:_fetch_page:48 - Запрос: https://iss.moex.com/iss/engines/stock/markets/shares/boards/TQBR/securities/RZSB/candles.json?from=2023-10-09&till=2026-10-08&interval=24&iss.meta=off&start=0
2026-10-08 16:00:10.214 | DEBUG    | src.moex_loader:_fetch_page:48 - Запрос: https://iss.moex.com/iss/engines/stock/markets/shares/boards/TQBR/securities/RZSB/candles.json?from=2023-10-09&till=2026-10-08&interval=24&iss.meta=off&start=0
2026-10-08 16:00:10.420 | DEBUG    | src.moex_loader:_fetch_page:48 - Запрос: https://iss.moex.com/iss/engines/stock/markets/shares/boards/TQBR/securities/RZSB/candles.json?from=2023-10-09&till=2026-10-08&interval=24&iss.meta=off&start=500
2026-10-08 16:00:10.637 | INFO     | src.database:insert_raw_candles:110 - Вставлено 852 записей в raw_candles
2026-10-08 16:00:10.638 | INFO     | src.database:upsert_meta:149 - Мета-информация обновлена для RZSB
2026-10-08 16:00:10.638 | INFO     | src.moex_loader:load_asset:216 - Загружено 852 свечей для RZSB (stock)
2026-10-08 16:00:10.639 | DEBUG    | src.moex_loader:_fetch_page:48 - Запрос: https://iss.moex.com/iss/engines/stock/markets/shares/boards/TQBR/securities/SAGO/candles.json?from=2023-10-09&till=2026-10-08&interval=24&iss.meta=off&start=0
2026-10-08 16:00:11.630 | DEBUG    | src.moex_loader:_fetch_page:48 - Запрос: https://iss.moex.com/iss/engines/stock/markets/shares/boards/TQBR/securities/SAGO/candles.json?from=2023-10-09&till=2026-10-08&interval=24&iss.meta=off&start=0
2026-10-08 16:00:11.852 | DEBUG    | src.moex_loader:_fetch_page:48 - Запрос: https://iss.moex.com/iss/engines/stock/markets/shares/boards/TQBR/securities/SAGO/candles.json?from=2023-10-09&till=2026-10-08&interval=24&iss.meta=off&start=500
2026-10-08 16:00:12.068 | INFO     | src.database:insert_raw_candles:110 - Вставлено 848 записей в raw_candles
2026-10-08 16:00:12.069 | INFO     | src.database:upsert_meta:149 - Мета-информация обновлена для SAGO
2026-10-08 16:00:12.069 | INFO     | src.moex_loader:load_asset:216 - Загружено 848 свечей для SAGO (stock)
2026-10-08 16:00:12.070 | DEBUG    | src.moex_loader:_fetch_page:48 - Запрос: https://iss.moex.com/iss/engines/stock/markets/shares/boards/TQBR/securities/SAGOP/candles.json?from=2023-10-09&till=2026-10-08&interval=24&iss.meta=off&start=0
2026-10-08 16:00:13.061 | DEBUG    | src.moex_loader:_fetch_page:48 - Запрос: https://iss.moex.com/iss/engines/stock/markets/shares/boards/TQBR/securities/SAGOP/candles.json?from=2023-10-09&till=2026-10-08&interval=24&iss.meta=off&start=0
2026-10-08 16:00:13.462 | DEBUG    | src.moex_loader:_fetch_page:48 - Запрос: https://iss.moex.com/iss/engines/stock/markets/shares/boards/TQBR/securities/SAGOP/candles.json?from=2023-10-09&till=2026-10-08&interval=24&iss.meta=off&start=500
2026-10-08 16:00:13.914 | INFO     | src.database:insert_raw_candles:110 - Вставлено 851 записей в raw_candles
2026-10-08 16:00:13.914 | INFO     | src.database:upsert_meta:149 - Мета-информация обновлена для SAGOP
2026-10-08 16:00:13.914 | INFO     | src.moex_loader:load_asset:216 - Загружено 851 свечей для SAGOP (stock)
2026-10-08 16:00:13.915 | DEBUG    | src.moex_loader:_fetch_page:48 - Запрос: https://iss.moex.com/iss/engines/stock/markets/shares/boards/TQBR/securities/SARE/candles.json?from=2023-10-09&till=2026-10-08&interval=24&iss.meta=off&start=0
2026-10-08 16:00:14.906 | DEBUG    | src.moex_loader:_fetch_page:48 - Запрос: https://iss.moex.com/iss/engines/stock/markets/shares/boards/TQBR/securities/SARE/candles.json?from=2023-10-09&till=2026-10-08&interval=24&iss.meta=off&start=0
2026-10-08 16:00:15.111 | DEBUG    | src.moex_loader:_fetch_page:48 - Запрос: https://iss.moex.com/iss/engines/stock/markets/shares/boards/TQBR/securities/SARE/candles.json?from=2023-10-09&till=2026-10-08&interval=24&iss.meta=off&start=500
2026-10-08 16:00:15.439 | INFO     | src.database:insert_raw_candles:110 - Вставлено 846 записей в raw_candles
2026-10-08 16:00:15.439 | INFO     | src.database:upsert_meta:149 - Мета-информация обновлена для SARE
2026-10-08 16:00:15.440 | INFO     | src.moex_loader:load_asset:216 - Загружено 846 свечей для SARE (stock)
2026-10-08 16:00:15.440 | DEBUG    | src.moex_loader:_fetch_page:48 - Запрос: https://iss.moex.com/iss/engines/stock/markets/shares/boards/TQBR/securities/SAREP/candles.json?from=2023-10-09&till=2026-10-08&interval=24&iss.meta=off&start=0
2026-10-08 16:00:16.407 | DEBUG    | src.moex_loader:_fetch_page:48 - Запрос: https://iss.moex.com/iss/engines/stock/markets/shares/boards/TQBR/securities/SAREP/candles.json?from=2023-10-09&till=2026-10-08&interval=24&iss.meta=off&start=0
2026-10-08 16:00:16.606 | DEBUG    | src.moex_loader:_fetch_page:48 - Запрос: https://iss.moex.com/iss/engines/stock/markets/shares/boards/TQBR/securities/SAREP/candles.json?from=2023-10-09&till=2026-10-08&interval=24&iss.meta=off&start=500
2026-10-08 16:00:16.839 | INFO     | src.database:insert_raw_candles:110 - Вставлено 840 записей в raw_candles
2026-10-08 16:00:16.840 | INFO     | src.database:upsert_meta:149 - Мета-информация обновлена для SAREP
2026-10-08 16:00:16.840 | INFO     | src.moex_loader:load_asset:216 - Загружено 840 свечей для SAREP (stock)
2026-10-08 16:00:16.841 | DEBUG    | src.moex_loader:_fetch_page:48 - Запрос: https://iss.moex.com/iss/engines/stock/markets/shares/boards/TQBR/securities/SBER/candles.json?from=2023-10-09&till=2026-10-08&interval=24&iss.meta=off&start=0
2026-10-08 16:00:18.590 | DEBUG    | src.moex_loader:_fetch_page:48 - Запрос: https://iss.moex.com/iss/engines/stock/markets/shares/boards/TQBR/securities/SBER/candles.json?from=2023-10-09&till=2026-10-08&interval=24&iss.meta=off&start=0
2026-10-08 16:00:19.046 | DEBUG    | src.moex_loader:_fetch_page:48 - Запрос: https://iss.moex.com/iss/engines/stock/markets/shares/boards/TQBR/securities/SBER/candles.json?from=2023-10-09&till=2026-10-08&interval=24&iss.meta=off&start=500
2026-10-08 16:00:19.279 | INFO     | src.database:insert_raw_candles:110 - Вставлено 892 записей в raw_candles
2026-10-08 16:00:19.280 | INFO     | src.database:upsert_meta:149 - Мета-информация обновлена для SBER
2026-10-08 16:00:19.280 | INFO     | src.moex_loader:load_asset:216 - Загружено 892 свечей для SBER (stock)
2026-10-08 16:00:19.280 | DEBUG    | src.moex_loader:_fetch_page:48 - Запрос: https://iss.moex.com/iss/engines/stock/markets/shares/boards/TQBR/securities/SBERP/candles.json?from=2023-10-09&till=2026-10-08&interval=24&iss.meta=off&start=0
2026-10-08 16:00:20.440 | DEBUG    | src.moex_loader:_fetch_page:48 - Запрос: https://iss.moex.com/iss/engines/stock/markets/shares/boards/TQBR/securities/SBERP/candles.json?from=2023-10-09&till=2026-10-08&interval=24&iss.meta=off&start=0
2026-10-08 16:00:20.830 | DEBUG    | src.moex_loader:_fetch_page:48 - Запрос: https://iss.moex.com/iss/engines/stock/markets/shares/boards/TQBR/securities/SBERP/candles.json?from=2023-10-09&till=2026-10-08&interval=24&iss.meta=off&start=500
2026-10-08 16:00:21.239 | INFO     | src.database:insert_raw_candles:110 - Вставлено 892 записей в raw_candles
2026-10-08 16:00:21.240 | INFO     | src.database:upsert_meta:149 - Мета-информация обновлена для SBERP
2026-10-08 16:00:21.240 | INFO     | src.moex_loader:load_asset:216 - Загружено 892 свечей для SBERP (stock)
2026-10-08 16:00:21.241 | DEBUG    | src.moex_loader:_fetch_page:48 - Запрос: https://iss.moex.com/iss/engines/stock/markets/shares/boards/TQBR/securities/SELG/candles.json?from=2023-10-09&till=2026-10-08&interval=24&iss.meta=off&start=0
2026-10-08 16:00:22.201 | DEBUG    | src.moex_loader:_fetch_page:48 - Запрос: https://iss.moex.com/iss/engines/stock/markets/shares/boards/TQBR/securities/SELG/candles.json?from=2023-10-09&till=2026-10-08&interval=24&iss.meta=off&start=0
2026-10-08 16:00:22.398 | DEBUG    | src.moex_loader:_fetch_page:48 - Запрос: https://iss.moex.com/iss/engines/stock/markets/shares/boards/TQBR/securities/SELG/candles.json?from=2023-10-09&till=2026-10-08&interval=24&iss.meta=off&start=500
2026-10-08 16:00:22.613 | INFO     | src.database:insert_raw_candles:110 - Вставлено 892 записей в raw_candles
2026-10-08 16:00:22.614 | INFO     | src.database:upsert_meta:149 - Мета-информация обновлена для SELG
2026-10-08 16:00:22.614 | INFO     | src.moex_loader:load_asset:216 - Загружено 892 свечей для SELG (stock)
2026-10-08 16:00:22.614 | DEBUG    | src.moex_loader:_fetch_page:48 - Запрос: https://iss.moex.com/iss/engines/stock/markets/shares/boards/TQBR/securities/SFIN/candles.json?from=2023-10-09&till=2026-10-08&interval=24&iss.meta=off&start=0
2026-10-08 16:00:23.649 | DEBUG    | src.moex_loader:_fetch_page:48 - Запрос: https://iss.moex.com/iss/engines/stock/markets/shares/boards/TQBR/securities/SFIN/candles.json?from=2023-10-09&till=2026-10-08&interval=24&iss.meta=off&start=0
2026-10-08 16:00:24.263 | DEBUG    | src.moex_loader:_fetch_page:48 - Запрос: https://iss.moex.com/iss/engines/stock/markets/shares/boards/TQBR/securities/SFIN/candles.json?from=2023-10-09&till=2026-10-08&interval=24&iss.meta=off&start=500
2026-10-08 16:00:24.494 | INFO     | src.database:insert_raw_candles:110 - Вставлено 886 записей в raw_candles
2026-10-08 16:00:24.495 | INFO     | src.database:upsert_meta:149 - Мета-информация обновлена для SFIN
2026-10-08 16:00:24.495 | INFO     | src.moex_loader:load_asset:216 - Загружено 886 свечей для SFIN (stock)
2026-10-08 16:00:24.495 | DEBUG    | src.moex_loader:_fetch_page:48 - Запрос: https://iss.moex.com/iss/engines/stock/markets/shares/boards/TQBR/securities/SGZH/candles.json?from=2023-10-09&till=2026-10-08&interval=24&iss.meta=off&start=0
2026-10-08 16:00:25.665 | DEBUG    | src.moex_loader:_fetch_page:48 - Запрос: https://iss.moex.com/iss/engines/stock/markets/shares/boards/TQBR/securities/SGZH/candles.json?from=2023-10-09&till=2026-10-08&interval=24&iss.meta=off&start=0
2026-10-08 16:00:26.056 | DEBUG    | src.moex_loader:_fetch_page:48 - Запрос: https://iss.moex.com/iss/engines/stock/markets/shares/boards/TQBR/securities/SGZH/candles.json?from=2023-10-09&till=2026-10-08&interval=24&iss.meta=off&start=500
2026-10-08 16:00:26.274 | INFO     | src.database:insert_raw_candles:110 - Вставлено 892 записей в raw_candles
2026-10-08 16:00:26.274 | INFO     | src.database:upsert_meta:149 - Мета-информация обновлена для SGZH
2026-10-08 16:00:26.274 | INFO     | src.moex_loader:load_asset:216 - Загружено 892 свечей для SGZH (stock)
2026-10-08 16:00:26.275 | DEBUG    | src.moex_loader:_fetch_page:48 - Запрос: https://iss.moex.com/iss/engines/stock/markets/shares/boards/TQBR/securities/SIBN/candles.json?from=2023-10-09&till=2026-10-08&interval=24&iss.meta=off&start=0
2026-10-08 16:00:27.480 | DEBUG    | src.moex_loader:_fetch_page:48 - Запрос: https://iss.moex.com/iss/engines/stock/markets/shares/boards/TQBR/securities/SIBN/candles.json?from=2023-10-09&till=2026-10-08&interval=24&iss.meta=off&start=0
2026-10-08 16:00:28.125 | DEBUG    | src.moex_loader:_fetch_page:48 - Запрос: https://iss.moex.com/iss/engines/stock/markets/shares/boards/TQBR/securities/SIBN/candles.json?from=2023-10-09&till=2026-10-08&interval=24&iss.meta=off&start=500
2026-10-08 16:00:28.356 | INFO     | src.database:insert_raw_candles:110 - Вставлено 886 записей в raw_candles
2026-10-08 16:00:28.357 | INFO     | src.database:upsert_meta:149 - Мета-информация обновлена для SIBN
2026-10-08 16:00:28.357 | INFO     | src.moex_loader:load_asset:216 - Загружено 886 свечей для SIBN (stock)
2026-10-08 16:00:28.357 | DEBUG    | src.moex_loader:_fetch_page:48 - Запрос: https://iss.moex.com/iss/engines/stock/markets/shares/boards/TQBR/securities/SLEN/candles.json?from=2023-10-09&till=2026-10-08&interval=24&iss.meta=off&start=0
2026-10-08 16:00:29.345 | DEBUG    | src.moex_loader:_fetch_page:48 - Запрос: https://iss.moex.com/iss/engines/stock/markets/shares/boards/TQBR/securities/SLEN/candles.json?from=2023-10-09&till=2026-10-08&interval=24&iss.meta=off&start=0
2026-10-08 16:00:30.079 | DEBUG    | src.moex_loader:_fetch_page:48 - Запрос: https://iss.moex.com/iss/engines/stock/markets/shares/boards/TQBR/securities/SLEN/candles.json?from=2023-10-09&till=2026-10-08&interval=24&iss.meta=off&start=500
2026-10-08 16:00:30.929 | INFO     | src.database:insert_raw_candles:110 - Вставлено 852 записей в raw_candles
2026-10-08 16:00:30.930 | INFO     | src.database:upsert_meta:149 - Мета-информация обновлена для SLEN
2026-10-08 16:00:30.930 | INFO     | src.moex_loader:load_asset:216 - Загружено 852 свечей для SLEN (stock)
2026-10-08 16:00:30.931 | DEBUG    | src.moex_loader:_fetch_page:48 - Запрос: https://iss.moex.com/iss/engines/stock/markets/shares/boards/TQBR/securities/SMLT/candles.json?from=2023-10-09&till=2026-10-08&interval=24&iss.meta=off&start=0
2026-10-08 16:00:31.919 | DEBUG    | src.moex_loader:_fetch_page:48 - Запрос: https://iss.moex.com/iss/engines/stock/markets/shares/boards/TQBR/securities/SMLT/candles.json?from=2023-10-09&till=2026-10-08&interval=24&iss.meta=off&start=0
2026-10-08 16:00:32.344 | DEBUG    | src.moex_loader:_fetch_page:48 - Запрос: https://iss.moex.com/iss/engines/stock/markets/shares/boards/TQBR/securities/SMLT/candles.json?from=2023-10-09&till=2026-10-08&interval=24&iss.meta=off&start=500
2026-10-08 16:00:32.576 | INFO     | src.database:insert_raw_candles:110 - Вставлено 892 записей в raw_candles
2026-10-08 16:00:32.576 | INFO     | src.database:upsert_meta:149 - Мета-информация обновлена для SMLT
2026-10-08 16:00:32.576 | INFO     | src.moex_loader:load_asset:216 - Загружено 892 свечей для SMLT (stock)
2026-10-08 16:00:32.577 | DEBUG    | src.moex_loader:_fetch_page:48 - Запрос: https://iss.moex.com/iss/engines/stock/markets/shares/boards/TQBR/securities/SNGS/candles.json?from=2023-10-09&till=2026-10-08&interval=24&iss.meta=off&start=0
2026-10-08 16:00:33.713 | DEBUG    | src.moex_loader:_fetch_page:48 - Запрос: https://iss.moex.com/iss/engines/stock/markets/shares/boards/TQBR/securities/SNGS/candles.json?from=2023-10-09&till=2026-10-08&interval=24&iss.meta=off&start=0
2026-10-08 16:00:34.855 | DEBUG    | src.moex_loader:_fetch_page:48 - Запрос: https://iss.moex.com/iss/engines/stock/markets/shares/boards/TQBR/securities/SNGS/candles.json?from=2023-10-09&till=2026-10-08&interval=24&iss.meta=off&start=500
2026-10-08 16:00:35.643 | INFO     | src.database:insert_raw_candles:110 - Вставлено 892 записей в raw_candles
2026-10-08 16:00:35.644 | INFO     | src.database:upsert_meta:149 - Мета-информация обновлена для SNGS
2026-10-08 16:00:35.644 | INFO     | src.moex_loader:load_asset:216 - Загружено 892 свечей для SNGS (stock)
2026-10-08 16:00:35.644 | DEBUG    | src.moex_loader:_fetch_page:48 - Запрос: https://iss.moex.com/iss/engines/stock/markets/shares/boards/TQBR/securities/SNGSP/candles.json?from=2023-10-09&till=2026-10-08&interval=24&iss.meta=off&start=0
2026-10-08 16:00:36.821 | DEBUG    | src.moex_loader:_fetch_page:48 - Запрос: https://iss.moex.com/iss/engines/stock/markets/shares/boards/TQBR/securities/SNGSP/candles.json?from=2023-10-09&till=2026-10-08&interval=24&iss.meta=off&start=0
2026-10-08 16:00:37.211 | DEBUG    | src.moex_loader:_fetch_page:48 - Запрос: https://iss.moex.com/iss/engines/stock/markets/shares/boards/TQBR/securities/SNGSP/candles.json?from=2023-10-09&till=2026-10-08&interval=24&iss.meta=off&start=500
2026-10-08 16:00:37.426 | INFO     | src.database:insert_raw_candles:110 - Вставлено 892 записей в raw_candles
2026-10-08 16:00:37.427 | INFO     | src.database:upsert_meta:149 - Мета-информация обновлена для SNGSP
2026-10-08 16:00:37.427 | INFO     | src.moex_loader:load_asset:216 - Загружено 892 свечей для SNGSP (stock)
2026-10-08 16:00:37.427 | DEBUG    | src.moex_loader:_fetch_page:48 - Запрос: https://iss.moex.com/iss/engines/stock/markets/shares/boards/TQBR/securities/SOFL/candles.json?from=2023-10-09&till=2026-10-08&interval=24&iss.meta=off&start=0
2026-10-08 16:00:38.738 | DEBUG    | src.moex_loader:_fetch_page:48 - Запрос: https://iss.moex.com/iss/engines/stock/markets/shares/boards/TQBR/securities/SOFL/candles.json?from=2023-10-09&till=2026-10-08&interval=24&iss.meta=off&start=0
2026-10-08 16:00:38.938 | DEBUG    | src.moex_loader:_fetch_page:48 - Запрос: https://iss.moex.com/iss/engines/stock/markets/shares/boards/TQBR/securities/SOFL/candles.json?from=2023-10-09&till=2026-10-08&interval=24&iss.meta=off&start=500
2026-10-08 16:00:39.324 | INFO     | src.database:insert_raw_candles:110 - Вставлено 888 записей в raw_candles
2026-10-08 16:00:39.329 | INFO     | src.database:upsert_meta:149 - Мета-информация обновлена для SOFL
2026-10-08 16:00:39.329 | INFO     | src.moex_loader:load_asset:216 - Загружено 888 свечей для SOFL (stock)
2026-10-08 16:00:39.331 | DEBUG    | src.moex_loader:_fetch_page:48 - Запрос: https://iss.moex.com/iss/engines/stock/markets/shares/boards/TQBR/securities/SPBE/candles.json?from=2023-10-09&till=2026-10-08&interval=24&iss.meta=off&start=0
2026-10-08 16:00:40.373 | DEBUG    | src.moex_loader:_fetch_page:48 - Запрос: https://iss.moex.com/iss/engines/stock/markets/shares/boards/TQBR/securities/SPBE/candles.json?from=2023-10-09&till=2026-10-08&interval=24&iss.meta=off&start=0
2026-10-08 16:00:40.584 | DEBUG    | src.moex_loader:_fetch_page:48 - Запрос: https://iss.moex.com/iss/engines/stock/markets/shares/boards/TQBR/securities/SPBE/candles.json?from=2023-10-09&till=2026-10-08&interval=24&iss.meta=off&start=500
2026-10-08 16:00:40.813 | INFO     | src.database:insert_raw_candles:110 - Вставлено 892 записей в raw_candles
2026-10-08 16:00:40.814 | INFO     | src.database:upsert_meta:149 - Мета-информация обновлена для SPBE
2026-10-08 16:00:40.814 | INFO     | src.moex_loader:load_asset:216 - Загружено 892 свечей для SPBE (stock)
2026-10-08 16:00:40.814 | DEBUG    | src.moex_loader:_fetch_page:48 - Запрос: https://iss.moex.com/iss/engines/stock/markets/shares/boards/TQBR/securities/STSB/candles.json?from=2023-10-09&till=2026-10-08&interval=24&iss.meta=off&start=0
2026-10-08 16:00:41.790 | DEBUG    | src.moex_loader:_fetch_page:48 - Запрос: https://iss.moex.com/iss/engines/stock/markets/shares/boards/TQBR/securities/STSB/candles.json?from=2023-10-09&till=2026-10-08&interval=24&iss.meta=off&start=0
2026-10-08 16:00:42.177 | DEBUG    | src.moex_loader:_fetch_page:48 - Запрос: https://iss.moex.com/iss/engines/stock/markets/shares/boards/TQBR/securities/STSB/candles.json?from=2023-10-09&till=2026-10-08&interval=24&iss.meta=off&start=500
2026-10-08 16:00:42.398 | INFO     | src.database:insert_raw_candles:110 - Вставлено 851 записей в raw_candles
2026-10-08 16:00:42.399 | INFO     | src.database:upsert_meta:149 - Мета-информация обновлена для STSB
2026-10-08 16:00:42.399 | INFO     | src.moex_loader:load_asset:216 - Загружено 851 свечей для STSB (stock)
2026-10-08 16:00:42.399 | DEBUG    | src.moex_loader:_fetch_page:48 - Запрос: https://iss.moex.com/iss/engines/stock/markets/shares/boards/TQBR/securities/STSBP/candles.json?from=2023-10-09&till=2026-10-08&interval=24&iss.meta=off&start=0
2026-10-08 16:00:43.362 | DEBUG    | src.moex_loader:_fetch_page:48 - Запрос: https://iss.moex.com/iss/engines/stock/markets/shares/boards/TQBR/securities/STSBP/candles.json?from=2023-10-09&till=2026-10-08&interval=24&iss.meta=off&start=0
2026-10-08 16:00:44.234 | DEBUG    | src.moex_loader:_fetch_page:48 - Запрос: https://iss.moex.com/iss/engines/stock/markets/shares/boards/TQBR/securities/STSBP/candles.json?from=2023-10-09&till=2026-10-08&interval=24&iss.meta=off&start=500
2026-10-08 16:00:44.929 | INFO     | src.database:insert_raw_candles:110 - Вставлено 851 записей в raw_candles
2026-10-08 16:00:44.930 | INFO     | src.database:upsert_meta:149 - Мета-информация обновлена для STSBP
2026-10-08 16:00:44.930 | INFO     | src.moex_loader:load_asset:216 - Загружено 851 свечей для STSBP (stock)
2026-10-08 16:00:44.931 | DEBUG    | src.moex_loader:_fetch_page:48 - Запрос: https://iss.moex.com/iss/engines/stock/markets/shares/boards/TQBR/securities/SVAV/candles.json?from=2023-10-09&till=2026-10-08&interval=24&iss.meta=off&start=0
2026-10-08 16:00:46.075 | DEBUG    | src.moex_loader:_fetch_page:48 - Запрос: https://iss.moex.com/iss/engines/stock/markets/shares/boards/TQBR/securities/SVAV/candles.json?from=2023-10-09&till=2026-10-08&interval=24&iss.meta=off&start=0
2026-10-08 16:00:46.337 | DEBUG    | src.moex_loader:_fetch_page:48 - Запрос: https://iss.moex.com/iss/engines/stock/markets/shares/boards/TQBR/securities/SVAV/candles.json?from=2023-10-09&till=2026-10-08&interval=24&iss.meta=off&start=500
2026-10-08 16:00:46.581 | INFO     | src.database:insert_raw_candles:110 - Вставлено 888 записей в raw_candles
2026-10-08 16:00:46.582 | INFO     | src.database:upsert_meta:149 - Мета-информация обновлена для SVAV
2026-10-08 16:00:46.582 | INFO     | src.moex_loader:load_asset:216 - Загружено 888 свечей для SVAV (stock)
2026-10-08 16:00:46.582 | DEBUG    | src.moex_loader:_fetch_page:48 - Запрос: https://iss.moex.com/iss/engines/stock/markets/shares/boards/TQBR/securities/SVCB/candles.json?from=2023-10-09&till=2026-10-08&interval=24&iss.meta=off&start=0
2026-10-08 16:00:47.573 | DEBUG    | src.moex_loader:_fetch_page:48 - Запрос: https://iss.moex.com/iss/engines/stock/markets/shares/boards/TQBR/securities/SVCB/candles.json?from=2023-10-09&till=2026-10-08&interval=24&iss.meta=off&start=0
2026-10-08 16:00:47.778 | DEBUG    | src.moex_loader:_fetch_page:48 - Запрос: https://iss.moex.com/iss/engines/stock/markets/shares/boards/TQBR/securities/SVCB/candles.json?from=2023-10-09&till=2026-10-08&interval=24&iss.meta=off&start=500
2026-10-08 16:00:47.993 | INFO     | src.database:insert_raw_candles:110 - Вставлено 843 записей в raw_candles
2026-10-08 16:00:47.994 | INFO     | src.database:upsert_meta:149 - Мета-информация обновлена для SVCB
2026-10-08 16:00:47.994 | INFO     | src.moex_loader:load_asset:216 - Загружено 843 свечей для SVCB (stock)
2026-10-08 16:00:47.994 | DEBUG    | src.moex_loader:_fetch_page:48 - Запрос: https://iss.moex.com/iss/engines/stock/markets/shares/boards/TQBR/securities/SVET/candles.json?from=2023-10-09&till=2026-10-08&interval=24&iss.meta=off&start=0
2026-10-08 16:00:48.962 | DEBUG    | src.moex_loader:_fetch_page:48 - Запрос: https://iss.moex.com/iss/engines/stock/markets/shares/boards/TQBR/securities/SVET/candles.json?from=2023-10-09&till=2026-10-08&interval=24&iss.meta=off&start=0
2026-10-08 16:00:49.183 | DEBUG    | src.moex_loader:_fetch_page:48 - Запрос: https://iss.moex.com/iss/engines/stock/markets/shares/boards/TQBR/securities/SVET/candles.json?from=2023-10-09&till=2026-10-08&interval=24&iss.meta=off&start=500
2026-10-08 16:00:49.831 | INFO     | src.database:insert_raw_candles:110 - Вставлено 852 записей в raw_candles
2026-10-08 16:00:49.831 | INFO     | src.database:upsert_meta:149 - Мета-информация обновлена для SVET
2026-10-08 16:00:49.832 | INFO     | src.moex_loader:load_asset:216 - Загружено 852 свечей для SVET (stock)
2026-10-08 16:00:49.832 | DEBUG    | src.moex_loader:_fetch_page:48 - Запрос: https://iss.moex.com/iss/engines/stock/markets/shares/boards/TQBR/securities/SVETP/candles.json?from=2023-10-09&till=2026-10-08&interval=24&iss.meta=off&start=0
2026-10-08 16:00:50.802 | DEBUG    | src.moex_loader:_fetch_page:48 - Запрос: https://iss.moex.com/iss/engines/stock/markets/shares/boards/TQBR/securities/SVETP/candles.json?from=2023-10-09&till=2026-10-08&interval=24&iss.meta=off&start=0
2026-10-08 16:00:51.000 | DEBUG    | src.moex_loader:_fetch_page:48 - Запрос: https://iss.moex.com/iss/engines/stock/markets/shares/boards/TQBR/securities/SVETP/candles.json?from=2023-10-09&till=2026-10-08&interval=24&iss.meta=off&start=500
2026-10-08 16:00:51.211 | INFO     | src.database:insert_raw_candles:110 - Вставлено 692 записей в raw_candles
2026-10-08 16:00:51.212 | INFO     | src.database:upsert_meta:149 - Мета-информация обновлена для SVETP
2026-10-08 16:00:51.212 | INFO     | src.moex_loader:load_asset:216 - Загружено 692 свечей для SVETP (stock)
2026-10-08 16:00:51.213 | DEBUG    | src.moex_loader:_fetch_page:48 - Запрос: https://iss.moex.com/iss/engines/stock/markets/shares/boards/TQBR/securities/T/candles.json?from=2023-10-09&till=2026-10-08&interval=24&iss.meta=off&start=0
2026-10-08 16:00:55.374 | DEBUG    | src.moex_loader:_fetch_page:48 - Запрос: https://iss.moex.com/iss/engines/stock/markets/shares/boards/TQBR/securities/T/candles.json?from=2023-10-09&till=2026-10-08&interval=24&iss.meta=off&start=0
2026-10-08 16:00:55.796 | DEBUG    | src.moex_loader:_fetch_page:48 - Запрос: https://iss.moex.com/iss/engines/stock/markets/shares/boards/TQBR/securities/T/candles.json?from=2023-10-09&till=2026-10-08&interval=24&iss.meta=off&start=500
2026-10-08 16:00:56.170 | INFO     | src.database:insert_raw_candles:110 - Вставлено 865 записей в raw_candles
2026-10-08 16:00:56.171 | INFO     | src.database:upsert_meta:149 - Мета-информация обновлена для T
2026-10-08 16:00:56.171 | INFO     | src.moex_loader:load_asset:216 - Загружено 865 свечей для T (stock)
2026-10-08 16:00:56.172 | DEBUG    | src.moex_loader:_fetch_page:48 - Запрос: https://iss.moex.com/iss/engines/stock/markets/shares/boards/TQBR/securities/TASB/candles.json?from=2023-10-09&till=2026-10-08&interval=24&iss.meta=off&start=0
2026-10-08 16:00:57.490 | DEBUG    | src.moex_loader:_fetch_page:48 - Запрос: https://iss.moex.com/iss/engines/stock/markets/shares/boards/TQBR/securities/TASB/candles.json?from=2023-10-09&till=2026-10-08&interval=24&iss.meta=off&start=0
2026-10-08 16:00:57.896 | DEBUG    | src.moex_loader:_fetch_page:48 - Запрос: https://iss.moex.com/iss/engines/stock/markets/shares/boards/TQBR/securities/TASB/candles.json?from=2023-10-09&till=2026-10-08&interval=24&iss.meta=off&start=500
2026-10-08 16:00:58.116 | INFO     | src.database:insert_raw_candles:110 - Вставлено 852 записей в raw_candles
2026-10-08 16:00:58.117 | INFO     | src.database:upsert_meta:149 - Мета-информация обновлена для TASB
2026-10-08 16:00:58.117 | INFO     | src.moex_loader:load_asset:216 - Загружено 852 свечей для TASB (stock)
2026-10-08 16:00:58.117 | DEBUG    | src.moex_loader:_fetch_page:48 - Запрос: https://iss.moex.com/iss/engines/stock/markets/shares/boards/TQBR/securities/TASBP/candles.json?from=2023-10-09&till=2026-10-08&interval=24&iss.meta=off&start=0
2026-10-08 16:00:59.087 | DEBUG    | src.moex_loader:_fetch_page:48 - Запрос: https://iss.moex.com/iss/engines/stock/markets/shares/boards/TQBR/securities/TASBP/candles.json?from=2023-10-09&till=2026-10-08&interval=24&iss.meta=off&start=0
2026-10-08 16:00:59.285 | DEBUG    | src.moex_loader:_fetch_page:48 - Запрос: https://iss.moex.com/iss/engines/stock/markets/shares/boards/TQBR/securities/TASBP/candles.json?from=2023-10-09&till=2026-10-08&interval=24&iss.meta=off&start=500
2026-10-08 16:00:59.504 | INFO     | src.database:insert_raw_candles:110 - Вставлено 820 записей в raw_candles
2026-10-08 16:00:59.505 | INFO     | src.database:upsert_meta:149 - Мета-информация обновлена для TASBP
2026-10-08 16:00:59.505 | INFO     | src.moex_loader:load_asset:216 - Загружено 820 свечей для TASBP (stock)
2026-10-08 16:00:59.505 | DEBUG    | src.moex_loader:_fetch_page:48 - Запрос: https://iss.moex.com/iss/engines/stock/markets/shares/boards/TQBR/securities/TATN/candles.json?from=2023-10-09&till=2026-10-08&interval=24&iss.meta=off&start=0
2026-10-08 16:01:00.513 | DEBUG    | src.moex_loader:_fetch_page:48 - Запрос: https://iss.moex.com/iss/engines/stock/markets/shares/boards/TQBR/securities/TATN/candles.json?from=2023-10-09&till=2026-10-08&interval=24&iss.meta=off&start=0
2026-10-08 16:01:00.727 | DEBUG    | src.moex_loader:_fetch_page:48 - Запрос: https://iss.moex.com/iss/engines/stock/markets/shares/boards/TQBR/securities/TATN/candles.json?from=2023-10-09&till=2026-10-08&interval=24&iss.meta=off&start=500
2026-10-08 16:01:01.349 | INFO     | src.database:insert_raw_candles:110 - Вставлено 890 записей в raw_candles
2026-10-08 16:01:01.350 | INFO     | src.database:upsert_meta:149 - Мета-информация обновлена для TATN
2026-10-08 16:01:01.350 | INFO     | src.moex_loader:load_asset:216 - Загружено 890 свечей для TATN (stock)
2026-10-08 16:01:01.351 | DEBUG    | src.moex_loader:_fetch_page:48 - Запрос: https://iss.moex.com/iss/engines/stock/markets/shares/boards/TQBR/securities/TATNP/candles.json?from=2023-10-09&till=2026-10-08&interval=24&iss.meta=off&start=0
2026-10-08 16:01:02.776 | DEBUG    | src.moex_loader:_fetch_page:48 - Запрос: https://iss.moex.com/iss/engines/stock/markets/shares/boards/TQBR/securities/TATNP/candles.json?from=2023-10-09&till=2026-10-08&interval=24&iss.meta=off&start=0
2026-10-08 16:01:03.314 | DEBUG    | src.moex_loader:_fetch_page:48 - Запрос: https://iss.moex.com/iss/engines/stock/markets/shares/boards/TQBR/securities/TATNP/candles.json?from=2023-10-09&till=2026-10-08&interval=24&iss.meta=off&start=500
2026-10-08 16:01:03.533 | INFO     | src.database:insert_raw_candles:110 - Вставлено 890 записей в raw_candles
2026-10-08 16:01:03.534 | INFO     | src.database:upsert_meta:149 - Мета-информация обновлена для TATNP
2026-10-08 16:01:03.534 | INFO     | src.moex_loader:load_asset:216 - Загружено 890 свечей для TATNP (stock)
2026-10-08 16:01:03.535 | DEBUG    | src.moex_loader:_fetch_page:48 - Запрос: https://iss.moex.com/iss/engines/stock/markets/shares/boards/TQBR/securities/TGKA/candles.json?from=2023-10-09&till=2026-10-08&interval=24&iss.meta=off&start=0
2026-10-08 16:01:04.580 | DEBUG    | src.moex_loader:_fetch_page:48 - Запрос: https://iss.moex.com/iss/engines/stock/markets/shares/boards/TQBR/securities/TGKA/candles.json?from=2023-10-09&till=2026-10-08&interval=24&iss.meta=off&start=0
2026-10-08 16:01:04.908 | DEBUG    | src.moex_loader:_fetch_page:48 - Запрос: https://iss.moex.com/iss/engines/stock/markets/shares/boards/TQBR/securities/TGKA/candles.json?from=2023-10-09&till=2026-10-08&interval=24&iss.meta=off&start=500
2026-10-08 16:01:05.380 | INFO     | src.database:insert_raw_candles:110 - Вставлено 888 записей в raw_candles
2026-10-08 16:01:05.380 | INFO     | src.database:upsert_meta:149 - Мета-информация обновлена для TGKA
2026-10-08 16:01:05.380 | INFO     | src.moex_loader:load_asset:216 - Загружено 888 свечей для TGKA (stock)
2026-10-08 16:01:05.381 | DEBUG    | src.moex_loader:_fetch_page:48 - Запрос: https://iss.moex.com/iss/engines/stock/markets/shares/boards/TQBR/securities/TGKB/candles.json?from=2023-10-09&till=2026-10-08&interval=24&iss.meta=off&start=0
2026-10-08 16:01:06.627 | DEBUG    | src.moex_loader:_fetch_page:48 - Запрос: https://iss.moex.com/iss/engines/stock/markets/shares/boards/TQBR/securities/TGKB/candles.json?from=2023-10-09&till=2026-10-08&interval=24&iss.meta=off&start=0
2026-10-08 16:01:06.840 | DEBUG    | src.moex_loader:_fetch_page:48 - Запрос: https://iss.moex.com/iss/engines/stock/markets/shares/boards/TQBR/securities/TGKB/candles.json?from=2023-10-09&till=2026-10-08&interval=24&iss.meta=off&start=500
2026-10-08 16:01:07.072 | INFO     | src.database:insert_raw_candles:110 - Вставлено 866 записей в raw_candles
2026-10-08 16:01:07.073 | INFO     | src.database:upsert_meta:149 - Мета-информация обновлена для TGKB
2026-10-08 16:01:07.073 | INFO     | src.moex_loader:load_asset:216 - Загружено 866 свечей для TGKB (stock)
2026-10-08 16:01:07.074 | DEBUG    | src.moex_loader:_fetch_page:48 - Запрос: https://iss.moex.com/iss/engines/stock/markets/shares/boards/TQBR/securities/TGKBP/candles.json?from=2023-10-09&till=2026-10-08&interval=24&iss.meta=off&start=0
2026-10-08 16:01:08.072 | DEBUG    | src.moex_loader:_fetch_page:48 - Запрос: https://iss.moex.com/iss/engines/stock/markets/shares/boards/TQBR/securities/TGKBP/candles.json?from=2023-10-09&till=2026-10-08&interval=24&iss.meta=off&start=0
2026-10-08 16:01:08.280 | DEBUG    | src.moex_loader:_fetch_page:48 - Запрос: https://iss.moex.com/iss/engines/stock/markets/shares/boards/TQBR/securities/TGKBP/candles.json?from=2023-10-09&till=2026-10-08&interval=24&iss.meta=off&start=500
2026-10-08 16:01:08.980 | INFO     | src.database:insert_raw_candles:110 - Вставлено 866 записей в raw_candles
2026-10-08 16:01:08.981 | INFO     | src.database:upsert_meta:149 - Мета-информация обновлена для TGKBP
2026-10-08 16:01:08.981 | INFO     | src.moex_loader:load_asset:216 - Загружено 866 свечей для TGKBP (stock)
2026-10-08 16:01:08.981 | DEBUG    | src.moex_loader:_fetch_page:48 - Запрос: https://iss.moex.com/iss/engines/stock/markets/shares/boards/TQBR/securities/TGKN/candles.json?from=2023-10-09&till=2026-10-08&interval=24&iss.meta=off&start=0
2026-10-08 16:01:10.248 | DEBUG    | src.moex_loader:_fetch_page:48 - Запрос: https://iss.moex.com/iss/engines/stock/markets/shares/boards/TQBR/securities/TGKN/candles.json?from=2023-10-09&till=2026-10-08&interval=24&iss.meta=off&start=0
2026-10-08 16:01:10.455 | DEBUG    | src.moex_loader:_fetch_page:48 - Запрос: https://iss.moex.com/iss/engines/stock/markets/shares/boards/TQBR/securities/TGKN/candles.json?from=2023-10-09&till=2026-10-08&interval=24&iss.meta=off&start=500
2026-10-08 16:01:10.689 | INFO     | src.database:insert_raw_candles:110 - Вставлено 876 записей в raw_candles
2026-10-08 16:01:10.689 | INFO     | src.database:upsert_meta:149 - Мета-информация обновлена для TGKN
2026-10-08 16:01:10.689 | INFO     | src.moex_loader:load_asset:216 - Загружено 876 свечей для TGKN (stock)
2026-10-08 16:01:10.690 | DEBUG    | src.moex_loader:_fetch_page:48 - Запрос: https://iss.moex.com/iss/engines/stock/markets/shares/boards/TQBR/securities/TNSE/candles.json?from=2023-10-09&till=2026-10-08&interval=24&iss.meta=off&start=0
2026-10-08 16:01:12.173 | DEBUG    | src.moex_loader:_fetch_page:48 - Запрос: https://iss.moex.com/iss/engines/stock/markets/shares/boards/TQBR/securities/TNSE/candles.json?from=2023-10-09&till=2026-10-08&interval=24&iss.meta=off&start=0
2026-10-08 16:01:12.410 | DEBUG    | src.moex_loader:_fetch_page:48 - Запрос: https://iss.moex.com/iss/engines/stock/markets/shares/boards/TQBR/securities/TNSE/candles.json?from=2023-10-09&till=2026-10-08&interval=24&iss.meta=off&start=500
2026-10-08 16:01:13.308 | INFO     | src.database:insert_raw_candles:110 - Вставлено 850 записей в raw_candles
2026-10-08 16:01:13.309 | INFO     | src.database:upsert_meta:149 - Мета-информация обновлена для TNSE
2026-10-08 16:01:13.309 | INFO     | src.moex_loader:load_asset:216 - Загружено 850 свечей для TNSE (stock)
2026-10-08 16:01:13.309 | DEBUG    | src.moex_loader:_fetch_page:48 - Запрос: https://iss.moex.com/iss/engines/stock/markets/shares/boards/TQBR/securities/TORS/candles.json?from=2023-10-09&till=2026-10-08&interval=24&iss.meta=off&start=0
2026-10-08 16:01:14.387 | DEBUG    | src.moex_loader:_fetch_page:48 - Запрос: https://iss.moex.com/iss/engines/stock/markets/shares/boards/TQBR/securities/TORS/candles.json?from=2023-10-09&till=2026-10-08&interval=24&iss.meta=off&start=0
2026-10-08 16:01:14.593 | DEBUG    | src.moex_loader:_fetch_page:48 - Запрос: https://iss.moex.com/iss/engines/stock/markets/shares/boards/TQBR/securities/TORS/candles.json?from=2023-10-09&till=2026-10-08&interval=24&iss.meta=off&start=500
2026-10-08 16:01:14.813 | INFO     | src.database:insert_raw_candles:110 - Вставлено 833 записей в raw_candles
2026-10-08 16:01:14.817 | INFO     | src.database:upsert_meta:149 - Мета-информация обновлена для TORS
2026-10-08 16:01:14.817 | INFO     | src.moex_loader:load_asset:216 - Загружено 833 свечей для TORS (stock)
2026-10-08 16:01:14.817 | DEBUG    | src.moex_loader:_fetch_page:48 - Запрос: https://iss.moex.com/iss/engines/stock/markets/shares/boards/TQBR/securities/TORSP/candles.json?from=2023-10-09&till=2026-10-08&interval=24&iss.meta=off&start=0
2026-10-08 16:01:15.791 | DEBUG    | src.moex_loader:_fetch_page:48 - Запрос: https://iss.moex.com/iss/engines/stock/markets/shares/boards/TQBR/securities/TORSP/candles.json?from=2023-10-09&till=2026-10-08&interval=24&iss.meta=off&start=0
2026-10-08 16:01:15.991 | DEBUG    | src.moex_loader:_fetch_page:48 - Запрос: https://iss.moex.com/iss/engines/stock/markets/shares/boards/TQBR/securities/TORSP/candles.json?from=2023-10-09&till=2026-10-08&interval=24&iss.meta=off&start=500
2026-10-08 16:01:16.208 | INFO     | src.database:insert_raw_candles:110 - Вставлено 844 записей в raw_candles
2026-10-08 16:01:16.208 | INFO     | src.database:upsert_meta:149 - Мета-информация обновлена для TORSP
2026-10-08 16:01:16.209 | INFO     | src.moex_loader:load_asset:216 - Загружено 844 свечей для TORSP (stock)
2026-10-08 16:01:16.209 | DEBUG    | src.moex_loader:_fetch_page:48 - Запрос: https://iss.moex.com/iss/engines/stock/markets/shares/boards/TQBR/securities/TRMK/candles.json?from=2023-10-09&till=2026-10-08&interval=24&iss.meta=off&start=0
2026-10-08 16:01:17.180 | DEBUG    | src.moex_loader:_fetch_page:48 - Запрос: https://iss.moex.com/iss/engines/stock/markets/shares/boards/TQBR/securities/TRMK/candles.json?from=2023-10-09&till=2026-10-08&interval=24&iss.meta=off&start=0
2026-10-08 16:01:17.632 | DEBUG    | src.moex_loader:_fetch_page:48 - Запрос: https://iss.moex.com/iss/engines/stock/markets/shares/boards/TQBR/securities/TRMK/candles.json?from=2023-10-09&till=2026-10-08&interval=24&iss.meta=off&start=500
2026-10-08 16:01:18.037 | INFO     | src.database:insert_raw_candles:110 - Вставлено 888 записей в raw_candles
2026-10-08 16:01:18.038 | INFO     | src.database:upsert_meta:149 - Мета-информация обновлена для TRMK
2026-10-08 16:01:18.038 | INFO     | src.moex_loader:load_asset:216 - Загружено 888 свечей для TRMK (stock)
2026-10-08 16:01:18.039 | DEBUG    | src.moex_loader:_fetch_page:48 - Запрос: https://iss.moex.com/iss/engines/stock/markets/shares/boards/TQBR/securities/TRNFP/candles.json?from=2023-10-09&till=2026-10-08&interval=24&iss.meta=off&start=0
2026-10-08 16:01:19.037 | DEBUG    | src.moex_loader:_fetch_page:48 - Запрос: https://iss.moex.com/iss/engines/stock/markets/shares/boards/TQBR/securities/TRNFP/candles.json?from=2023-10-09&till=2026-10-08&interval=24&iss.meta=off&start=0
2026-10-08 16:01:19.439 | DEBUG    | src.moex_loader:_fetch_page:48 - Запрос: https://iss.moex.com/iss/engines/stock/markets/shares/boards/TQBR/securities/TRNFP/candles.json?from=2023-10-09&till=2026-10-08&interval=24&iss.meta=off&start=500
2026-10-08 16:01:19.671 | INFO     | src.database:insert_raw_candles:110 - Вставлено 888 записей в raw_candles
2026-10-08 16:01:19.672 | INFO     | src.database:upsert_meta:149 - Мета-информация обновлена для TRNFP
2026-10-08 16:01:19.672 | INFO     | src.moex_loader:load_asset:216 - Загружено 888 свечей для TRNFP (stock)
2026-10-08 16:01:19.672 | DEBUG    | src.moex_loader:_fetch_page:48 - Запрос: https://iss.moex.com/iss/engines/stock/markets/shares/boards/TQBR/securities/TTLK/candles.json?from=2023-10-09&till=2026-10-08&interval=24&iss.meta=off&start=0
2026-10-08 16:01:20.653 | DEBUG    | src.moex_loader:_fetch_page:48 - Запрос: https://iss.moex.com/iss/engines/stock/markets/shares/boards/TQBR/securities/TTLK/candles.json?from=2023-10-09&till=2026-10-08&interval=24&iss.meta=off&start=0
2026-10-08 16:01:20.852 | DEBUG    | src.moex_loader:_fetch_page:48 - Запрос: https://iss.moex.com/iss/engines/stock/markets/shares/boards/TQBR/securities/TTLK/candles.json?from=2023-10-09&till=2026-10-08&interval=24&iss.meta=off&start=500
2026-10-08 16:01:21.681 | INFO     | src.database:insert_raw_candles:110 - Вставлено 866 записей в raw_candles
2026-10-08 16:01:21.682 | INFO     | src.database:upsert_meta:149 - Мета-информация обновлена для TTLK
2026-10-08 16:01:21.682 | INFO     | src.moex_loader:load_asset:216 - Загружено 866 свечей для TTLK (stock)
2026-10-08 16:01:21.682 | DEBUG    | src.moex_loader:_fetch_page:48 - Запрос: https://iss.moex.com/iss/engines/stock/markets/shares/boards/TQBR/securities/TUZA/candles.json?from=2023-10-09&till=2026-10-08&interval=24&iss.meta=off&start=0
2026-10-08 16:01:22.661 | DEBUG    | src.moex_loader:_fetch_page:48 - Запрос: https://iss.moex.com/iss/engines/stock/markets/shares/boards/TQBR/securities/TUZA/candles.json?from=2023-10-09&till=2026-10-08&interval=24&iss.meta=off&start=0
2026-10-08 16:01:23.442 | DEBUG    | src.moex_loader:_fetch_page:48 - Запрос: https://iss.moex.com/iss/engines/stock/markets/shares/boards/TQBR/securities/TUZA/candles.json?from=2023-10-09&till=2026-10-08&interval=24&iss.meta=off&start=500
2026-10-08 16:01:23.668 | INFO     | src.database:insert_raw_candles:110 - Вставлено 852 записей в raw_candles
2026-10-08 16:01:23.670 | INFO     | src.database:upsert_meta:149 - Мета-информация обновлена для TUZA
2026-10-08 16:01:23.670 | INFO     | src.moex_loader:load_asset:216 - Загружено 852 свечей для TUZA (stock)
2026-10-08 16:01:23.671 | DEBUG    | src.moex_loader:_fetch_page:48 - Запрос: https://iss.moex.com/iss/engines/stock/markets/shares/boards/TQBR/securities/UGLD/candles.json?from=2023-10-09&till=2026-10-08&interval=24&iss.meta=off&start=0
2026-10-08 16:01:24.731 | DEBUG    | src.moex_loader:_fetch_page:48 - Запрос: https://iss.moex.com/iss/engines/stock/markets/shares/boards/TQBR/securities/UGLD/candles.json?from=2023-10-09&till=2026-10-08&interval=24&iss.meta=off&start=0
2026-10-08 16:01:25.174 | DEBUG    | src.moex_loader:_fetch_page:48 - Запрос: https://iss.moex.com/iss/engines/stock/markets/shares/boards/TQBR/securities/UGLD/candles.json?from=2023-10-09&till=2026-10-08&interval=24&iss.meta=off&start=500
2026-10-08 16:01:25.619 | INFO     | src.database:insert_raw_candles:110 - Вставлено 851 записей в raw_candles
2026-10-08 16:01:25.619 | INFO     | src.database:upsert_meta:149 - Мета-информация обновлена для UGLD
2026-10-08 16:01:25.619 | INFO     | src.moex_loader:load_asset:216 - Загружено 851 свечей для UGLD (stock)
2026-10-08 16:01:25.620 | DEBUG    | src.moex_loader:_fetch_page:48 - Запрос: https://iss.moex.com/iss/engines/stock/markets/shares/boards/TQBR/securities/UKUZ/candles.json?from=2023-10-09&till=2026-10-08&interval=24&iss.meta=off&start=0
2026-10-08 16:01:26.631 | DEBUG    | src.moex_loader:_fetch_page:48 - Запрос: https://iss.moex.com/iss/engines/stock/markets/shares/boards/TQBR/securities/UKUZ/candles.json?from=2023-10-09&till=2026-10-08&interval=24&iss.meta=off&start=0
2026-10-08 16:01:26.839 | DEBUG    | src.moex_loader:_fetch_page:48 - Запрос: https://iss.moex.com/iss/engines/stock/markets/shares/boards/TQBR/securities/UKUZ/candles.json?from=2023-10-09&till=2026-10-08&interval=24&iss.meta=off&start=500
2026-10-08 16:01:27.062 | INFO     | src.database:insert_raw_candles:110 - Вставлено 845 записей в raw_candles
2026-10-08 16:01:27.063 | INFO     | src.database:upsert_meta:149 - Мета-информация обновлена для UKUZ
2026-10-08 16:01:27.063 | INFO     | src.moex_loader:load_asset:216 - Загружено 845 свечей для UKUZ (stock)
2026-10-08 16:01:27.064 | DEBUG    | src.moex_loader:_fetch_page:48 - Запрос: https://iss.moex.com/iss/engines/stock/markets/shares/boards/TQBR/securities/UNAC/candles.json?from=2023-10-09&till=2026-10-08&interval=24&iss.meta=off&start=0
2026-10-08 16:01:28.291 | DEBUG    | src.moex_loader:_fetch_page:48 - Запрос: https://iss.moex.com/iss/engines/stock/markets/shares/boards/TQBR/securities/UNAC/candles.json?from=2023-10-09&till=2026-10-08&interval=24&iss.meta=off&start=0
2026-10-08 16:01:28.681 | DEBUG    | src.moex_loader:_fetch_page:48 - Запрос: https://iss.moex.com/iss/engines/stock/markets/shares/boards/TQBR/securities/UNAC/candles.json?from=2023-10-09&till=2026-10-08&interval=24&iss.meta=off&start=500
2026-10-08 16:01:28.898 | INFO     | src.database:insert_raw_candles:110 - Вставлено 884 записей в raw_candles
2026-10-08 16:01:28.899 | INFO     | src.database:upsert_meta:149 - Мета-информация обновлена для UNAC
2026-10-08 16:01:28.899 | INFO     | src.moex_loader:load_asset:216 - Загружено 884 свечей для UNAC (stock)
2026-10-08 16:01:28.899 | DEBUG    | src.moex_loader:_fetch_page:48 - Запрос: https://iss.moex.com/iss/engines/stock/markets/shares/boards/TQBR/securities/UNKL/candles.json?from=2023-10-09&till=2026-10-08&interval=24&iss.meta=off&start=0
2026-10-08 16:01:29.909 | DEBUG    | src.moex_loader:_fetch_page:48 - Запрос: https://iss.moex.com/iss/engines/stock/markets/shares/boards/TQBR/securities/UNKL/candles.json?from=2023-10-09&till=2026-10-08&interval=24&iss.meta=off&start=0
2026-10-08 16:01:30.311 | DEBUG    | src.moex_loader:_fetch_page:48 - Запрос: https://iss.moex.com/iss/engines/stock/markets/shares/boards/TQBR/securities/UNKL/candles.json?from=2023-10-09&till=2026-10-08&interval=24&iss.meta=off&start=500
2026-10-08 16:01:30.779 | INFO     | src.database:insert_raw_candles:110 - Вставлено 866 записей в raw_candles
2026-10-08 16:01:30.779 | INFO     | src.database:upsert_meta:149 - Мета-информация обновлена для UNKL
2026-10-08 16:01:30.780 | INFO     | src.moex_loader:load_asset:216 - Загружено 866 свечей для UNKL (stock)
2026-10-08 16:01:30.780 | DEBUG    | src.moex_loader:_fetch_page:48 - Запрос: https://iss.moex.com/iss/engines/stock/markets/shares/boards/TQBR/securities/UPRO/candles.json?from=2023-10-09&till=2026-10-08&interval=24&iss.meta=off&start=0
2026-10-08 16:01:32.182 | DEBUG    | src.moex_loader:_fetch_page:48 - Запрос: https://iss.moex.com/iss/engines/stock/markets/shares/boards/TQBR/securities/UPRO/candles.json?from=2023-10-09&till=2026-10-08&interval=24&iss.meta=off&start=0
2026-10-08 16:01:32.394 | DEBUG    | src.moex_loader:_fetch_page:48 - Запрос: https://iss.moex.com/iss/engines/stock/markets/shares/boards/TQBR/securities/UPRO/candles.json?from=2023-10-09&till=2026-10-08&interval=24&iss.meta=off&start=500
2026-10-08 16:01:32.783 | INFO     | src.database:insert_raw_candles:110 - Вставлено 892 записей в raw_candles
2026-10-08 16:01:32.784 | INFO     | src.database:upsert_meta:149 - Мета-информация обновлена для UPRO
2026-10-08 16:01:32.784 | INFO     | src.moex_loader:load_asset:216 - Загружено 892 свечей для UPRO (stock)
2026-10-08 16:01:32.784 | DEBUG    | src.moex_loader:_fetch_page:48 - Запрос: https://iss.moex.com/iss/engines/stock/markets/shares/boards/TQBR/securities/URKZ/candles.json?from=2023-10-09&till=2026-10-08&interval=24&iss.meta=off&start=0
2026-10-08 16:01:33.767 | DEBUG    | src.moex_loader:_fetch_page:48 - Запрос: https://iss.moex.com/iss/engines/stock/markets/shares/boards/TQBR/securities/URKZ/candles.json?from=2023-10-09&till=2026-10-08&interval=24&iss.meta=off&start=0
2026-10-08 16:01:34.547 | DEBUG    | src.moex_loader:_fetch_page:48 - Запрос: https://iss.moex.com/iss/engines/stock/markets/shares/boards/TQBR/securities/URKZ/candles.json?from=2023-10-09&till=2026-10-08&interval=24&iss.meta=off&start=500
2026-10-08 16:01:34.767 | INFO     | src.database:insert_raw_candles:110 - Вставлено 807 записей в raw_candles
2026-10-08 16:01:34.768 | INFO     | src.database:upsert_meta:149 - Мета-информация обновлена для URKZ
2026-10-08 16:01:34.768 | INFO     | src.moex_loader:load_asset:216 - Загружено 807 свечей для URKZ (stock)
2026-10-08 16:01:34.769 | DEBUG    | src.moex_loader:_fetch_page:48 - Запрос: https://iss.moex.com/iss/engines/stock/markets/shares/boards/TQBR/securities/USBN/candles.json?from=2023-10-09&till=2026-10-08&interval=24&iss.meta=off&start=0
2026-10-08 16:01:35.819 | DEBUG    | src.moex_loader:_fetch_page:48 - Запрос: https://iss.moex.com/iss/engines/stock/markets/shares/boards/TQBR/securities/USBN/candles.json?from=2023-10-09&till=2026-10-08&interval=24&iss.meta=off&start=0
2026-10-08 16:01:36.032 | DEBUG    | src.moex_loader:_fetch_page:48 - Запрос: https://iss.moex.com/iss/engines/stock/markets/shares/boards/TQBR/securities/USBN/candles.json?from=2023-10-09&till=2026-10-08&interval=24&iss.meta=off&start=500
2026-10-08 16:01:36.249 | INFO     | src.database:insert_raw_candles:110 - Вставлено 852 записей в raw_candles
2026-10-08 16:01:36.250 | INFO     | src.database:upsert_meta:149 - Мета-информация обновлена для USBN
2026-10-08 16:01:36.251 | INFO     | src.moex_loader:load_asset:216 - Загружено 852 свечей для USBN (stock)
2026-10-08 16:01:36.251 | DEBUG    | src.moex_loader:_fetch_page:48 - Запрос: https://iss.moex.com/iss/engines/stock/markets/shares/boards/TQBR/securities/UTAR/candles.json?from=2023-10-09&till=2026-10-08&interval=24&iss.meta=off&start=0
2026-10-08 16:01:37.538 | DEBUG    | src.moex_loader:_fetch_page:48 - Запрос: https://iss.moex.com/iss/engines/stock/markets/shares/boards/TQBR/securities/UTAR/candles.json?from=2023-10-09&till=2026-10-08&interval=24&iss.meta=off&start=0
2026-10-08 16:01:37.733 | DEBUG    | src.moex_loader:_fetch_page:48 - Запрос: https://iss.moex.com/iss/engines/stock/markets/shares/boards/TQBR/securities/UTAR/candles.json?from=2023-10-09&till=2026-10-08&interval=24&iss.meta=off&start=500
2026-10-08 16:01:38.005 | INFO     | src.database:insert_raw_candles:110 - Вставлено 851 записей в raw_candles
2026-10-08 16:01:38.006 | INFO     | src.database:upsert_meta:149 - Мета-информация обновлена для UTAR
2026-10-08 16:01:38.006 | INFO     | src.moex_loader:load_asset:216 - Загружено 851 свечей для UTAR (stock)
2026-10-08 16:01:38.006 | DEBUG    | src.moex_loader:_fetch_page:48 - Запрос: https://iss.moex.com/iss/engines/stock/markets/shares/boards/TQBR/securities/UWGN/candles.json?from=2023-10-09&till=2026-10-08&interval=24&iss.meta=off&start=0
2026-10-08 16:01:39.050 | DEBUG    | src.moex_loader:_fetch_page:48 - Запрос: https://iss.moex.com/iss/engines/stock/markets/shares/boards/TQBR/securities/UWGN/candles.json?from=2023-10-09&till=2026-10-08&interval=24&iss.meta=off&start=0
2026-10-08 16:01:39.292 | DEBUG    | src.moex_loader:_fetch_page:48 - Запрос: https://iss.moex.com/iss/engines/stock/markets/shares/boards/TQBR/securities/UWGN/candles.json?from=2023-10-09&till=2026-10-08&interval=24&iss.meta=off&start=500
2026-10-08 16:01:39.505 | INFO     | src.database:insert_raw_candles:110 - Вставлено 567 записей в raw_candles
2026-10-08 16:01:39.506 | INFO     | src.database:upsert_meta:149 - Мета-информация обновлена для UWGN
2026-10-08 16:01:39.506 | INFO     | src.moex_loader:load_asset:216 - Загружено 567 свечей для UWGN (stock)
2026-10-08 16:01:39.506 | DEBUG    | src.moex_loader:_fetch_page:48 - Запрос: https://iss.moex.com/iss/engines/stock/markets/shares/boards/TQBR/securities/VEON-RX/candles.json?from=2023-10-09&till=2026-10-08&interval=24&iss.meta=off&start=0
2026-10-08 16:01:40.506 | DEBUG    | src.moex_loader:_fetch_page:48 - Запрос: https://iss.moex.com/iss/engines/stock/markets/shares/boards/TQBR/securities/VEON-RX/candles.json?from=2023-10-09&till=2026-10-08&interval=24&iss.meta=off&start=0
2026-10-08 16:01:40.708 | DEBUG    | src.moex_loader:_fetch_page:48 - Запрос: https://iss.moex.com/iss/engines/stock/markets/shares/boards/TQBR/securities/VEON-RX/candles.json?from=2023-10-09&till=2026-10-08&interval=24&iss.meta=off&start=500
2026-10-08 16:01:41.066 | INFO     | src.database:insert_raw_candles:110 - Вставлено 765 записей в raw_candles
2026-10-08 16:01:41.067 | INFO     | src.database:upsert_meta:149 - Мета-информация обновлена для VEON-RX
2026-10-08 16:01:41.067 | INFO     | src.moex_loader:load_asset:216 - Загружено 765 свечей для VEON-RX (stock)
2026-10-08 16:01:41.068 | DEBUG    | src.moex_loader:_fetch_page:48 - Запрос: https://iss.moex.com/iss/engines/stock/markets/shares/boards/TQBR/securities/VGSB/candles.json?from=2023-10-09&till=2026-10-08&interval=24&iss.meta=off&start=0
2026-10-08 16:01:42.045 | DEBUG    | src.moex_loader:_fetch_page:48 - Запрос: https://iss.moex.com/iss/engines/stock/markets/shares/boards/TQBR/securities/VGSB/candles.json?from=2023-10-09&till=2026-10-08&interval=24&iss.meta=off&start=0
2026-10-08 16:01:42.480 | DEBUG    | src.moex_loader:_fetch_page:48 - Запрос: https://iss.moex.com/iss/engines/stock/markets/shares/boards/TQBR/securities/VGSB/candles.json?from=2023-10-09&till=2026-10-08&interval=24&iss.meta=off&start=500
2026-10-08 16:01:43.291 | INFO     | src.database:insert_raw_candles:110 - Вставлено 825 записей в raw_candles
2026-10-08 16:01:43.292 | INFO     | src.database:upsert_meta:149 - Мета-информация обновлена для VGSB
2026-10-08 16:01:43.292 | INFO     | src.moex_loader:load_asset:216 - Загружено 825 свечей для VGSB (stock)
2026-10-08 16:01:43.292 | DEBUG    | src.moex_loader:_fetch_page:48 - Запрос: https://iss.moex.com/iss/engines/stock/markets/shares/boards/TQBR/securities/VGSBP/candles.json?from=2023-10-09&till=2026-10-08&interval=24&iss.meta=off&start=0
2026-10-08 16:01:44.364 | DEBUG    | src.moex_loader:_fetch_page:48 - Запрос: https://iss.moex.com/iss/engines/stock/markets/shares/boards/TQBR/securities/VGSBP/candles.json?from=2023-10-09&till=2026-10-08&interval=24&iss.meta=off&start=0
2026-10-08 16:01:44.785 | DEBUG    | src.moex_loader:_fetch_page:48 - Запрос: https://iss.moex.com/iss/engines/stock/markets/shares/boards/TQBR/securities/VGSBP/candles.json?from=2023-10-09&till=2026-10-08&interval=24&iss.meta=off&start=500
2026-10-08 16:01:45.029 | INFO     | src.database:insert_raw_candles:110 - Вставлено 832 записей в raw_candles
2026-10-08 16:01:45.030 | INFO     | src.database:upsert_meta:149 - Мета-информация обновлена для VGSBP
2026-10-08 16:01:45.030 | INFO     | src.moex_loader:load_asset:216 - Загружено 832 свечей для VGSBP (stock)
2026-10-08 16:01:45.030 | DEBUG    | src.moex_loader:_fetch_page:48 - Запрос: https://iss.moex.com/iss/engines/stock/markets/shares/boards/TQBR/securities/VJGZ/candles.json?from=2023-10-09&till=2026-10-08&interval=24&iss.meta=off&start=0
2026-10-08 16:01:46.012 | DEBUG    | src.moex_loader:_fetch_page:48 - Запрос: https://iss.moex.com/iss/engines/stock/markets/shares/boards/TQBR/securities/VJGZ/candles.json?from=2023-10-09&till=2026-10-08&interval=24&iss.meta=off&start=0
2026-10-08 16:01:46.220 | DEBUG    | src.moex_loader:_fetch_page:48 - Запрос: https://iss.moex.com/iss/engines/stock/markets/shares/boards/TQBR/securities/VJGZ/candles.json?from=2023-10-09&till=2026-10-08&interval=24&iss.meta=off&start=500
2026-10-08 16:01:46.661 | INFO     | src.database:insert_raw_candles:110 - Вставлено 847 записей в raw_candles
2026-10-08 16:01:46.662 | INFO     | src.database:upsert_meta:149 - Мета-информация обновлена для VJGZ
2026-10-08 16:01:46.662 | INFO     | src.moex_loader:load_asset:216 - Загружено 847 свечей для VJGZ (stock)
2026-10-08 16:01:46.662 | DEBUG    | src.moex_loader:_fetch_page:48 - Запрос: https://iss.moex.com/iss/engines/stock/markets/shares/boards/TQBR/securities/VJGZP/candles.json?from=2023-10-09&till=2026-10-08&interval=24&iss.meta=off&start=0
2026-10-08 16:01:47.638 | DEBUG    | src.moex_loader:_fetch_page:48 - Запрос: https://iss.moex.com/iss/engines/stock/markets/shares/boards/TQBR/securities/VJGZP/candles.json?from=2023-10-09&till=2026-10-08&interval=24&iss.meta=off&start=0
2026-10-08 16:01:47.843 | DEBUG    | src.moex_loader:_fetch_page:48 - Запрос: https://iss.moex.com/iss/engines/stock/markets/shares/boards/TQBR/securities/VJGZP/candles.json?from=2023-10-09&till=2026-10-08&interval=24&iss.meta=off&start=500
2026-10-08 16:01:48.111 | INFO     | src.database:insert_raw_candles:110 - Вставлено 850 записей в raw_candles
2026-10-08 16:01:48.111 | INFO     | src.database:upsert_meta:149 - Мета-информация обновлена для VJGZP
2026-10-08 16:01:48.111 | INFO     | src.moex_loader:load_asset:216 - Загружено 850 свечей для VJGZP (stock)
2026-10-08 16:01:48.112 | DEBUG    | src.moex_loader:_fetch_page:48 - Запрос: https://iss.moex.com/iss/engines/stock/markets/shares/boards/TQBR/securities/VKCO/candles.json?from=2023-10-09&till=2026-10-08&interval=24&iss.meta=off&start=0
2026-10-08 16:01:49.135 | DEBUG    | src.moex_loader:_fetch_page:48 - Запрос: https://iss.moex.com/iss/engines/stock/markets/shares/boards/TQBR/securities/VKCO/candles.json?from=2023-10-09&till=2026-10-08&interval=24&iss.meta=off&start=0
2026-10-08 16:01:49.401 | DEBUG    | src.moex_loader:_fetch_page:48 - Запрос: https://iss.moex.com/iss/engines/stock/markets/shares/boards/TQBR/securities/VKCO/candles.json?from=2023-10-09&till=2026-10-08&interval=24&iss.meta=off&start=500
2026-10-08 16:01:50.429 | INFO     | src.database:insert_raw_candles:110 - Вставлено 883 записей в raw_candles
2026-10-08 16:01:50.429 | INFO     | src.database:upsert_meta:149 - Мета-информация обновлена для VKCO
2026-10-08 16:01:50.429 | INFO     | src.moex_loader:load_asset:216 - Загружено 883 свечей для VKCO (stock)
2026-10-08 16:01:50.430 | DEBUG    | src.moex_loader:_fetch_page:48 - Запрос: https://iss.moex.com/iss/engines/stock/markets/shares/boards/TQBR/securities/VLHZ/candles.json?from=2023-10-09&till=2026-10-08&interval=24&iss.meta=off&start=0
2026-10-08 16:01:51.417 | DEBUG    | src.moex_loader:_fetch_page:48 - Запрос: https://iss.moex.com/iss/engines/stock/markets/shares/boards/TQBR/securities/VLHZ/candles.json?from=2023-10-09&till=2026-10-08&interval=24&iss.meta=off&start=0
2026-10-08 16:01:52.370 | DEBUG    | src.moex_loader:_fetch_page:48 - Запрос: https://iss.moex.com/iss/engines/stock/markets/shares/boards/TQBR/securities/VLHZ/candles.json?from=2023-10-09&till=2026-10-08&interval=24&iss.meta=off&start=500
2026-10-08 16:01:52.827 | INFO     | src.database:insert_raw_candles:110 - Вставлено 852 записей в raw_candles
2026-10-08 16:01:52.828 | INFO     | src.database:upsert_meta:149 - Мета-информация обновлена для VLHZ
2026-10-08 16:01:52.828 | INFO     | src.moex_loader:load_asset:216 - Загружено 852 свечей для VLHZ (stock)
2026-10-08 16:01:52.828 | DEBUG    | src.moex_loader:_fetch_page:48 - Запрос: https://iss.moex.com/iss/engines/stock/markets/shares/boards/TQBR/securities/VRSB/candles.json?from=2023-10-09&till=2026-10-08&interval=24&iss.meta=off&start=0
2026-10-08 16:01:54.013 | DEBUG    | src.moex_loader:_fetch_page:48 - Запрос: https://iss.moex.com/iss/engines/stock/markets/shares/boards/TQBR/securities/VRSB/candles.json?from=2023-10-09&till=2026-10-08&interval=24&iss.meta=off&start=0
2026-10-08 16:01:54.215 | DEBUG    | src.moex_loader:_fetch_page:48 - Запрос: https://iss.moex.com/iss/engines/stock/markets/shares/boards/TQBR/securities/VRSB/candles.json?from=2023-10-09&till=2026-10-08&interval=24&iss.meta=off&start=500
2026-10-08 16:01:54.793 | INFO     | src.database:insert_raw_candles:110 - Вставлено 866 записей в raw_candles
2026-10-08 16:01:54.794 | INFO     | src.database:upsert_meta:149 - Мета-информация обновлена для VRSB
2026-10-08 16:01:54.794 | INFO     | src.moex_loader:load_asset:216 - Загружено 866 свечей для VRSB (stock)
2026-10-08 16:01:54.794 | DEBUG    | src.moex_loader:_fetch_page:48 - Запрос: https://iss.moex.com/iss/engines/stock/markets/shares/boards/TQBR/securities/VRSBP/candles.json?from=2023-10-09&till=2026-10-08&interval=24&iss.meta=off&start=0
2026-10-08 16:01:55.779 | DEBUG    | src.moex_loader:_fetch_page:48 - Запрос: https://iss.moex.com/iss/engines/stock/markets/shares/boards/TQBR/securities/VRSBP/candles.json?from=2023-10-09&till=2026-10-08&interval=24&iss.meta=off&start=0
2026-10-08 16:01:55.983 | DEBUG    | src.moex_loader:_fetch_page:48 - Запрос: https://iss.moex.com/iss/engines/stock/markets/shares/boards/TQBR/securities/VRSBP/candles.json?from=2023-10-09&till=2026-10-08&interval=24&iss.meta=off&start=500
2026-10-08 16:01:56.412 | INFO     | src.database:insert_raw_candles:110 - Вставлено 850 записей в raw_candles
2026-10-08 16:01:56.413 | INFO     | src.database:upsert_meta:149 - Мета-информация обновлена для VRSBP
2026-10-08 16:01:56.413 | INFO     | src.moex_loader:load_asset:216 - Загружено 850 свечей для VRSBP (stock)
2026-10-08 16:01:56.413 | DEBUG    | src.moex_loader:_fetch_page:48 - Запрос: https://iss.moex.com/iss/engines/stock/markets/shares/boards/TQBR/securities/VSEH/candles.json?from=2023-10-09&till=2026-10-08&interval=24&iss.meta=off&start=0
2026-10-08 16:01:57.442 | DEBUG    | src.moex_loader:_fetch_page:48 - Запрос: https://iss.moex.com/iss/engines/stock/markets/shares/boards/TQBR/securities/VSEH/candles.json?from=2023-10-09&till=2026-10-08&interval=24&iss.meta=off&start=0
2026-10-08 16:01:58.075 | DEBUG    | src.moex_loader:_fetch_page:48 - Запрос: https://iss.moex.com/iss/engines/stock/markets/shares/boards/TQBR/securities/VSEH/candles.json?from=2023-10-09&till=2026-10-08&interval=24&iss.meta=off&start=500
2026-10-08 16:01:58.311 | INFO     | src.database:insert_raw_candles:110 - Вставлено 696 записей в raw_candles
2026-10-08 16:01:58.312 | INFO     | src.database:upsert_meta:149 - Мета-информация обновлена для VSEH
2026-10-08 16:01:58.312 | INFO     | src.moex_loader:load_asset:216 - Загружено 696 свечей для VSEH (stock)
2026-10-08 16:01:58.312 | DEBUG    | src.moex_loader:_fetch_page:48 - Запрос: https://iss.moex.com/iss/engines/stock/markets/shares/boards/TQBR/securities/VSMO/candles.json?from=2023-10-09&till=2026-10-08&interval=24&iss.meta=off&start=0
2026-10-08 16:01:59.314 | DEBUG    | src.moex_loader:_fetch_page:48 - Запрос: https://iss.moex.com/iss/engines/stock/markets/shares/boards/TQBR/securities/VSMO/candles.json?from=2023-10-09&till=2026-10-08&interval=24&iss.meta=off&start=0
2026-10-08 16:01:59.536 | DEBUG    | src.moex_loader:_fetch_page:48 - Запрос: https://iss.moex.com/iss/engines/stock/markets/shares/boards/TQBR/securities/VSMO/candles.json?from=2023-10-09&till=2026-10-08&interval=24&iss.meta=off&start=500
2026-10-08 16:02:00.146 | INFO     | src.database:insert_raw_candles:110 - Вставлено 866 записей в raw_candles
2026-10-08 16:02:00.147 | INFO     | src.database:upsert_meta:149 - Мета-информация обновлена для VSMO
2026-10-08 16:02:00.147 | INFO     | src.moex_loader:load_asset:216 - Загружено 866 свечей для VSMO (stock)
2026-10-08 16:02:00.147 | DEBUG    | src.moex_loader:_fetch_page:48 - Запрос: https://iss.moex.com/iss/engines/stock/markets/shares/boards/TQBR/securities/VSYD/candles.json?from=2023-10-09&till=2026-10-08&interval=24&iss.meta=off&start=0
2026-10-08 16:02:01.122 | DEBUG    | src.moex_loader:_fetch_page:48 - Запрос: https://iss.moex.com/iss/engines/stock/markets/shares/boards/TQBR/securities/VSYD/candles.json?from=2023-10-09&till=2026-10-08&interval=24&iss.meta=off&start=0
2026-10-08 16:02:01.326 | DEBUG    | src.moex_loader:_fetch_page:48 - Запрос: https://iss.moex.com/iss/engines/stock/markets/shares/boards/TQBR/securities/VSYD/candles.json?from=2023-10-09&till=2026-10-08&interval=24&iss.meta=off&start=500
2026-10-08 16:02:01.746 | INFO     | src.database:insert_raw_candles:110 - Вставлено 794 записей в raw_candles
2026-10-08 16:02:01.746 | INFO     | src.database:upsert_meta:149 - Мета-информация обновлена для VSYD
2026-10-08 16:02:01.746 | INFO     | src.moex_loader:load_asset:216 - Загружено 794 свечей для VSYD (stock)
2026-10-08 16:02:01.747 | DEBUG    | src.moex_loader:_fetch_page:48 - Запрос: https://iss.moex.com/iss/engines/stock/markets/shares/boards/TQBR/securities/VSYDP/candles.json?from=2023-10-09&till=2026-10-08&interval=24&iss.meta=off&start=0
2026-10-08 16:02:02.730 | DEBUG    | src.moex_loader:_fetch_page:48 - Запрос: https://iss.moex.com/iss/engines/stock/markets/shares/boards/TQBR/securities/VSYDP/candles.json?from=2023-10-09&till=2026-10-08&interval=24&iss.meta=off&start=0
2026-10-08 16:02:02.935 | DEBUG    | src.moex_loader:_fetch_page:48 - Запрос: https://iss.moex.com/iss/engines/stock/markets/shares/boards/TQBR/securities/VSYDP/candles.json?from=2023-10-09&till=2026-10-08&interval=24&iss.meta=off&start=500
2026-10-08 16:02:03.421 | INFO     | src.database:insert_raw_candles:110 - Вставлено 790 записей в raw_candles
2026-10-08 16:02:03.422 | INFO     | src.database:upsert_meta:149 - Мета-информация обновлена для VSYDP
2026-10-08 16:02:03.422 | INFO     | src.moex_loader:load_asset:216 - Загружено 790 свечей для VSYDP (stock)
2026-10-08 16:02:03.422 | DEBUG    | src.moex_loader:_fetch_page:48 - Запрос: https://iss.moex.com/iss/engines/stock/markets/shares/boards/TQBR/securities/VTBR/candles.json?from=2023-10-09&till=2026-10-08&interval=24&iss.meta=off&start=0
2026-10-08 16:02:04.470 | DEBUG    | src.moex_loader:_fetch_page:48 - Запрос: https://iss.moex.com/iss/engines/stock/markets/shares/boards/TQBR/securities/VTBR/candles.json?from=2023-10-09&till=2026-10-08&interval=24&iss.meta=off&start=0
2026-10-08 16:02:04.721 | DEBUG    | src.moex_loader:_fetch_page:48 - Запрос: https://iss.moex.com/iss/engines/stock/markets/shares/boards/TQBR/securities/VTBR/candles.json?from=2023-10-09&till=2026-10-08&interval=24&iss.meta=off&start=500
2026-10-08 16:02:04.946 | INFO     | src.database:insert_raw_candles:110 - Вставлено 888 записей в raw_candles
2026-10-08 16:02:04.947 | INFO     | src.database:upsert_meta:149 - Мета-информация обновлена для VTBR
2026-10-08 16:02:04.947 | INFO     | src.moex_loader:load_asset:216 - Загружено 888 свечей для VTBR (stock)
2026-10-08 16:02:04.948 | DEBUG    | src.moex_loader:_fetch_page:48 - Запрос: https://iss.moex.com/iss/engines/stock/markets/shares/boards/TQBR/securities/WTCM/candles.json?from=2023-10-09&till=2026-10-08&interval=24&iss.meta=off&start=0
2026-10-08 16:02:05.957 | DEBUG    | src.moex_loader:_fetch_page:48 - Запрос: https://iss.moex.com/iss/engines/stock/markets/shares/boards/TQBR/securities/WTCM/candles.json?from=2023-10-09&till=2026-10-08&interval=24&iss.meta=off&start=0
2026-10-08 16:02:06.362 | DEBUG    | src.moex_loader:_fetch_page:48 - Запрос: https://iss.moex.com/iss/engines/stock/markets/shares/boards/TQBR/securities/WTCM/candles.json?from=2023-10-09&till=2026-10-08&interval=24&iss.meta=off&start=500
2026-10-08 16:02:06.783 | INFO     | src.database:insert_raw_candles:110 - Вставлено 849 записей в raw_candles
2026-10-08 16:02:06.784 | INFO     | src.database:upsert_meta:149 - Мета-информация обновлена для WTCM
2026-10-08 16:02:06.784 | INFO     | src.moex_loader:load_asset:216 - Загружено 849 свечей для WTCM (stock)
2026-10-08 16:02:06.785 | DEBUG    | src.moex_loader:_fetch_page:48 - Запрос: https://iss.moex.com/iss/engines/stock/markets/shares/boards/TQBR/securities/WTCMP/candles.json?from=2023-10-09&till=2026-10-08&interval=24&iss.meta=off&start=0
2026-10-08 16:02:07.764 | DEBUG    | src.moex_loader:_fetch_page:48 - Запрос: https://iss.moex.com/iss/engines/stock/markets/shares/boards/TQBR/securities/WTCMP/candles.json?from=2023-10-09&till=2026-10-08&interval=24&iss.meta=off&start=0
2026-10-08 16:02:08.408 | DEBUG    | src.moex_loader:_fetch_page:48 - Запрос: https://iss.moex.com/iss/engines/stock/markets/shares/boards/TQBR/securities/WTCMP/candles.json?from=2023-10-09&till=2026-10-08&interval=24&iss.meta=off&start=500
2026-10-08 16:02:08.625 | INFO     | src.database:insert_raw_candles:110 - Вставлено 852 записей в raw_candles
2026-10-08 16:02:08.626 | INFO     | src.database:upsert_meta:149 - Мета-информация обновлена для WTCMP
2026-10-08 16:02:08.626 | INFO     | src.moex_loader:load_asset:216 - Загружено 852 свечей для WTCMP (stock)
2026-10-08 16:02:08.626 | DEBUG    | src.moex_loader:_fetch_page:48 - Запрос: https://iss.moex.com/iss/engines/stock/markets/shares/boards/TQBR/securities/WUSH/candles.json?from=2023-10-09&till=2026-10-08&interval=24&iss.meta=off&start=0
2026-10-08 16:02:09.755 | DEBUG    | src.moex_loader:_fetch_page:48 - Запрос: https://iss.moex.com/iss/engines/stock/markets/shares/boards/TQBR/securities/WUSH/candles.json?from=2023-10-09&till=2026-10-08&interval=24&iss.meta=off&start=0
2026-10-08 16:02:10.724 | DEBUG    | src.moex_loader:_fetch_page:48 - Запрос: https://iss.moex.com/iss/engines/stock/markets/shares/boards/TQBR/securities/WUSH/candles.json?from=2023-10-09&till=2026-10-08&interval=24&iss.meta=off&start=500
2026-10-08 16:02:11.355 | INFO     | src.database:insert_raw_candles:110 - Вставлено 888 записей в raw_candles
2026-10-08 16:02:11.356 | INFO     | src.database:upsert_meta:149 - Мета-информация обновлена для WUSH
2026-10-08 16:02:11.356 | INFO     | src.moex_loader:load_asset:216 - Загружено 888 свечей для WUSH (stock)
2026-10-08 16:02:11.357 | DEBUG    | src.moex_loader:_fetch_page:48 - Запрос: https://iss.moex.com/iss/engines/stock/markets/shares/boards/TQBR/securities/X5/candles.json?from=2023-10-09&till=2026-10-08&interval=24&iss.meta=off&start=0
2026-10-08 16:02:12.379 | DEBUG    | src.moex_loader:_fetch_page:48 - Запрос: https://iss.moex.com/iss/engines/stock/markets/shares/boards/TQBR/securities/X5/candles.json?from=2023-10-09&till=2026-10-08&interval=24&iss.meta=off&start=0
2026-10-08 16:02:12.779 | DEBUG    | src.moex_loader:_fetch_page:48 - Запрос: https://iss.moex.com/iss/engines/stock/markets/shares/boards/TQBR/securities/X5/candles.json?from=2023-10-09&till=2026-10-08&interval=24&iss.meta=off&start=500
2026-10-08 16:02:13.128 | INFO     | src.database:insert_raw_candles:110 - Вставлено 573 записей в raw_candles
2026-10-08 16:02:13.129 | INFO     | src.database:upsert_meta:149 - Мета-информация обновлена для X5
2026-10-08 16:02:13.129 | INFO     | src.moex_loader:load_asset:216 - Загружено 573 свечей для X5 (stock)
2026-10-08 16:02:13.129 | DEBUG    | src.moex_loader:_fetch_page:48 - Запрос: https://iss.moex.com/iss/engines/stock/markets/shares/boards/TQBR/securities/YAKG/candles.json?from=2023-10-09&till=2026-10-08&interval=24&iss.meta=off&start=0
2026-10-08 16:02:14.983 | DEBUG    | src.moex_loader:_fetch_page:48 - Запрос: https://iss.moex.com/iss/engines/stock/markets/shares/boards/TQBR/securities/YAKG/candles.json?from=2023-10-09&till=2026-10-08&interval=24&iss.meta=off&start=0
2026-10-08 16:02:15.623 | DEBUG    | src.moex_loader:_fetch_page:48 - Запрос: https://iss.moex.com/iss/engines/stock/markets/shares/boards/TQBR/securities/YAKG/candles.json?from=2023-10-09&till=2026-10-08&interval=24&iss.meta=off&start=500
2026-10-08 16:02:15.851 | INFO     | src.database:insert_raw_candles:110 - Вставлено 866 записей в raw_candles
2026-10-08 16:02:15.851 | INFO     | src.database:upsert_meta:149 - Мета-информация обновлена для YAKG
2026-10-08 16:02:15.851 | INFO     | src.moex_loader:load_asset:216 - Загружено 866 свечей для YAKG (stock)
2026-10-08 16:02:15.852 | DEBUG    | src.moex_loader:_fetch_page:48 - Запрос: https://iss.moex.com/iss/engines/stock/markets/shares/boards/TQBR/securities/YDEX/candles.json?from=2023-10-09&till=2026-10-08&interval=24&iss.meta=off&start=0
2026-10-08 16:02:17.302 | DEBUG    | src.moex_loader:_fetch_page:48 - Запрос: https://iss.moex.com/iss/engines/stock/markets/shares/boards/TQBR/securities/YDEX/candles.json?from=2023-10-09&till=2026-10-08&interval=24&iss.meta=off&start=0
2026-10-08 16:02:17.729 | DEBUG    | src.moex_loader:_fetch_page:48 - Запрос: https://iss.moex.com/iss/engines/stock/markets/shares/boards/TQBR/securities/YDEX/candles.json?from=2023-10-09&till=2026-10-08&interval=24&iss.meta=off&start=500
2026-10-08 16:02:17.962 | INFO     | src.database:insert_raw_candles:110 - Вставлено 687 записей в raw_candles
2026-10-08 16:02:17.962 | INFO     | src.database:upsert_meta:149 - Мета-информация обновлена для YDEX
2026-10-08 16:02:17.962 | INFO     | src.moex_loader:load_asset:216 - Загружено 687 свечей для YDEX (stock)
2026-10-08 16:02:17.963 | DEBUG    | src.moex_loader:_fetch_page:48 - Запрос: https://iss.moex.com/iss/engines/stock/markets/shares/boards/TQBR/securities/YKEN/candles.json?from=2023-10-09&till=2026-10-08&interval=24&iss.meta=off&start=0
2026-10-08 16:02:18.962 | DEBUG    | src.moex_loader:_fetch_page:48 - Запрос: https://iss.moex.com/iss/engines/stock/markets/shares/boards/TQBR/securities/YKEN/candles.json?from=2023-10-09&till=2026-10-08&interval=24&iss.meta=off&start=0
2026-10-08 16:02:19.175 | DEBUG    | src.moex_loader:_fetch_page:48 - Запрос: https://iss.moex.com/iss/engines/stock/markets/shares/boards/TQBR/securities/YKEN/candles.json?from=2023-10-09&till=2026-10-08&interval=24&iss.meta=off&start=500
2026-10-08 16:02:19.400 | INFO     | src.database:insert_raw_candles:110 - Вставлено 844 записей в raw_candles
2026-10-08 16:02:19.401 | INFO     | src.database:upsert_meta:149 - Мета-информация обновлена для YKEN
2026-10-08 16:02:19.401 | INFO     | src.moex_loader:load_asset:216 - Загружено 844 свечей для YKEN (stock)
2026-10-08 16:02:19.401 | DEBUG    | src.moex_loader:_fetch_page:48 - Запрос: https://iss.moex.com/iss/engines/stock/markets/shares/boards/TQBR/securities/YKENP/candles.json?from=2023-10-09&till=2026-10-08&interval=24&iss.meta=off&start=0
2026-10-08 16:02:20.595 | DEBUG    | src.moex_loader:_fetch_page:48 - Запрос: https://iss.moex.com/iss/engines/stock/markets/shares/boards/TQBR/securities/YKENP/candles.json?from=2023-10-09&till=2026-10-08&interval=24&iss.meta=off&start=0
2026-10-08 16:02:20.959 | DEBUG    | src.moex_loader:_fetch_page:48 - Запрос: https://iss.moex.com/iss/engines/stock/markets/shares/boards/TQBR/securities/YKENP/candles.json?from=2023-10-09&till=2026-10-08&interval=24&iss.meta=off&start=500
2026-10-08 16:02:21.177 | INFO     | src.database:insert_raw_candles:110 - Вставлено 840 записей в raw_candles
2026-10-08 16:02:21.178 | INFO     | src.database:upsert_meta:149 - Мета-информация обновлена для YKENP
2026-10-08 16:02:21.178 | INFO     | src.moex_loader:load_asset:216 - Загружено 840 свечей для YKENP (stock)
2026-10-08 16:02:21.179 | DEBUG    | src.moex_loader:_fetch_page:48 - Запрос: https://iss.moex.com/iss/engines/stock/markets/shares/boards/TQBR/securities/YRSB/candles.json?from=2023-10-09&till=2026-10-08&interval=24&iss.meta=off&start=0
2026-10-08 16:02:22.574 | DEBUG    | src.moex_loader:_fetch_page:48 - Запрос: https://iss.moex.com/iss/engines/stock/markets/shares/boards/TQBR/securities/YRSB/candles.json?from=2023-10-09&till=2026-10-08&interval=24&iss.meta=off&start=0
2026-10-08 16:02:22.975 | DEBUG    | src.moex_loader:_fetch_page:48 - Запрос: https://iss.moex.com/iss/engines/stock/markets/shares/boards/TQBR/securities/YRSB/candles.json?from=2023-10-09&till=2026-10-08&interval=24&iss.meta=off&start=500
2026-10-08 16:02:23.193 | INFO     | src.database:insert_raw_candles:110 - Вставлено 829 записей в raw_candles
2026-10-08 16:02:23.194 | INFO     | src.database:upsert_meta:149 - Мета-информация обновлена для YRSB
2026-10-08 16:02:23.194 | INFO     | src.moex_loader:load_asset:216 - Загружено 829 свечей для YRSB (stock)
2026-10-08 16:02:23.195 | DEBUG    | src.moex_loader:_fetch_page:48 - Запрос: https://iss.moex.com/iss/engines/stock/markets/shares/boards/TQBR/securities/YRSBP/candles.json?from=2023-10-09&till=2026-10-08&interval=24&iss.meta=off&start=0
2026-10-08 16:02:24.556 | DEBUG    | src.moex_loader:_fetch_page:48 - Запрос: https://iss.moex.com/iss/engines/stock/markets/shares/boards/TQBR/securities/YRSBP/candles.json?from=2023-10-09&till=2026-10-08&interval=24&iss.meta=off&start=0
2026-10-08 16:02:24.754 | DEBUG    | src.moex_loader:_fetch_page:48 - Запрос: https://iss.moex.com/iss/engines/stock/markets/shares/boards/TQBR/securities/YRSBP/candles.json?from=2023-10-09&till=2026-10-08&interval=24&iss.meta=off&start=500
2026-10-08 16:02:24.968 | INFO     | src.database:insert_raw_candles:110 - Вставлено 844 записей в raw_candles
2026-10-08 16:02:24.969 | INFO     | src.database:upsert_meta:149 - Мета-информация обновлена для YRSBP
2026-10-08 16:02:24.969 | INFO     | src.moex_loader:load_asset:216 - Загружено 844 свечей для YRSBP (stock)
2026-10-08 16:02:24.969 | DEBUG    | src.moex_loader:_fetch_page:48 - Запрос: https://iss.moex.com/iss/engines/stock/markets/shares/boards/TQBR/securities/ZAYM/candles.json?from=2023-10-09&till=2026-10-08&interval=24&iss.meta=off&start=0
2026-10-08 16:02:25.954 | DEBUG    | src.moex_loader:_fetch_page:48 - Запрос: https://iss.moex.com/iss/engines/stock/markets/shares/boards/TQBR/securities/ZAYM/candles.json?from=2023-10-09&till=2026-10-08&interval=24&iss.meta=off&start=0
2026-10-08 16:02:26.154 | DEBUG    | src.moex_loader:_fetch_page:48 - Запрос: https://iss.moex.com/iss/engines/stock/markets/shares/boards/TQBR/securities/ZAYM/candles.json?from=2023-10-09&till=2026-10-08&interval=24&iss.meta=off&start=500
2026-10-08 16:02:26.371 | INFO     | src.database:insert_raw_candles:110 - Вставлено 756 записей в raw_candles
2026-10-08 16:02:26.372 | INFO     | src.database:upsert_meta:149 - Мета-информация обновлена для ZAYM
2026-10-08 16:02:26.372 | INFO     | src.moex_loader:load_asset:216 - Загружено 756 свечей для ZAYM (stock)
2026-10-08 16:02:26.372 | DEBUG    | src.moex_loader:_fetch_page:48 - Запрос: https://iss.moex.com/iss/engines/stock/markets/shares/boards/TQBR/securities/ZILL/candles.json?from=2023-10-09&till=2026-10-08&interval=24&iss.meta=off&start=0
2026-10-08 16:02:27.343 | DEBUG    | src.moex_loader:_fetch_page:48 - Запрос: https://iss.moex.com/iss/engines/stock/markets/shares/boards/TQBR/securities/ZILL/candles.json?from=2023-10-09&till=2026-10-08&interval=24&iss.meta=off&start=0
2026-10-08 16:02:27.545 | DEBUG    | src.moex_loader:_fetch_page:48 - Запрос: https://iss.moex.com/iss/engines/stock/markets/shares/boards/TQBR/securities/ZILL/candles.json?from=2023-10-09&till=2026-10-08&interval=24&iss.meta=off&start=500
2026-10-08 16:02:27.760 | INFO     | src.database:insert_raw_candles:110 - Вставлено 832 записей в raw_candles
2026-10-08 16:02:27.761 | INFO     | src.database:upsert_meta:149 - Мета-информация обновлена для ZILL
2026-10-08 16:02:27.761 | INFO     | src.moex_loader:load_asset:216 - Загружено 832 свечей для ZILL (stock)
2026-10-08 16:02:27.761 | DEBUG    | src.moex_loader:_fetch_page:48 - Запрос: https://iss.moex.com/iss/engines/stock/markets/shares/boards/TQBR/securities/ZVEZ/candles.json?from=2023-10-09&till=2026-10-08&interval=24&iss.meta=off&start=0
2026-10-08 16:02:29.088 | DEBUG    | src.moex_loader:_fetch_page:48 - Запрос: https://iss.moex.com/iss/engines/stock/markets/shares/boards/TQBR/securities/ZVEZ/candles.json?from=2023-10-09&till=2026-10-08&interval=24&iss.meta=off&start=0
2026-10-08 16:02:29.302 | DEBUG    | src.moex_loader:_fetch_page:48 - Запрос: https://iss.moex.com/iss/engines/stock/markets/shares/boards/TQBR/securities/ZVEZ/candles.json?from=2023-10-09&till=2026-10-08&interval=24&iss.meta=off&start=500
2026-10-08 16:02:29.719 | INFO     | src.database:insert_raw_candles:110 - Вставлено 831 записей в raw_candles
2026-10-08 16:02:29.720 | INFO     | src.database:upsert_meta:149 - Мета-информация обновлена для ZVEZ
2026-10-08 16:02:29.720 | INFO     | src.moex_loader:load_asset:216 - Загружено 831 свечей для ZVEZ (stock)
2026-10-08 16:02:29.721 | DEBUG    | src.moex_loader:_fetch_page:48 - Запрос: https://iss.moex.com/iss/engines/futures/markets/forts/securities/SiZ6/candles.json?from=2023-10-09&till=2026-10-08&interval=24&iss.meta=off&start=0
2026-10-08 16:02:30.929 | DEBUG    | src.moex_loader:_fetch_page:48 - Запрос: https://iss.moex.com/iss/engines/futures/markets/forts/securities/SiZ6/candles.json?from=2023-10-09&till=2026-10-08&interval=24&iss.meta=off&start=0
2026-10-08 16:02:31.346 | INFO     | src.database:insert_raw_candles:110 - Вставлено 435 записей в raw_candles
2026-10-08 16:02:31.347 | INFO     | src.database:upsert_meta:149 - Мета-информация обновлена для SiZ6
2026-10-08 16:02:31.347 | INFO     | src.moex_loader:load_asset:216 - Загружено 435 свечей для SiZ6 (futures)
2026-10-08 16:02:31.347 | DEBUG    | src.moex_loader:_fetch_page:48 - Запрос: https://iss.moex.com/iss/engines/futures/markets/forts/securities/CRZ6/candles.json?from=2023-10-09&till=2026-10-08&interval=24&iss.meta=off&start=0
2026-10-08 16:02:32.534 | DEBUG    | src.moex_loader:_fetch_page:48 - Запрос: https://iss.moex.com/iss/engines/futures/markets/forts/securities/CRZ6/candles.json?from=2023-10-09&till=2026-10-08&interval=24&iss.meta=off&start=0
2026-10-08 16:02:33.397 | INFO     | src.database:insert_raw_candles:110 - Вставлено 331 записей в raw_candles
2026-10-08 16:02:33.398 | INFO     | src.database:upsert_meta:149 - Мета-информация обновлена для CRZ6
2026-10-08 16:02:33.398 | INFO     | src.moex_loader:load_asset:216 - Загружено 331 свечей для CRZ6 (futures)
2026-10-08 16:02:33.398 | DEBUG    | src.moex_loader:_fetch_page:48 - Запрос: https://iss.moex.com/iss/engines/futures/markets/forts/securities/UCZ6/candles.json?from=2023-10-09&till=2026-10-08&interval=24&iss.meta=off&start=0
2026-10-08 16:02:34.194 | DEBUG    | src.moex_loader:_fetch_page:48 - Запрос: https://iss.moex.com/iss/engines/futures/markets/forts/securities/UCZ6/candles.json?from=2023-10-09&till=2026-10-08&interval=24&iss.meta=off&start=0
2026-10-08 16:02:34.401 | INFO     | src.database:insert_raw_candles:110 - Вставлено 116 записей в raw_candles
2026-10-08 16:02:34.401 | INFO     | src.database:upsert_meta:149 - Мета-информация обновлена для UCZ6
2026-10-08 16:02:34.401 | INFO     | src.moex_loader:load_asset:216 - Загружено 116 свечей для UCZ6 (futures)
2026-10-08 16:02:34.402 | DEBUG    | src.moex_loader:_fetch_page:48 - Запрос: https://iss.moex.com/iss/engines/futures/markets/forts/securities/EDZ6/candles.json?from=2023-10-09&till=2026-10-08&interval=24&iss.meta=off&start=0
2026-10-08 16:02:35.448 | DEBUG    | src.moex_loader:_fetch_page:48 - Запрос: https://iss.moex.com/iss/engines/futures/markets/forts/securities/EDZ6/candles.json?from=2023-10-09&till=2026-10-08&interval=24&iss.meta=off&start=0
2026-10-08 16:02:35.658 | INFO     | src.database:insert_raw_candles:110 - Вставлено 178 записей в raw_candles
2026-10-08 16:02:35.658 | INFO     | src.database:upsert_meta:149 - Мета-информация обновлена для EDZ6
2026-10-08 16:02:35.658 | INFO     | src.moex_loader:load_asset:216 - Загружено 178 свечей для EDZ6 (futures)
2026-10-08 16:02:35.658 | DEBUG    | src.moex_loader:_fetch_page:48 - Запрос: https://iss.moex.com/iss/engines/futures/markets/forts/securities/UMZ6/candles.json?from=2023-10-09&till=2026-10-08&interval=24&iss.meta=off&start=0
2026-10-08 16:02:36.476 | DEBUG    | src.moex_loader:_fetch_page:48 - Запрос: https://iss.moex.com/iss/engines/futures/markets/forts/securities/UMZ6/candles.json?from=2023-10-09&till=2026-10-08&interval=24&iss.meta=off&start=0
2026-10-08 16:02:36.680 | INFO     | src.database:insert_raw_candles:110 - Вставлено 87 записей в raw_candles
2026-10-08 16:02:36.681 | INFO     | src.database:upsert_meta:149 - Мета-информация обновлена для UMZ6
2026-10-08 16:02:36.681 | INFO     | src.moex_loader:load_asset:216 - Загружено 87 свечей для UMZ6 (futures)
2026-10-08 16:02:36.681 | DEBUG    | src.moex_loader:_fetch_page:48 - Запрос: https://iss.moex.com/iss/engines/futures/markets/forts/securities/USDRUBF/candles.json?from=2023-10-09&till=2026-10-08&interval=24&iss.meta=off&start=0
2026-10-08 16:02:37.752 | DEBUG    | src.moex_loader:_fetch_page:48 - Запрос: https://iss.moex.com/iss/engines/futures/markets/forts/securities/USDRUBF/candles.json?from=2023-10-09&till=2026-10-08&interval=24&iss.meta=off&start=0
2026-10-08 16:02:37.958 | DEBUG    | src.moex_loader:_fetch_page:48 - Запрос: https://iss.moex.com/iss/engines/futures/markets/forts/securities/USDRUBF/candles.json?from=2023-10-09&till=2026-10-08&interval=24&iss.meta=off&start=500
2026-10-08 16:02:38.294 | INFO     | src.database:insert_raw_candles:110 - Вставлено 765 записей в raw_candles
2026-10-08 16:02:38.295 | INFO     | src.database:upsert_meta:149 - Мета-информация обновлена для USDRUBF
2026-10-08 16:02:38.295 | INFO     | src.moex_loader:load_asset:216 - Загружено 765 свечей для USDRUBF (futures)
2026-10-08 16:02:38.296 | DEBUG    | src.moex_loader:_fetch_page:48 - Запрос: https://iss.moex.com/iss/engines/futures/markets/forts/securities/EURRUBF/candles.json?from=2023-10-09&till=2026-10-08&interval=24&iss.meta=off&start=0
2026-10-08 16:02:39.320 | DEBUG    | src.moex_loader:_fetch_page:48 - Запрос: https://iss.moex.com/iss/engines/futures/markets/forts/securities/EURRUBF/candles.json?from=2023-10-09&till=2026-10-08&interval=24&iss.meta=off&start=0
2026-10-08 16:02:39.922 | DEBUG    | src.moex_loader:_fetch_page:48 - Запрос: https://iss.moex.com/iss/engines/futures/markets/forts/securities/EURRUBF/candles.json?from=2023-10-09&till=2026-10-08&interval=24&iss.meta=off&start=500
2026-10-08 16:02:40.139 | INFO     | src.database:insert_raw_candles:110 - Вставлено 765 записей в raw_candles
2026-10-08 16:02:40.140 | INFO     | src.database:upsert_meta:149 - Мета-информация обновлена для EURRUBF
2026-10-08 16:02:40.140 | INFO     | src.moex_loader:load_asset:216 - Загружено 765 свечей для EURRUBF (futures)
2026-10-08 16:02:40.140 | DEBUG    | src.moex_loader:_fetch_page:48 - Запрос: https://iss.moex.com/iss/engines/futures/markets/forts/securities/CNYRUBF/candles.json?from=2023-10-09&till=2026-10-08&interval=24&iss.meta=off&start=0
2026-10-08 16:02:41.120 | DEBUG    | src.moex_loader:_fetch_page:48 - Запрос: https://iss.moex.com/iss/engines/futures/markets/forts/securities/CNYRUBF/candles.json?from=2023-10-09&till=2026-10-08&interval=24&iss.meta=off&start=0
2026-10-08 16:02:42.507 | DEBUG    | src.moex_loader:_fetch_page:48 - Запрос: https://iss.moex.com/iss/engines/futures/markets/forts/securities/CNYRUBF/candles.json?from=2023-10-09&till=2026-10-08&interval=24&iss.meta=off&start=500
2026-10-08 16:02:42.751 | INFO     | src.database:insert_raw_candles:110 - Вставлено 765 записей в raw_candles
2026-10-08 16:02:42.751 | INFO     | src.database:upsert_meta:149 - Мета-информация обновлена для CNYRUBF
2026-10-08 16:02:42.752 | INFO     | src.moex_loader:load_asset:216 - Загружено 765 свечей для CNYRUBF (futures)
2026-10-08 16:02:42.752 | DEBUG    | src.moex_loader:_fetch_page:48 - Запрос: https://iss.moex.com/iss/engines/futures/markets/forts/securities/SRZ6/candles.json?from=2023-10-09&till=2026-10-08&interval=24&iss.meta=off&start=0
2026-10-08 16:02:43.587 | DEBUG    | src.moex_loader:_fetch_page:48 - Запрос: https://iss.moex.com/iss/engines/futures/markets/forts/securities/SRZ6/candles.json?from=2023-10-09&till=2026-10-08&interval=24&iss.meta=off&start=0
2026-10-08 16:02:43.801 | INFO     | src.database:insert_raw_candles:110 - Вставлено 197 записей в raw_candles
2026-10-08 16:02:43.802 | INFO     | src.database:upsert_meta:149 - Мета-информация обновлена для SRZ6
2026-10-08 16:02:43.802 | INFO     | src.moex_loader:load_asset:216 - Загружено 197 свечей для SRZ6 (futures)
2026-10-08 16:02:43.802 | DEBUG    | src.moex_loader:_fetch_page:48 - Запрос: https://iss.moex.com/iss/engines/futures/markets/forts/securities/KKZ6/candles.json?from=2023-10-09&till=2026-10-08&interval=24&iss.meta=off&start=0
2026-10-08 16:02:44.608 | DEBUG    | src.moex_loader:_fetch_page:48 - Запрос: https://iss.moex.com/iss/engines/futures/markets/forts/securities/KKZ6/candles.json?from=2023-10-09&till=2026-10-08&interval=24&iss.meta=off&start=0
2026-10-08 16:02:44.940 | INFO     | src.database:insert_raw_candles:110 - Вставлено 6 записей в raw_candles
2026-10-08 16:02:44.941 | INFO     | src.database:upsert_meta:149 - Мета-информация обновлена для KKZ6
2026-10-08 16:02:44.941 | INFO     | src.moex_loader:load_asset:216 - Загружено 6 свечей для KKZ6 (futures)
2026-10-08 16:02:44.941 | DEBUG    | src.moex_loader:_fetch_page:48 - Запрос: https://iss.moex.com/iss/engines/futures/markets/forts/securities/MXZ6/candles.json?from=2023-10-09&till=2026-10-08&interval=24&iss.meta=off&start=0
2026-10-08 16:02:45.780 | DEBUG    | src.moex_loader:_fetch_page:48 - Запрос: https://iss.moex.com/iss/engines/futures/markets/forts/securities/MXZ6/candles.json?from=2023-10-09&till=2026-10-08&interval=24&iss.meta=off&start=0
2026-10-08 16:02:46.999 | INFO     | src.database:insert_raw_candles:110 - Вставлено 249 записей в raw_candles
2026-10-08 16:02:47.000 | INFO     | src.database:upsert_meta:149 - Мета-информация обновлена для MXZ6
2026-10-08 16:02:47.000 | INFO     | src.moex_loader:load_asset:216 - Загружено 249 свечей для MXZ6 (futures)
2026-10-08 16:02:47.000 | DEBUG    | src.moex_loader:_fetch_page:48 - Запрос: https://iss.moex.com/iss/engines/futures/markets/forts/securities/MMZ6/candles.json?from=2023-10-09&till=2026-10-08&interval=24&iss.meta=off&start=0
2026-10-08 16:02:48.187 | DEBUG    | src.moex_loader:_fetch_page:48 - Запрос: https://iss.moex.com/iss/engines/futures/markets/forts/securities/MMZ6/candles.json?from=2023-10-09&till=2026-10-08&interval=24&iss.meta=off&start=0
2026-10-08 16:02:48.400 | INFO     | src.database:insert_raw_candles:110 - Вставлено 477 записей в raw_candles
2026-10-08 16:02:48.401 | INFO     | src.database:upsert_meta:149 - Мета-информация обновлена для MMZ6
2026-10-08 16:02:48.401 | INFO     | src.moex_loader:load_asset:216 - Загружено 477 свечей для MMZ6 (futures)
2026-10-08 16:02:48.401 | DEBUG    | src.moex_loader:_fetch_page:48 - Запрос: https://iss.moex.com/iss/engines/futures/markets/forts/securities/RIZ6/candles.json?from=2023-10-09&till=2026-10-08&interval=24&iss.meta=off&start=0
2026-10-08 16:02:49.182 | DEBUG    | src.moex_loader:_fetch_page:48 - Запрос: https://iss.moex.com/iss/engines/futures/markets/forts/securities/RIZ6/candles.json?from=2023-10-09&till=2026-10-08&interval=24&iss.meta=off&start=0
2026-10-08 16:02:49.968 | INFO     | src.database:insert_raw_candles:110 - Вставлено 295 записей в raw_candles
2026-10-08 16:02:49.969 | INFO     | src.database:upsert_meta:149 - Мета-информация обновлена для RIZ6
2026-10-08 16:02:49.969 | INFO     | src.moex_loader:load_asset:216 - Загружено 295 свечей для RIZ6 (futures)
2026-10-08 16:02:49.970 | DEBUG    | src.moex_loader:_fetch_page:48 - Запрос: https://iss.moex.com/iss/engines/futures/markets/forts/securities/RBZ6/candles.json?from=2023-10-09&till=2026-10-08&interval=24&iss.meta=off&start=0
2026-10-08 16:02:51.001 | DEBUG    | src.moex_loader:_fetch_page:48 - Запрос: https://iss.moex.com/iss/engines/futures/markets/forts/securities/RBZ6/candles.json?from=2023-10-09&till=2026-10-08&interval=24&iss.meta=off&start=0
2026-10-08 16:02:51.293 | INFO     | src.database:insert_raw_candles:110 - Вставлено 223 записей в raw_candles
2026-10-08 16:02:51.294 | INFO     | src.database:upsert_meta:149 - Мета-информация обновлена для RBZ6
2026-10-08 16:02:51.294 | INFO     | src.moex_loader:load_asset:216 - Загружено 223 свечей для RBZ6 (futures)
2026-10-08 16:02:51.294 | DEBUG    | src.moex_loader:_fetch_page:48 - Запрос: https://iss.moex.com/iss/engines/futures/markets/forts/securities/RGBIF/candles.json?from=2023-10-09&till=2026-10-08&interval=24&iss.meta=off&start=0
2026-10-08 16:02:52.314 | DEBUG    | src.moex_loader:_fetch_page:48 - Запрос: https://iss.moex.com/iss/engines/futures/markets/forts/securities/RGBIF/candles.json?from=2023-10-09&till=2026-10-08&interval=24&iss.meta=off&start=0
2026-10-08 16:02:53.428 | INFO     | src.database:insert_raw_candles:110 - Вставлено 201 записей в raw_candles
2026-10-08 16:02:53.428 | INFO     | src.database:upsert_meta:149 - Мета-информация обновлена для RGBIF
2026-10-08 16:02:53.429 | INFO     | src.moex_loader:load_asset:216 - Загружено 201 свечей для RGBIF (futures)
2026-10-08 16:02:53.429 | DEBUG    | src.moex_loader:_fetch_page:48 - Запрос: https://iss.moex.com/iss/engines/futures/markets/forts/securities/IMOEXF/candles.json?from=2023-10-09&till=2026-10-08&interval=24&iss.meta=off&start=0
2026-10-08 16:02:54.519 | DEBUG    | src.moex_loader:_fetch_page:48 - Запрос: https://iss.moex.com/iss/engines/futures/markets/forts/securities/IMOEXF/candles.json?from=2023-10-09&till=2026-10-08&interval=24&iss.meta=off&start=0
2026-10-08 16:02:54.723 | DEBUG    | src.moex_loader:_fetch_page:48 - Запрос: https://iss.moex.com/iss/engines/futures/markets/forts/securities/IMOEXF/candles.json?from=2023-10-09&till=2026-10-08&interval=24&iss.meta=off&start=500
2026-10-08 16:02:55.306 | INFO     | src.database:insert_raw_candles:110 - Вставлено 741 записей в raw_candles
2026-10-08 16:02:55.307 | INFO     | src.database:upsert_meta:149 - Мета-информация обновлена для IMOEXF
2026-10-08 16:02:55.307 | INFO     | src.moex_loader:load_asset:216 - Загружено 741 свечей для IMOEXF (futures)
2026-10-08 16:02:55.307 | DEBUG    | src.moex_loader:_fetch_page:48 - Запрос: https://iss.moex.com/iss/engines/futures/markets/forts/securities/SFZ6/candles.json?from=2023-10-09&till=2026-10-08&interval=24&iss.meta=off&start=0
2026-10-08 16:02:56.365 | DEBUG    | src.moex_loader:_fetch_page:48 - Запрос: https://iss.moex.com/iss/engines/futures/markets/forts/securities/SFZ6/candles.json?from=2023-10-09&till=2026-10-08&interval=24&iss.meta=off&start=0
2026-10-08 16:02:57.266 | INFO     | src.database:insert_raw_candles:110 - Вставлено 204 записей в raw_candles
2026-10-08 16:02:57.267 | INFO     | src.database:upsert_meta:149 - Мета-информация обновлена для SFZ6
2026-10-08 16:02:57.267 | INFO     | src.moex_loader:load_asset:216 - Загружено 204 свечей для SFZ6 (futures)
2026-10-08 16:02:57.267 | DEBUG    | src.moex_loader:_fetch_page:48 - Запрос: https://iss.moex.com/iss/engines/futures/markets/forts/securities/NAZ6/candles.json?from=2023-10-09&till=2026-10-08&interval=24&iss.meta=off&start=0
2026-10-08 16:02:58.045 | DEBUG    | src.moex_loader:_fetch_page:48 - Запрос: https://iss.moex.com/iss/engines/futures/markets/forts/securities/NAZ6/candles.json?from=2023-10-09&till=2026-10-08&interval=24&iss.meta=off&start=0
2026-10-08 16:02:58.285 | INFO     | src.database:insert_raw_candles:110 - Вставлено 208 записей в raw_candles
2026-10-08 16:02:58.285 | INFO     | src.database:upsert_meta:149 - Мета-информация обновлена для NAZ6
2026-10-08 16:02:58.285 | INFO     | src.moex_loader:load_asset:216 - Загружено 208 свечей для NAZ6 (futures)
2026-10-08 16:02:58.286 | DEBUG    | src.moex_loader:_fetch_page:48 - Запрос: https://iss.moex.com/iss/engines/futures/markets/forts/securities/DJZ6/candles.json?from=2023-10-09&till=2026-10-08&interval=24&iss.meta=off&start=0
2026-10-08 16:02:59.088 | DEBUG    | src.moex_loader:_fetch_page:48 - Запрос: https://iss.moex.com/iss/engines/futures/markets/forts/securities/DJZ6/candles.json?from=2023-10-09&till=2026-10-08&interval=24&iss.meta=off&start=0
2026-10-08 16:02:59.286 | INFO     | src.database:insert_raw_candles:110 - Вставлено 50 записей в raw_candles
2026-10-08 16:02:59.287 | INFO     | src.database:upsert_meta:149 - Мета-информация обновлена для DJZ6
2026-10-08 16:02:59.287 | INFO     | src.moex_loader:load_asset:216 - Загружено 50 свечей для DJZ6 (futures)
2026-10-08 16:02:59.287 | DEBUG    | src.moex_loader:_fetch_page:48 - Запрос: https://iss.moex.com/iss/engines/futures/markets/forts/securities/BRZ6/candles.json?from=2023-10-09&till=2026-10-08&interval=24&iss.meta=off&start=0
2026-10-08 16:03:00.100 | DEBUG    | src.moex_loader:_fetch_page:48 - Запрос: https://iss.moex.com/iss/engines/futures/markets/forts/securities/BRZ6/candles.json?from=2023-10-09&till=2026-10-08&interval=24&iss.meta=off&start=0
2026-10-08 16:03:00.519 | INFO     | src.database:insert_raw_candles:110 - Вставлено 118 записей в raw_candles
2026-10-08 16:03:00.519 | INFO     | src.database:upsert_meta:149 - Мета-информация обновлена для BRZ6
2026-10-08 16:03:00.519 | INFO     | src.moex_loader:load_asset:216 - Загружено 118 свечей для BRZ6 (futures)
2026-10-08 16:03:00.520 | DEBUG    | src.moex_loader:_fetch_page:48 - Запрос: https://iss.moex.com/iss/engines/futures/markets/forts/securities/BRX6/candles.json?from=2023-10-09&till=2026-10-08&interval=24&iss.meta=off&start=0
2026-10-08 16:03:01.613 | DEBUG    | src.moex_loader:_fetch_page:48 - Запрос: https://iss.moex.com/iss/engines/futures/markets/forts/securities/BRX6/candles.json?from=2023-10-09&till=2026-10-08&interval=24&iss.meta=off&start=0
2026-10-08 16:03:02.308 | INFO     | src.database:insert_raw_candles:110 - Вставлено 141 записей в raw_candles
2026-10-08 16:03:02.308 | INFO     | src.database:upsert_meta:149 - Мета-информация обновлена для BRX6
2026-10-08 16:03:02.309 | INFO     | src.moex_loader:load_asset:216 - Загружено 141 свечей для BRX6 (futures)
2026-10-08 16:03:02.309 | DEBUG    | src.moex_loader:_fetch_page:48 - Запрос: https://iss.moex.com/iss/engines/futures/markets/forts/securities/WTZ6/candles.json?from=2023-10-09&till=2026-10-08&interval=24&iss.meta=off&start=0
2026-10-08 16:03:03.092 | DEBUG    | src.moex_loader:_fetch_page:48 - Запрос: https://iss.moex.com/iss/engines/futures/markets/forts/securities/WTZ6/candles.json?from=2023-10-09&till=2026-10-08&interval=24&iss.meta=off&start=0
2026-10-08 16:03:03.296 | INFO     | src.database:insert_raw_candles:110 - Вставлено 1 записей в raw_candles
2026-10-08 16:03:03.296 | INFO     | src.database:upsert_meta:149 - Мета-информация обновлена для WTZ6
2026-10-08 16:03:03.297 | INFO     | src.moex_loader:load_asset:216 - Загружено 1 свечей для WTZ6 (futures)
2026-10-08 16:03:03.297 | DEBUG    | src.moex_loader:_fetch_page:48 - Запрос: https://iss.moex.com/iss/engines/futures/markets/forts/securities/NGZ6/candles.json?from=2023-10-09&till=2026-10-08&interval=24&iss.meta=off&start=0
2026-10-08 16:03:04.162 | DEBUG    | src.moex_loader:_fetch_page:48 - Запрос: https://iss.moex.com/iss/engines/futures/markets/forts/securities/NGZ6/candles.json?from=2023-10-09&till=2026-10-08&interval=24&iss.meta=off&start=0
2026-10-08 16:03:04.384 | INFO     | src.database:insert_raw_candles:110 - Вставлено 101 записей в raw_candles
2026-10-08 16:03:04.385 | INFO     | src.database:upsert_meta:149 - Мета-информация обновлена для NGZ6
2026-10-08 16:03:04.385 | INFO     | src.moex_loader:load_asset:216 - Загружено 101 свечей для NGZ6 (futures)
2026-10-08 16:03:04.386 | DEBUG    | src.moex_loader:_fetch_page:48 - Запрос: https://iss.moex.com/iss/engines/futures/markets/forts/securities/NRZ6/candles.json?from=2023-10-09&till=2026-10-08&interval=24&iss.meta=off&start=0
2026-10-08 16:03:05.488 | DEBUG    | src.moex_loader:_fetch_page:48 - Запрос: https://iss.moex.com/iss/engines/futures/markets/forts/securities/NRZ6/candles.json?from=2023-10-09&till=2026-10-08&interval=24&iss.meta=off&start=0
2026-10-08 16:03:05.692 | INFO     | src.database:insert_raw_candles:110 - Вставлено 102 записей в raw_candles
2026-10-08 16:03:05.693 | INFO     | src.database:upsert_meta:149 - Мета-информация обновлена для NRZ6
2026-10-08 16:03:05.693 | INFO     | src.moex_loader:load_asset:216 - Загружено 102 свечей для NRZ6 (futures)
2026-10-08 16:03:05.694 | DEBUG    | src.moex_loader:_fetch_page:48 - Запрос: https://iss.moex.com/iss/engines/futures/markets/forts/securities/GZZ6/candles.json?from=2023-10-09&till=2026-10-08&interval=24&iss.meta=off&start=0
2026-10-08 16:03:06.663 | DEBUG    | src.moex_loader:_fetch_page:48 - Запрос: https://iss.moex.com/iss/engines/futures/markets/forts/securities/GZZ6/candles.json?from=2023-10-09&till=2026-10-08&interval=24&iss.meta=off&start=0
2026-10-08 16:03:06.884 | INFO     | src.database:insert_raw_candles:110 - Вставлено 212 записей в raw_candles
2026-10-08 16:03:06.884 | INFO     | src.database:upsert_meta:149 - Мета-информация обновлена для GZZ6
2026-10-08 16:03:06.884 | INFO     | src.moex_loader:load_asset:216 - Загружено 212 свечей для GZZ6 (futures)
2026-10-08 16:03:06.885 | DEBUG    | src.moex_loader:_fetch_page:48 - Запрос: https://iss.moex.com/iss/engines/futures/markets/forts/securities/GDZ6/candles.json?from=2023-10-09&till=2026-10-08&interval=24&iss.meta=off&start=0
2026-10-08 16:03:07.749 | DEBUG    | src.moex_loader:_fetch_page:48 - Запрос: https://iss.moex.com/iss/engines/futures/markets/forts/securities/GDZ6/candles.json?from=2023-10-09&till=2026-10-08&interval=24&iss.meta=off&start=0
2026-10-08 16:03:07.962 | INFO     | src.database:insert_raw_candles:110 - Вставлено 207 записей в raw_candles
2026-10-08 16:03:07.963 | INFO     | src.database:upsert_meta:149 - Мета-информация обновлена для GDZ6
2026-10-08 16:03:07.963 | INFO     | src.moex_loader:load_asset:216 - Загружено 207 свечей для GDZ6 (futures)
2026-10-08 16:03:07.963 | DEBUG    | src.moex_loader:_fetch_page:48 - Запрос: https://iss.moex.com/iss/engines/futures/markets/forts/securities/GLZ6/candles.json?from=2023-10-09&till=2026-10-08&interval=24&iss.meta=off&start=0
2026-10-08 16:03:08.922 | DEBUG    | src.moex_loader:_fetch_page:48 - Запрос: https://iss.moex.com/iss/engines/futures/markets/forts/securities/GLZ6/candles.json?from=2023-10-09&till=2026-10-08&interval=24&iss.meta=off&start=0
2026-10-08 16:03:09.135 | INFO     | src.database:insert_raw_candles:110 - Вставлено 208 записей в raw_candles
2026-10-08 16:03:09.136 | INFO     | src.database:upsert_meta:149 - Мета-информация обновлена для GLZ6
2026-10-08 16:03:09.136 | INFO     | src.moex_loader:load_asset:216 - Загружено 208 свечей для GLZ6 (futures)
2026-10-08 16:03:09.136 | DEBUG    | src.moex_loader:_fetch_page:48 - Запрос: https://iss.moex.com/iss/engines/futures/markets/forts/securities/GLDRUBF/candles.json?from=2023-10-09&till=2026-10-08&interval=24&iss.meta=off&start=0
2026-10-08 16:03:10.157 | DEBUG    | src.moex_loader:_fetch_page:48 - Запрос: https://iss.moex.com/iss/engines/futures/markets/forts/securities/GLDRUBF/candles.json?from=2023-10-09&till=2026-10-08&interval=24&iss.meta=off&start=0
2026-10-08 16:03:10.630 | DEBUG    | src.moex_loader:_fetch_page:48 - Запрос: https://iss.moex.com/iss/engines/futures/markets/forts/securities/GLDRUBF/candles.json?from=2023-10-09&till=2026-10-08&interval=24&iss.meta=off&start=500
2026-10-08 16:03:10.842 | INFO     | src.database:insert_raw_candles:110 - Вставлено 767 записей в raw_candles
2026-10-08 16:03:10.843 | INFO     | src.database:upsert_meta:149 - Мета-информация обновлена для GLDRUBF
2026-10-08 16:03:10.843 | INFO     | src.moex_loader:load_asset:216 - Загружено 767 свечей для GLDRUBF (futures)
2026-10-08 16:03:10.843 | DEBUG    | src.moex_loader:_fetch_page:48 - Запрос: https://iss.moex.com/iss/engines/futures/markets/forts/securities/SVZ6/candles.json?from=2023-10-09&till=2026-10-08&interval=24&iss.meta=off&start=0
2026-10-08 16:03:11.867 | DEBUG    | src.moex_loader:_fetch_page:48 - Запрос: https://iss.moex.com/iss/engines/futures/markets/forts/securities/SVZ6/candles.json?from=2023-10-09&till=2026-10-08&interval=24&iss.meta=off&start=0
2026-10-08 16:03:12.087 | INFO     | src.database:insert_raw_candles:110 - Вставлено 212 записей в raw_candles
2026-10-08 16:03:12.088 | INFO     | src.database:upsert_meta:149 - Мета-информация обновлена для SVZ6
2026-10-08 16:03:12.088 | INFO     | src.moex_loader:load_asset:216 - Загружено 212 свечей для SVZ6 (futures)
2026-10-08 16:03:12.088 | DEBUG    | src.moex_loader:_fetch_page:48 - Запрос: https://iss.moex.com/iss/engines/futures/markets/forts/securities/SLVRUBF/candles.json?from=2023-10-09&till=2026-10-08&interval=24&iss.meta=off&start=0
2026-10-08 16:03:12.898 | DEBUG    | src.moex_loader:_fetch_page:48 - Запрос: https://iss.moex.com/iss/engines/futures/markets/forts/securities/SLVRUBF/candles.json?from=2023-10-09&till=2026-10-08&interval=24&iss.meta=off&start=0
2026-10-08 16:03:13.313 | INFO     | src.database:insert_raw_candles:110 - Вставлено 136 записей в raw_candles
2026-10-08 16:03:13.314 | INFO     | src.database:upsert_meta:149 - Мета-информация обновлена для SLVRUBF
2026-10-08 16:03:13.314 | INFO     | src.moex_loader:load_asset:216 - Загружено 136 свечей для SLVRUBF (futures)
2026-10-08 16:03:13.314 | DEBUG    | src.moex_loader:_fetch_page:48 - Запрос: https://iss.moex.com/iss/engines/futures/markets/forts/securities/PDZ6/candles.json?from=2023-10-09&till=2026-10-08&interval=24&iss.meta=off&start=0
2026-10-08 16:03:14.173 | DEBUG    | src.moex_loader:_fetch_page:48 - Запрос: https://iss.moex.com/iss/engines/futures/markets/forts/securities/PDZ6/candles.json?from=2023-10-09&till=2026-10-08&interval=24&iss.meta=off&start=0
2026-10-08 16:03:14.471 | INFO     | src.database:insert_raw_candles:110 - Вставлено 207 записей в raw_candles
2026-10-08 16:03:14.472 | INFO     | src.database:upsert_meta:149 - Мета-информация обновлена для PDZ6
2026-10-08 16:03:14.472 | INFO     | src.moex_loader:load_asset:216 - Загружено 207 свечей для PDZ6 (futures)
2026-10-08 16:03:14.472 | DEBUG    | src.moex_loader:_fetch_page:48 - Запрос: https://iss.moex.com/iss/engines/futures/markets/forts/securities/PTZ6/candles.json?from=2023-10-09&till=2026-10-08&interval=24&iss.meta=off&start=0
2026-10-08 16:03:15.290 | DEBUG    | src.moex_loader:_fetch_page:48 - Запрос: https://iss.moex.com/iss/engines/futures/markets/forts/securities/PTZ6/candles.json?from=2023-10-09&till=2026-10-08&interval=24&iss.meta=off&start=0
2026-10-08 16:03:15.801 | INFO     | src.database:insert_raw_candles:110 - Вставлено 205 записей в raw_candles
2026-10-08 16:03:15.801 | INFO     | src.database:upsert_meta:149 - Мета-информация обновлена для PTZ6
2026-10-08 16:03:15.802 | INFO     | src.moex_loader:load_asset:216 - Загружено 205 свечей для PTZ6 (futures)
2026-10-08 16:03:15.802 | DEBUG    | src.moex_loader:_fetch_page:48 - Запрос: https://iss.moex.com/iss/engines/futures/markets/forts/securities/LDZ6/candles.json?from=2023-10-09&till=2026-10-08&interval=24&iss.meta=off&start=0
2026-10-08 16:03:16.635 | DEBUG    | src.moex_loader:_fetch_page:48 - Запрос: https://iss.moex.com/iss/engines/futures/markets/forts/securities/LDZ6/candles.json?from=2023-10-09&till=2026-10-08&interval=24&iss.meta=off&start=0
2026-10-08 16:03:17.049 | INFO     | src.database:insert_raw_candles:110 - Вставлено 142 записей в raw_candles
2026-10-08 16:03:17.050 | INFO     | src.database:upsert_meta:149 - Мета-информация обновлена для LDZ6
2026-10-08 16:03:17.050 | INFO     | src.moex_loader:load_asset:216 - Загружено 142 свечей для LDZ6 (futures)
2026-10-08 16:03:17.050 | DEBUG    | src.moex_loader:_fetch_page:48 - Запрос: https://iss.moex.com/iss/engines/futures/markets/forts/securities/LTZ6/candles.json?from=2023-10-09&till=2026-10-08&interval=24&iss.meta=off&start=0
2026-10-08 16:03:17.887 | DEBUG    | src.moex_loader:_fetch_page:48 - Запрос: https://iss.moex.com/iss/engines/futures/markets/forts/securities/LTZ6/candles.json?from=2023-10-09&till=2026-10-08&interval=24&iss.meta=off&start=0
2026-10-08 16:03:18.105 | INFO     | src.database:insert_raw_candles:110 - Вставлено 147 записей в raw_candles
2026-10-08 16:03:18.106 | INFO     | src.database:upsert_meta:149 - Мета-информация обновлена для LTZ6
2026-10-08 16:03:18.106 | INFO     | src.moex_loader:load_asset:216 - Загружено 147 свечей для LTZ6 (futures)
2026-10-08 16:03:18.106 | DEBUG    | src.moex_loader:_fetch_page:48 - Запрос: https://iss.moex.com/iss/engines/futures/markets/forts/securities/NCZ6/candles.json?from=2023-10-09&till=2026-10-08&interval=24&iss.meta=off&start=0
2026-10-08 16:03:19.176 | DEBUG    | src.moex_loader:_fetch_page:48 - Запрос: https://iss.moex.com/iss/engines/futures/markets/forts/securities/NCZ6/candles.json?from=2023-10-09&till=2026-10-08&interval=24&iss.meta=off&start=0
2026-10-08 16:03:19.392 | INFO     | src.database:insert_raw_candles:110 - Вставлено 69 записей в raw_candles
2026-10-08 16:03:19.392 | INFO     | src.database:upsert_meta:149 - Мета-информация обновлена для NCZ6
2026-10-08 16:03:19.393 | INFO     | src.moex_loader:load_asset:216 - Загружено 69 свечей для NCZ6 (futures)
2026-10-08 16:03:19.393 | DEBUG    | src.moex_loader:_fetch_page:48 - Запрос: https://iss.moex.com/iss/engines/futures/markets/forts/securities/CEZ6/candles.json?from=2023-10-09&till=2026-10-08&interval=24&iss.meta=off&start=0
2026-10-08 16:03:20.291 | DEBUG    | src.moex_loader:_fetch_page:48 - Запрос: https://iss.moex.com/iss/engines/futures/markets/forts/securities/CEZ6/candles.json?from=2023-10-09&till=2026-10-08&interval=24&iss.meta=off&start=0
2026-10-08 16:03:20.535 | INFO     | src.database:insert_raw_candles:110 - Вставлено 92 записей в raw_candles
2026-10-08 16:03:20.535 | INFO     | src.database:upsert_meta:149 - Мета-информация обновлена для CEZ6
2026-10-08 16:03:20.536 | INFO     | src.moex_loader:load_asset:216 - Загружено 92 свечей для CEZ6 (futures)
2026-10-08 16:03:20.536 | DEBUG    | src.moex_loader:_fetch_page:48 - Запрос: https://iss.moex.com/iss/engines/futures/markets/forts/securities/ANZ6/candles.json?from=2023-10-09&till=2026-10-08&interval=24&iss.meta=off&start=0
2026-10-08 16:03:21.316 | DEBUG    | src.moex_loader:_fetch_page:48 - Запрос: https://iss.moex.com/iss/engines/futures/markets/forts/securities/ANZ6/candles.json?from=2023-10-09&till=2026-10-08&interval=24&iss.meta=off&start=0
2026-10-08 16:03:21.518 | INFO     | src.database:insert_raw_candles:110 - Вставлено 90 записей в raw_candles
2026-10-08 16:03:21.518 | INFO     | src.database:upsert_meta:149 - Мета-информация обновлена для ANZ6
2026-10-08 16:03:21.518 | INFO     | src.moex_loader:load_asset:216 - Загружено 90 свечей для ANZ6 (futures)
2026-10-08 16:03:21.518 | DEBUG    | src.moex_loader:_fetch_page:48 - Запрос: https://iss.moex.com/iss/engines/futures/markets/forts/securities/ZCZ6/candles.json?from=2023-10-09&till=2026-10-08&interval=24&iss.meta=off&start=0
2026-10-08 16:03:22.343 | DEBUG    | src.moex_loader:_fetch_page:48 - Запрос: https://iss.moex.com/iss/engines/futures/markets/forts/securities/ZCZ6/candles.json?from=2023-10-09&till=2026-10-08&interval=24&iss.meta=off&start=0
2026-10-08 16:03:22.565 | INFO     | src.database:insert_raw_candles:110 - Вставлено 71 записей в raw_candles
2026-10-08 16:03:22.566 | INFO     | src.database:upsert_meta:149 - Мета-информация обновлена для ZCZ6
2026-10-08 16:03:22.566 | INFO     | src.moex_loader:load_asset:216 - Загружено 71 свечей для ZCZ6 (futures)
2026-10-08 16:03:22.566 | DEBUG    | src.moex_loader:_fetch_page:48 - Запрос: https://iss.moex.com/iss/engines/futures/markets/forts/securities/KCX6/candles.json?from=2023-10-09&till=2026-10-08&interval=24&iss.meta=off&start=0
2026-10-08 16:03:23.457 | DEBUG    | src.moex_loader:_fetch_page:48 - Запрос: https://iss.moex.com/iss/engines/futures/markets/forts/securities/KCX6/candles.json?from=2023-10-09&till=2026-10-08&interval=24&iss.meta=off&start=0
2026-10-08 16:03:23.695 | INFO     | src.database:insert_raw_candles:110 - Вставлено 85 записей в raw_candles
2026-10-08 16:03:23.695 | INFO     | src.database:upsert_meta:149 - Мета-информация обновлена для KCX6
2026-10-08 16:03:23.695 | INFO     | src.moex_loader:load_asset:216 - Загружено 85 свечей для KCX6 (futures)
2026-10-08 16:03:23.696 | DEBUG    | src.moex_loader:_fetch_page:48 - Запрос: https://iss.moex.com/iss/engines/futures/markets/forts/securities/CCX6/candles.json?from=2023-10-09&till=2026-10-08&interval=24&iss.meta=off&start=0
2026-10-08 16:03:24.764 | DEBUG    | src.moex_loader:_fetch_page:48 - Запрос: https://iss.moex.com/iss/engines/futures/markets/forts/securities/CCX6/candles.json?from=2023-10-09&till=2026-10-08&interval=24&iss.meta=off&start=0
2026-10-08 16:03:24.967 | INFO     | src.database:insert_raw_candles:110 - Вставлено 81 записей в raw_candles
2026-10-08 16:03:24.968 | INFO     | src.database:upsert_meta:149 - Мета-информация обновлена для CCX6
2026-10-08 16:03:24.968 | INFO     | src.moex_loader:load_asset:216 - Загружено 81 свечей для CCX6 (futures)
2026-10-08 16:03:24.968 | DEBUG    | src.moex_loader:_fetch_page:48 - Запрос: https://iss.moex.com/iss/engines/futures/markets/forts/securities/SuV6/candles.json?from=2023-10-09&till=2026-10-08&interval=24&iss.meta=off&start=0
2026-10-08 16:03:25.926 | DEBUG    | src.moex_loader:_fetch_page:48 - Запрос: https://iss.moex.com/iss/engines/futures/markets/forts/securities/SuV6/candles.json?from=2023-10-09&till=2026-10-08&interval=24&iss.meta=off&start=0
2026-10-08 16:03:26.343 | INFO     | src.database:insert_raw_candles:110 - Вставлено 44 записей в raw_candles
2026-10-08 16:03:26.343 | INFO     | src.database:upsert_meta:149 - Мета-информация обновлена для SuV6
2026-10-08 16:03:26.343 | INFO     | src.moex_loader:load_asset:216 - Загружено 44 свечей для SuV6 (futures)
2026-10-08 16:03:26.344 | DEBUG    | src.moex_loader:_fetch_page:48 - Запрос: https://iss.moex.com/iss/engines/futures/markets/forts/securities/W4Z6/candles.json?from=2023-10-09&till=2026-10-08&interval=24&iss.meta=off&start=0
2026-10-08 16:03:27.134 | DEBUG    | src.moex_loader:_fetch_page:48 - Запрос: https://iss.moex.com/iss/engines/futures/markets/forts/securities/W4Z6/candles.json?from=2023-10-09&till=2026-10-08&interval=24&iss.meta=off&start=0
2026-10-08 16:03:27.392 | INFO     | src.database:insert_raw_candles:110 - Вставлено 173 записей в raw_candles
2026-10-08 16:03:27.393 | INFO     | src.database:upsert_meta:149 - Мета-информация обновлена для W4Z6
2026-10-08 16:03:27.393 | INFO     | src.moex_loader:load_asset:216 - Загружено 173 свечей для W4Z6 (futures)
2026-10-08 16:03:27.393 | DEBUG    | src.moex_loader:_fetch_page:48 - Запрос: https://iss.moex.com/iss/engines/futures/markets/forts/securities/BTZ6/candles.json?from=2023-10-09&till=2026-10-08&interval=24&iss.meta=off&start=0
2026-10-08 16:03:28.315 | DEBUG    | src.moex_loader:_fetch_page:48 - Запрос: https://iss.moex.com/iss/engines/futures/markets/forts/securities/BTZ6/candles.json?from=2023-10-09&till=2026-10-08&interval=24&iss.meta=off&start=0
2026-10-08 16:03:28.690 | INFO     | src.database:insert_raw_candles:110 - Вставлено 15 записей в raw_candles
2026-10-08 16:03:28.691 | INFO     | src.database:upsert_meta:149 - Мета-информация обновлена для BTZ6
2026-10-08 16:03:28.691 | INFO     | src.moex_loader:load_asset:216 - Загружено 15 свечей для BTZ6 (futures)
2026-10-08 16:03:28.691 | DEBUG    | src.moex_loader:_fetch_page:48 - Запрос: https://iss.moex.com/iss/engines/futures/markets/forts/securities/EHZ6/candles.json?from=2023-10-09&till=2026-10-08&interval=24&iss.meta=off&start=0
2026-10-08 16:03:29.537 | DEBUG    | src.moex_loader:_fetch_page:48 - Запрос: https://iss.moex.com/iss/engines/futures/markets/forts/securities/EHZ6/candles.json?from=2023-10-09&till=2026-10-08&interval=24&iss.meta=off&start=0
2026-10-08 16:03:29.868 | INFO     | src.database:insert_raw_candles:110 - Вставлено 14 записей в raw_candles
2026-10-08 16:03:29.869 | INFO     | src.database:upsert_meta:149 - Мета-информация обновлена для EHZ6
2026-10-08 16:03:29.869 | INFO     | src.moex_loader:load_asset:216 - Загружено 14 свечей для EHZ6 (futures)
2026-10-08 16:03:29.869 | DEBUG    | src.moex_loader:_fetch_page:48 - Запрос: https://iss.moex.com/iss/engines/futures/markets/forts/securities/S3Z6/candles.json?from=2023-10-09&till=2026-10-08&interval=24&iss.meta=off&start=0
2026-10-08 16:03:30.860 | DEBUG    | src.moex_loader:_fetch_page:48 - Запрос: https://iss.moex.com/iss/engines/futures/markets/forts/securities/S3Z6/candles.json?from=2023-10-09&till=2026-10-08&interval=24&iss.meta=off&start=0
2026-10-08 16:03:31.065 | INFO     | src.database:insert_raw_candles:110 - Вставлено 15 записей в raw_candles
2026-10-08 16:03:31.066 | INFO     | src.database:upsert_meta:149 - Мета-информация обновлена для S3Z6
2026-10-08 16:03:31.066 | INFO     | src.moex_loader:load_asset:216 - Загружено 15 свечей для S3Z6 (futures)
2026-10-08 16:03:31.066 | DEBUG    | src.moex_loader:_fetch_page:48 - Запрос: https://iss.moex.com/iss/engines/futures/markets/forts/securities/TXX6/candles.json?from=2023-10-09&till=2026-10-08&interval=24&iss.meta=off&start=0
2026-10-08 16:03:32.006 | DEBUG    | src.moex_loader:_fetch_page:48 - Запрос: https://iss.moex.com/iss/engines/futures/markets/forts/securities/TXX6/candles.json?from=2023-10-09&till=2026-10-08&interval=24&iss.meta=off&start=0
2026-10-08 16:03:32.224 | INFO     | src.database:insert_raw_candles:110 - Вставлено 22 записей в raw_candles
2026-10-08 16:03:32.225 | INFO     | src.database:upsert_meta:149 - Мета-информация обновлена для TXX6
2026-10-08 16:03:32.225 | INFO     | src.moex_loader:load_asset:216 - Загружено 22 свечей для TXX6 (futures)
2026-10-08 16:03:32.226 | DEBUG    | src.moex_loader:_fetch_page:48 - Запрос: https://iss.moex.com/iss/engines/futures/markets/forts/securities/XRZ6/candles.json?from=2023-10-09&till=2026-10-08&interval=24&iss.meta=off&start=0
2026-10-08 16:03:33.012 | DEBUG    | src.moex_loader:_fetch_page:48 - Запрос: https://iss.moex.com/iss/engines/futures/markets/forts/securities/XRZ6/candles.json?from=2023-10-09&till=2026-10-08&interval=24&iss.meta=off&start=0
2026-10-08 16:03:33.218 | INFO     | src.database:insert_raw_candles:110 - Вставлено 13 записей в raw_candles
2026-10-08 16:03:33.219 | INFO     | src.database:upsert_meta:149 - Мета-информация обновлена для XRZ6
2026-10-08 16:03:33.219 | INFO     | src.moex_loader:load_asset:216 - Загружено 13 свечей для XRZ6 (futures)
2026-10-08 16:03:33.219 | DEBUG    | src.moex_loader:_fetch_page:48 - Запрос: https://iss.moex.com/iss/engines/futures/markets/forts/securities/BTCUSDF/candles.json?from=2023-10-09&till=2026-10-08&interval=24&iss.meta=off&start=0
2026-10-08 16:03:37.319 | DEBUG    | src.moex_loader:_fetch_page:48 - Запрос: https://iss.moex.com/iss/engines/futures/markets/forts/securities/BTCUSDF/candles.json?from=2023-10-09&till=2026-10-08&interval=24&iss.meta=off&start=0
2026-10-08 16:03:37.533 | INFO     | src.database:insert_raw_candles:110 - Вставлено 13 записей в raw_candles
2026-10-08 16:03:37.533 | INFO     | src.database:upsert_meta:149 - Мета-информация обновлена для BTCUSDF
2026-10-08 16:03:37.533 | INFO     | src.moex_loader:load_asset:216 - Загружено 13 свечей для BTCUSDF (futures)
2026-10-08 16:03:37.534 | DEBUG    | src.moex_loader:_fetch_page:48 - Запрос: https://iss.moex.com/iss/engines/futures/markets/forts/securities/ETHUSDF/candles.json?from=2023-10-09&till=2026-10-08&interval=24&iss.meta=off&start=0
2026-10-08 16:03:38.371 | DEBUG    | src.moex_loader:_fetch_page:48 - Запрос: https://iss.moex.com/iss/engines/futures/markets/forts/securities/ETHUSDF/candles.json?from=2023-10-09&till=2026-10-08&interval=24&iss.meta=off&start=0
2026-10-08 16:03:38.593 | INFO     | src.database:insert_raw_candles:110 - Вставлено 13 записей в raw_candles
2026-10-08 16:03:38.594 | INFO     | src.database:upsert_meta:149 - Мета-информация обновлена для ETHUSDF
2026-10-08 16:03:38.594 | INFO     | src.moex_loader:load_asset:216 - Загружено 13 свечей для ETHUSDF (futures)
2026-10-08 16:03:38.594 | DEBUG    | src.moex_loader:_fetch_page:48 - Запрос: https://iss.moex.com/iss/engines/futures/markets/forts/securities/SOLUSDF/candles.json?from=2023-10-09&till=2026-10-08&interval=24&iss.meta=off&start=0
2026-10-08 16:03:39.715 | DEBUG    | src.moex_loader:_fetch_page:48 - Запрос: https://iss.moex.com/iss/engines/futures/markets/forts/securities/SOLUSDF/candles.json?from=2023-10-09&till=2026-10-08&interval=24&iss.meta=off&start=0
2026-10-08 16:03:39.938 | INFO     | src.database:insert_raw_candles:110 - Вставлено 13 записей в raw_candles
2026-10-08 16:03:39.938 | INFO     | src.database:upsert_meta:149 - Мета-информация обновлена для SOLUSDF
2026-10-08 16:03:39.938 | INFO     | src.moex_loader:load_asset:216 - Загружено 13 свечей для SOLUSDF (futures)
2026-10-08 16:03:51.299 | WARNING  | src.scanner:scan_all:131 - Без данных (нет свечей в БД): 15 активов, напр. ['GAZC', 'GAZS', 'GAZT', 'MGNZ', 'KKZ6']

Отчёт сканера на 2026-10-08 16:03 | просканировано: 294, сигналов buy/sell: 6, watch: 223
+----------+---------+------------+----------+--------------+---------+------------------------------------------------------------------+-----------------------+
| TICKER   | ТИП     | ДАТА       | ЦЕНА     | СИГНАЛ       | SCORE   | ОСНОВАНИЕ                                                        | SL/TP                 |
+==========+=========+============+==========+==============+=========+==================================================================+=======================+
| BAZA     | stocks  | 2026-10-07 | 115.42   | 🔴 ПРОДАЖА    | B10/S35 | RSI overbought (73.2); Close above upper BB; Strong trend ADX=34 | 120.0543 / 108.4686   |
| FLOT     | stocks  | 2026-10-07 | 78.35    | 🟢 ПОКУПКА    | B35/S10 | RSI oversold (25.2); Close below lower BB; Strong trend ADX=28   | 75.7314 / 82.2779     |
| LVHK     | stocks  | 2026-10-07 | 23.7     | 🔴 ПРОДАЖА    | B10/S35 | RSI overbought (83.1); Close above upper BB; Strong trend ADX=56 | 26.0786 / 20.1321     |
| PTZ6     | futures | 2026-10-07 | 1641.3   | 🟢 ПОКУПКА    | B35/S10 | RSI oversold (25.5); Close below lower BB; Strong trend ADX=39   | 1529.0286 / 1809.7071 |
| LTZ6     | futures | 2026-10-07 | 1642.1   | 🟢 ПОКУПКА    | B35/S10 | RSI oversold (25.8); Close below lower BB; Strong trend ADX=30   | 1512.9429 / 1835.8357 |
| ANZ6     | futures | 2026-10-07 | 3073.5   | 🟢 ПОКУПКА    | B35/S10 | RSI oversold (12.6); Close below lower BB; Strong trend ADX=41   | 2971.1429 / 3227.0357 |
| AKRN     | stocks  | 2026-10-07 | 16816.0  | 👁 наблюдение | B25/S10 | RSI oversold (13.8); Strong trend ADX=67                         |                       |
| BRZL     | stocks  | 2026-10-07 | 1152.0   | 👁 наблюдение | B25/S10 | RSI oversold (29.7); Strong trend ADX=52                         |                       |
| CNTL     | stocks  | 2026-10-07 | 8.24     | 👁 наблюдение | B25/S10 | RSI oversold (23.2); Strong trend ADX=42                         |                       |
| CNTLP    | stocks  | 2026-10-07 | 4.35     | 👁 наблюдение | B25/S10 | RSI oversold (20.8); Strong trend ADX=66                         |                       |
| GAZP     | stocks  | 2026-10-07 | 95.99    | 👁 наблюдение | B25/S10 | RSI oversold (29.5); Strong trend ADX=32                         |                       |
| GEMA     | stocks  | 2026-10-07 | 96.0     | 👁 наблюдение | B25/S10 | RSI oversold (22.8); Strong trend ADX=52                         |                       |
| JNOSP    | stocks  | 2026-10-07 | 11.66    | 👁 наблюдение | B25/S10 | RSI oversold (21.1); Strong trend ADX=56                         |                       |
| KCHEP    | stocks  | 2026-10-07 | 1.0      | 👁 наблюдение | B25/S10 | RSI oversold (16.1); Strong trend ADX=49                         |                       |
| KGKC     | stocks  | 2026-10-07 | 36.2     | 👁 наблюдение | B25/S10 | RSI oversold (23.5); Strong trend ADX=39                         |                       |
| KZOSP    | stocks  | 2026-10-07 | 14.39    | 👁 наблюдение | B25/S10 | RSI oversold (10.4); Strong trend ADX=51                         |                       |
| MDMG     | stocks  | 2026-10-07 | 1271.7   | 👁 наблюдение | B25/S10 | RSI oversold (27.6); Strong trend ADX=45                         |                       |
| MSNG     | stocks  | 2026-10-07 | 1.3045   | 👁 наблюдение | B25/S10 | RSI oversold (29.4); Strong trend ADX=77                         |                       |
| MTSS     | stocks  | 2026-10-07 | 167.05   | 👁 наблюдение | B25/S10 | RSI oversold (24.3); Strong trend ADX=59                         |                       |
| OMZZP    | stocks  | 2026-10-07 | 9400.0   | 👁 наблюдение | B25/S10 | RSI oversold (17.6); Strong trend ADX=62                         |                       |
| PRFN     | stocks  | 2026-10-07 | 2.926    | 👁 наблюдение | B25/S10 | RSI oversold (27.7); Strong trend ADX=53                         |                       |
| ROSN     | stocks  | 2026-10-07 | 347.75   | 👁 наблюдение | B25/S10 | RSI oversold (27.4); Strong trend ADX=33                         |                       |
| RTSB     | stocks  | 2026-10-07 | 2.75     | 👁 наблюдение | B25/S10 | RSI oversold (20.6); Strong trend ADX=71                         |                       |
| SPBE     | stocks  | 2026-10-07 | 154.5    | 👁 наблюдение | B0/S25  | RSI overbought (78.6); Close above upper BB                      |                       |
| STSB     | stocks  | 2026-10-07 | 3.25     | 👁 наблюдение | B25/S10 | RSI oversold (21.2); Strong trend ADX=36                         |                       |
| SVET     | stocks  | 2026-10-07 | 9.64     | 👁 наблюдение | B25/S10 | RSI oversold (30.0); Strong trend ADX=33                         |                       |
| UNAC     | stocks  | 2026-10-07 | 0.4225   | 👁 наблюдение | B10/S25 | RSI overbought (75.0); Strong trend ADX=70                       |                       |
| VGSB     | stocks  | 2026-10-07 | 14.95    | 👁 наблюдение | B25/S10 | RSI oversold (28.2); Strong trend ADX=30                         |                       |
| VGSBP    | stocks  | 2026-10-07 | 10.45    | 👁 наблюдение | B25/S10 | RSI oversold (28.6); Strong trend ADX=30                         |                       |
| VSYD     | stocks  | 2026-10-07 | 9250.0   | 👁 наблюдение | B25/S10 | RSI oversold (20.7); Strong trend ADX=58                         |                       |
| VSYDP    | stocks  | 2026-10-07 | 6750.0   | 👁 наблюдение | B25/S10 | RSI oversold (16.9); Strong trend ADX=57                         |                       |
| X5       | stocks  | 2026-10-07 | 1985.5   | 👁 наблюдение | B10/S25 | RSI overbought (72.9); Strong trend ADX=44                       |                       |
| EDZ6     | futures | 2026-10-07 | 1.1209   | 👁 наблюдение | B25/S10 | RSI oversold (15.8); Strong trend ADX=36                         |                       |
| MXZ6     | futures | 2026-10-08 | 232550.0 | 👁 наблюдение | B10/S25 | RSI overbought (70.9); Strong trend ADX=33                       |                       |
| RBZ6     | futures | 2026-10-07 | 11100.0  | 👁 наблюдение | B25/S10 | RSI oversold (11.7); Strong trend ADX=73                         |                       |
| RGBIF    | futures | 2026-10-07 | 110.4    | 👁 наблюдение | B25/S10 | RSI oversold (14.9); Strong trend ADX=64                         |                       |
| NAZ6     | futures | 2026-10-07 | 31001.0  | 👁 наблюдение | B10/S25 | RSI overbought (71.4); Strong trend ADX=38                       |                       |
| BRZ6     | futures | 2026-10-08 | 102.1    | 👁 наблюдение | B10/S25 | RSI overbought (86.0); Strong trend ADX=45                       |                       |
| GDZ6     | futures | 2026-10-08 | 4171.7   | 👁 наблюдение | B25/S10 | RSI oversold (29.3); Strong trend ADX=39                         |                       |
| SVZ6     | futures | 2026-10-07 | 59.76    | 👁 наблюдение | B25/S10 | RSI oversold (25.6); Strong trend ADX=26                         |                       |
| PDZ6     | futures | 2026-10-07 | 1143.39  | 👁 наблюдение | B25/S10 | RSI oversold (9.9); Strong trend ADX=73                          |                       |
| LDZ6     | futures | 2026-10-07 | 1143.6   | 👁 наблюдение | B25/S10 | RSI oversold (9.3); Strong trend ADX=73                          |                       |
| SuV6     | futures | 2026-10-08 | 43600.0  | 👁 наблюдение | B25/S10 | RSI oversold (29.3); Strong trend ADX=40                         |                       |
| W4Z6     | futures | 2026-10-07 | 12720.0  | 👁 наблюдение | B25/S10 | RSI oversold (6.8); Strong trend ADX=65                          |                       |
| LEAS     | stocks  | 2026-10-07 | 672.7    | 👁 наблюдение | B10/S20 | Close above upper BB; Strong trend ADX=74                        |                       |
| NKNC     | stocks  | 2026-10-07 | 44.4     | 👁 наблюдение | B20/S10 | Close below lower BB; Strong trend ADX=80                        |                       |
| SARE     | stocks  | 2026-10-07 | 0.916    | 👁 наблюдение | B10/S20 | Close above upper BB; Strong trend ADX=69                        |                       |
| TORS     | stocks  | 2026-10-07 | 0.738    | 👁 наблюдение | B20/S10 | Close below lower BB; Strong trend ADX=31                        |                       |
| APTK     | stocks  | 2026-10-07 | 6.19     | 👁 наблюдение | B15/S0  | RSI oversold (28.7)                                              |                       |
| HEAD     | stocks  | 2026-10-07 | 2760.0   | 👁 наблюдение | B15/S0  | RSI oversold (29.5)                                              |                       |
+----------+---------+------------+----------+--------------+---------+------------------------------------------------------------------+-----------------------+
