2026-10-08 17:21:32.857 | INFO     | src.database:_init_db:58 - База данных инициализирована (таблицы созданы)
2026-10-08 17:21:32.858 | DEBUG    | src.moex_loader:_fetch_page:48 - Запрос: https://iss.moex.com/iss/engines/stock/markets/shares/boards/TQBR/securities/ABIO/candles.json?from=2026-10-08&till=2026-10-08&interval=24&iss.meta=off&start=0
2026-10-08 17:21:33.835 | DEBUG    | src.moex_loader:_fetch_page:48 - Запрос: https://iss.moex.com/iss/engines/stock/markets/shares/boards/TQBR/securities/ABIO/candles.json?from=2026-10-08&till=2026-10-08&interval=24&iss.meta=off&start=0
2026-10-08 17:21:34.061 | INFO     | src.database:insert_raw_candles:110 - Вставлено 1 записей в raw_candles
2026-10-08 17:21:34.062 | INFO     | src.database:upsert_meta:149 - Мета-информация обновлена для ABIO
2026-10-08 17:21:34.062 | INFO     | src.moex_loader:load_asset:216 - Загружено 1 свечей для ABIO (stock)
2026-10-08 17:21:34.062 | DEBUG    | src.moex_loader:_fetch_page:48 - Запрос: https://iss.moex.com/iss/engines/stock/markets/shares/boards/TQBR/securities/ABRD/candles.json?from=2026-10-08&till=2026-10-08&interval=24&iss.meta=off&start=0
2026-10-08 17:21:36.716 | DEBUG    | src.moex_loader:_fetch_page:48 - Запрос: https://iss.moex.com/iss/engines/stock/markets/shares/boards/TQBR/securities/ABRD/candles.json?from=2026-10-08&till=2026-10-08&interval=24&iss.meta=off&start=0
2026-10-08 17:21:37.247 | INFO     | src.database:insert_raw_candles:110 - Вставлено 1 записей в raw_candles
2026-10-08 17:21:37.248 | INFO     | src.database:upsert_meta:149 - Мета-информация обновлена для ABRD
2026-10-08 17:21:37.248 | INFO     | src.moex_loader:load_asset:216 - Загружено 1 свечей для ABRD (stock)
2026-10-08 17:21:37.249 | DEBUG    | src.moex_loader:_fetch_page:48 - Запрос: https://iss.moex.com/iss/engines/stock/markets/shares/boards/TQBR/securities/AFKS/candles.json?from=2026-10-08&till=2026-10-08&interval=24&iss.meta=off&start=0
2026-10-08 17:21:39.037 | DEBUG    | src.moex_loader:_fetch_page:48 - Запрос: https://iss.moex.com/iss/engines/stock/markets/shares/boards/TQBR/securities/AFKS/candles.json?from=2026-10-08&till=2026-10-08&interval=24&iss.meta=off&start=0
2026-10-08 17:21:39.256 | INFO     | src.database:insert_raw_candles:110 - Вставлено 1 записей в raw_candles
2026-10-08 17:21:39.257 | INFO     | src.database:upsert_meta:149 - Мета-информация обновлена для AFKS
2026-10-08 17:21:39.257 | INFO     | src.moex_loader:load_asset:216 - Загружено 1 свечей для AFKS (stock)
2026-10-08 17:21:39.257 | DEBUG    | src.moex_loader:_fetch_page:48 - Запрос: https://iss.moex.com/iss/engines/stock/markets/shares/boards/TQBR/securities/AFLT/candles.json?from=2026-10-08&till=2026-10-08&interval=24&iss.meta=off&start=0
2026-10-08 17:21:41.041 | DEBUG    | src.moex_loader:_fetch_page:48 - Запрос: https://iss.moex.com/iss/engines/stock/markets/shares/boards/TQBR/securities/AFLT/candles.json?from=2026-10-08&till=2026-10-08&interval=24&iss.meta=off&start=0
2026-10-08 17:21:41.245 | INFO     | src.database:insert_raw_candles:110 - Вставлено 1 записей в raw_candles
2026-10-08 17:21:41.245 | INFO     | src.database:upsert_meta:149 - Мета-информация обновлена для AFLT
2026-10-08 17:21:41.245 | INFO     | src.moex_loader:load_asset:216 - Загружено 1 свечей для AFLT (stock)
2026-10-08 17:21:41.246 | DEBUG    | src.moex_loader:_fetch_page:48 - Запрос: https://iss.moex.com/iss/engines/stock/markets/shares/boards/TQBR/securities/AKRN/candles.json?from=2026-10-08&till=2026-10-08&interval=24&iss.meta=off&start=0
2026-10-08 17:21:43.029 | DEBUG    | src.moex_loader:_fetch_page:48 - Запрос: https://iss.moex.com/iss/engines/stock/markets/shares/boards/TQBR/securities/AKRN/candles.json?from=2026-10-08&till=2026-10-08&interval=24&iss.meta=off&start=0
2026-10-08 17:21:43.230 | INFO     | src.database:insert_raw_candles:110 - Вставлено 1 записей в raw_candles
2026-10-08 17:21:43.230 | INFO     | src.database:upsert_meta:149 - Мета-информация обновлена для AKRN
2026-10-08 17:21:43.230 | INFO     | src.moex_loader:load_asset:216 - Загружено 1 свечей для AKRN (stock)
2026-10-08 17:21:43.231 | DEBUG    | src.moex_loader:_fetch_page:48 - Запрос: https://iss.moex.com/iss/engines/stock/markets/shares/boards/TQBR/securities/ALRS/candles.json?from=2026-10-08&till=2026-10-08&interval=24&iss.meta=off&start=0
2026-10-08 17:21:44.028 | DEBUG    | src.moex_loader:_fetch_page:48 - Запрос: https://iss.moex.com/iss/engines/stock/markets/shares/boards/TQBR/securities/ALRS/candles.json?from=2026-10-08&till=2026-10-08&interval=24&iss.meta=off&start=0
2026-10-08 17:21:44.241 | INFO     | src.database:insert_raw_candles:110 - Вставлено 1 записей в raw_candles
2026-10-08 17:21:44.242 | INFO     | src.database:upsert_meta:149 - Мета-информация обновлена для ALRS
2026-10-08 17:21:44.242 | INFO     | src.moex_loader:load_asset:216 - Загружено 1 свечей для ALRS (stock)
2026-10-08 17:21:44.242 | DEBUG    | src.moex_loader:_fetch_page:48 - Запрос: https://iss.moex.com/iss/engines/stock/markets/shares/boards/TQBR/securities/APRI/candles.json?from=2026-10-08&till=2026-10-08&interval=24&iss.meta=off&start=0
2026-10-08 17:21:46.471 | DEBUG    | src.moex_loader:_fetch_page:48 - Запрос: https://iss.moex.com/iss/engines/stock/markets/shares/boards/TQBR/securities/APRI/candles.json?from=2026-10-08&till=2026-10-08&interval=24&iss.meta=off&start=0
2026-10-08 17:21:46.679 | INFO     | src.database:insert_raw_candles:110 - Вставлено 1 записей в raw_candles
2026-10-08 17:21:46.680 | INFO     | src.database:upsert_meta:149 - Мета-информация обновлена для APRI
2026-10-08 17:21:46.680 | INFO     | src.moex_loader:load_asset:216 - Загружено 1 свечей для APRI (stock)
2026-10-08 17:21:46.680 | DEBUG    | src.moex_loader:_fetch_page:48 - Запрос: https://iss.moex.com/iss/engines/stock/markets/shares/boards/TQBR/securities/APTK/candles.json?from=2026-10-08&till=2026-10-08&interval=24&iss.meta=off&start=0
2026-10-08 17:21:48.693 | DEBUG    | src.moex_loader:_fetch_page:48 - Запрос: https://iss.moex.com/iss/engines/stock/markets/shares/boards/TQBR/securities/APTK/candles.json?from=2026-10-08&till=2026-10-08&interval=24&iss.meta=off&start=0
2026-10-08 17:21:48.901 | INFO     | src.database:insert_raw_candles:110 - Вставлено 1 записей в raw_candles
2026-10-08 17:21:48.902 | INFO     | src.database:upsert_meta:149 - Мета-информация обновлена для APTK
2026-10-08 17:21:48.902 | INFO     | src.moex_loader:load_asset:216 - Загружено 1 свечей для APTK (stock)
2026-10-08 17:21:48.903 | DEBUG    | src.moex_loader:_fetch_page:48 - Запрос: https://iss.moex.com/iss/engines/stock/markets/shares/boards/TQBR/securities/AQUA/candles.json?from=2026-10-08&till=2026-10-08&interval=24&iss.meta=off&start=0
2026-10-08 17:21:49.743 | DEBUG    | src.moex_loader:_fetch_page:48 - Запрос: https://iss.moex.com/iss/engines/stock/markets/shares/boards/TQBR/securities/AQUA/candles.json?from=2026-10-08&till=2026-10-08&interval=24&iss.meta=off&start=0
2026-10-08 17:21:49.971 | INFO     | src.database:insert_raw_candles:110 - Вставлено 1 записей в raw_candles
2026-10-08 17:21:49.971 | INFO     | src.database:upsert_meta:149 - Мета-информация обновлена для AQUA
2026-10-08 17:21:49.972 | INFO     | src.moex_loader:load_asset:216 - Загружено 1 свечей для AQUA (stock)
2026-10-08 17:21:49.972 | DEBUG    | src.moex_loader:_fetch_page:48 - Запрос: https://iss.moex.com/iss/engines/stock/markets/shares/boards/TQBR/securities/ARSA/candles.json?from=2026-10-08&till=2026-10-08&interval=24&iss.meta=off&start=0
2026-10-08 17:21:50.946 | DEBUG    | src.moex_loader:_fetch_page:48 - Запрос: https://iss.moex.com/iss/engines/stock/markets/shares/boards/TQBR/securities/ARSA/candles.json?from=2026-10-08&till=2026-10-08&interval=24&iss.meta=off&start=0
2026-10-08 17:21:51.160 | INFO     | src.database:insert_raw_candles:110 - Вставлено 1 записей в raw_candles
2026-10-08 17:21:51.161 | INFO     | src.database:upsert_meta:149 - Мета-информация обновлена для ARSA
2026-10-08 17:21:51.161 | INFO     | src.moex_loader:load_asset:216 - Загружено 1 свечей для ARSA (stock)
2026-10-08 17:21:51.162 | DEBUG    | src.moex_loader:_fetch_page:48 - Запрос: https://iss.moex.com/iss/engines/stock/markets/shares/boards/TQBR/securities/ASSB/candles.json?from=2026-10-08&till=2026-10-08&interval=24&iss.meta=off&start=0
2026-10-08 17:21:51.971 | DEBUG    | src.moex_loader:_fetch_page:48 - Запрос: https://iss.moex.com/iss/engines/stock/markets/shares/boards/TQBR/securities/ASSB/candles.json?from=2026-10-08&till=2026-10-08&interval=24&iss.meta=off&start=0
2026-10-08 17:21:52.181 | INFO     | src.database:insert_raw_candles:110 - Вставлено 1 записей в raw_candles
2026-10-08 17:21:52.182 | INFO     | src.database:upsert_meta:149 - Мета-информация обновлена для ASSB
2026-10-08 17:21:52.182 | INFO     | src.moex_loader:load_asset:216 - Загружено 1 свечей для ASSB (stock)
2026-10-08 17:21:52.182 | DEBUG    | src.moex_loader:_fetch_page:48 - Запрос: https://iss.moex.com/iss/engines/stock/markets/shares/boards/TQBR/securities/ASTR/candles.json?from=2026-10-08&till=2026-10-08&interval=24&iss.meta=off&start=0
2026-10-08 17:21:53.965 | DEBUG    | src.moex_loader:_fetch_page:48 - Запрос: https://iss.moex.com/iss/engines/stock/markets/shares/boards/TQBR/securities/ASTR/candles.json?from=2026-10-08&till=2026-10-08&interval=24&iss.meta=off&start=0
2026-10-08 17:21:54.181 | INFO     | src.database:insert_raw_candles:110 - Вставлено 1 записей в raw_candles
2026-10-08 17:21:54.182 | INFO     | src.database:upsert_meta:149 - Мета-информация обновлена для ASTR
2026-10-08 17:21:54.182 | INFO     | src.moex_loader:load_asset:216 - Загружено 1 свечей для ASTR (stock)
2026-10-08 17:21:54.182 | DEBUG    | src.moex_loader:_fetch_page:48 - Запрос: https://iss.moex.com/iss/engines/stock/markets/shares/boards/TQBR/securities/AVAN/candles.json?from=2026-10-08&till=2026-10-08&interval=24&iss.meta=off&start=0
2026-10-08 17:21:54.967 | DEBUG    | src.moex_loader:_fetch_page:48 - Запрос: https://iss.moex.com/iss/engines/stock/markets/shares/boards/TQBR/securities/AVAN/candles.json?from=2026-10-08&till=2026-10-08&interval=24&iss.meta=off&start=0
2026-10-08 17:21:55.420 | INFO     | src.database:insert_raw_candles:110 - Вставлено 1 записей в raw_candles
2026-10-08 17:21:55.421 | INFO     | src.database:upsert_meta:149 - Мета-информация обновлена для AVAN
2026-10-08 17:21:55.421 | INFO     | src.moex_loader:load_asset:216 - Загружено 1 свечей для AVAN (stock)
2026-10-08 17:21:55.422 | DEBUG    | src.moex_loader:_fetch_page:48 - Запрос: https://iss.moex.com/iss/engines/stock/markets/shares/boards/TQBR/securities/BANE/candles.json?from=2026-10-08&till=2026-10-08&interval=24&iss.meta=off&start=0
2026-10-08 17:21:56.400 | DEBUG    | src.moex_loader:_fetch_page:48 - Запрос: https://iss.moex.com/iss/engines/stock/markets/shares/boards/TQBR/securities/BANE/candles.json?from=2026-10-08&till=2026-10-08&interval=24&iss.meta=off&start=0
2026-10-08 17:21:56.735 | INFO     | src.database:insert_raw_candles:110 - Вставлено 1 записей в raw_candles
2026-10-08 17:21:56.736 | INFO     | src.database:upsert_meta:149 - Мета-информация обновлена для BANE
2026-10-08 17:21:56.736 | INFO     | src.moex_loader:load_asset:216 - Загружено 1 свечей для BANE (stock)
2026-10-08 17:21:56.736 | DEBUG    | src.moex_loader:_fetch_page:48 - Запрос: https://iss.moex.com/iss/engines/stock/markets/shares/boards/TQBR/securities/BANEP/candles.json?from=2026-10-08&till=2026-10-08&interval=24&iss.meta=off&start=0
2026-10-08 17:21:57.925 | DEBUG    | src.moex_loader:_fetch_page:48 - Запрос: https://iss.moex.com/iss/engines/stock/markets/shares/boards/TQBR/securities/BANEP/candles.json?from=2026-10-08&till=2026-10-08&interval=24&iss.meta=off&start=0
2026-10-08 17:21:58.131 | INFO     | src.database:insert_raw_candles:110 - Вставлено 1 записей в raw_candles
2026-10-08 17:21:58.131 | INFO     | src.database:upsert_meta:149 - Мета-информация обновлена для BANEP
2026-10-08 17:21:58.131 | INFO     | src.moex_loader:load_asset:216 - Загружено 1 свечей для BANEP (stock)
2026-10-08 17:21:58.132 | DEBUG    | src.moex_loader:_fetch_page:48 - Запрос: https://iss.moex.com/iss/engines/stock/markets/shares/boards/TQBR/securities/BAZA/candles.json?from=2026-10-08&till=2026-10-08&interval=24&iss.meta=off&start=0
2026-10-08 17:21:58.938 | DEBUG    | src.moex_loader:_fetch_page:48 - Запрос: https://iss.moex.com/iss/engines/stock/markets/shares/boards/TQBR/securities/BAZA/candles.json?from=2026-10-08&till=2026-10-08&interval=24&iss.meta=off&start=0
2026-10-08 17:21:59.156 | INFO     | src.database:insert_raw_candles:110 - Вставлено 1 записей в raw_candles
2026-10-08 17:21:59.156 | INFO     | src.database:upsert_meta:149 - Мета-информация обновлена для BAZA
2026-10-08 17:21:59.156 | INFO     | src.moex_loader:load_asset:216 - Загружено 1 свечей для BAZA (stock)
2026-10-08 17:21:59.157 | DEBUG    | src.moex_loader:_fetch_page:48 - Запрос: https://iss.moex.com/iss/engines/stock/markets/shares/boards/TQBR/securities/BELU/candles.json?from=2026-10-08&till=2026-10-08&interval=24&iss.meta=off&start=0
2026-10-08 17:21:59.964 | DEBUG    | src.moex_loader:_fetch_page:48 - Запрос: https://iss.moex.com/iss/engines/stock/markets/shares/boards/TQBR/securities/BELU/candles.json?from=2026-10-08&till=2026-10-08&interval=24&iss.meta=off&start=0
2026-10-08 17:22:00.200 | INFO     | src.database:insert_raw_candles:110 - Вставлено 1 записей в raw_candles
2026-10-08 17:22:00.201 | INFO     | src.database:upsert_meta:149 - Мета-информация обновлена для BELU
2026-10-08 17:22:00.201 | INFO     | src.moex_loader:load_asset:216 - Загружено 1 свечей для BELU (stock)
2026-10-08 17:22:00.201 | DEBUG    | src.moex_loader:_fetch_page:48 - Запрос: https://iss.moex.com/iss/engines/stock/markets/shares/boards/TQBR/securities/BISVP/candles.json?from=2026-10-08&till=2026-10-08&interval=24&iss.meta=off&start=0
2026-10-08 17:22:00.995 | DEBUG    | src.moex_loader:_fetch_page:48 - Запрос: https://iss.moex.com/iss/engines/stock/markets/shares/boards/TQBR/securities/BISVP/candles.json?from=2026-10-08&till=2026-10-08&interval=24&iss.meta=off&start=0
2026-10-08 17:22:01.200 | INFO     | src.database:insert_raw_candles:110 - Вставлено 1 записей в raw_candles
2026-10-08 17:22:01.201 | INFO     | src.database:upsert_meta:149 - Мета-информация обновлена для BISVP
2026-10-08 17:22:01.201 | INFO     | src.moex_loader:load_asset:216 - Загружено 1 свечей для BISVP (stock)
2026-10-08 17:22:01.201 | DEBUG    | src.moex_loader:_fetch_page:48 - Запрос: https://iss.moex.com/iss/engines/stock/markets/shares/boards/TQBR/securities/BLNG/candles.json?from=2026-10-08&till=2026-10-08&interval=24&iss.meta=off&start=0
2026-10-08 17:22:02.006 | DEBUG    | src.moex_loader:_fetch_page:48 - Запрос: https://iss.moex.com/iss/engines/stock/markets/shares/boards/TQBR/securities/BLNG/candles.json?from=2026-10-08&till=2026-10-08&interval=24&iss.meta=off&start=0
2026-10-08 17:22:02.212 | INFO     | src.database:insert_raw_candles:110 - Вставлено 1 записей в raw_candles
2026-10-08 17:22:02.212 | INFO     | src.database:upsert_meta:149 - Мета-информация обновлена для BLNG
2026-10-08 17:22:02.212 | INFO     | src.moex_loader:load_asset:216 - Загружено 1 свечей для BLNG (stock)
2026-10-08 17:22:02.213 | DEBUG    | src.moex_loader:_fetch_page:48 - Запрос: https://iss.moex.com/iss/engines/stock/markets/shares/boards/TQBR/securities/BRZL/candles.json?from=2026-10-08&till=2026-10-08&interval=24&iss.meta=off&start=0
2026-10-08 17:22:03.053 | DEBUG    | src.moex_loader:_fetch_page:48 - Запрос: https://iss.moex.com/iss/engines/stock/markets/shares/boards/TQBR/securities/BRZL/candles.json?from=2026-10-08&till=2026-10-08&interval=24&iss.meta=off&start=0
2026-10-08 17:22:03.250 | INFO     | src.database:insert_raw_candles:110 - Вставлено 1 записей в raw_candles
2026-10-08 17:22:03.250 | INFO     | src.database:upsert_meta:149 - Мета-информация обновлена для BRZL
2026-10-08 17:22:03.251 | INFO     | src.moex_loader:load_asset:216 - Загружено 1 свечей для BRZL (stock)
2026-10-08 17:22:03.251 | DEBUG    | src.moex_loader:_fetch_page:48 - Запрос: https://iss.moex.com/iss/engines/stock/markets/shares/boards/TQBR/securities/BSPB/candles.json?from=2026-10-08&till=2026-10-08&interval=24&iss.meta=off&start=0
2026-10-08 17:22:04.036 | DEBUG    | src.moex_loader:_fetch_page:48 - Запрос: https://iss.moex.com/iss/engines/stock/markets/shares/boards/TQBR/securities/BSPB/candles.json?from=2026-10-08&till=2026-10-08&interval=24&iss.meta=off&start=0
2026-10-08 17:22:04.238 | INFO     | src.database:insert_raw_candles:110 - Вставлено 1 записей в raw_candles
2026-10-08 17:22:04.239 | INFO     | src.database:upsert_meta:149 - Мета-информация обновлена для BSPB
2026-10-08 17:22:04.239 | INFO     | src.moex_loader:load_asset:216 - Загружено 1 свечей для BSPB (stock)
2026-10-08 17:22:04.239 | DEBUG    | src.moex_loader:_fetch_page:48 - Запрос: https://iss.moex.com/iss/engines/stock/markets/shares/boards/TQBR/securities/BSPBP/candles.json?from=2026-10-08&till=2026-10-08&interval=24&iss.meta=off&start=0
2026-10-08 17:22:05.499 | DEBUG    | src.moex_loader:_fetch_page:48 - Запрос: https://iss.moex.com/iss/engines/stock/markets/shares/boards/TQBR/securities/BSPBP/candles.json?from=2026-10-08&till=2026-10-08&interval=24&iss.meta=off&start=0
2026-10-08 17:22:05.752 | INFO     | src.database:insert_raw_candles:110 - Вставлено 1 записей в raw_candles
2026-10-08 17:22:05.753 | INFO     | src.database:upsert_meta:149 - Мета-информация обновлена для BSPBP
2026-10-08 17:22:05.753 | INFO     | src.moex_loader:load_asset:216 - Загружено 1 свечей для BSPBP (stock)
2026-10-08 17:22:05.754 | DEBUG    | src.moex_loader:_fetch_page:48 - Запрос: https://iss.moex.com/iss/engines/stock/markets/shares/boards/TQBR/securities/BTBR/candles.json?from=2026-10-08&till=2026-10-08&interval=24&iss.meta=off&start=0
2026-10-08 17:22:06.549 | DEBUG    | src.moex_loader:_fetch_page:48 - Запрос: https://iss.moex.com/iss/engines/stock/markets/shares/boards/TQBR/securities/BTBR/candles.json?from=2026-10-08&till=2026-10-08&interval=24&iss.meta=off&start=0
2026-10-08 17:22:06.755 | INFO     | src.database:insert_raw_candles:110 - Вставлено 1 записей в raw_candles
2026-10-08 17:22:06.755 | INFO     | src.database:upsert_meta:149 - Мета-информация обновлена для BTBR
2026-10-08 17:22:06.756 | INFO     | src.moex_loader:load_asset:216 - Загружено 1 свечей для BTBR (stock)
2026-10-08 17:22:06.756 | DEBUG    | src.moex_loader:_fetch_page:48 - Запрос: https://iss.moex.com/iss/engines/stock/markets/shares/boards/TQBR/securities/CARM/candles.json?from=2026-10-08&till=2026-10-08&interval=24&iss.meta=off&start=0
2026-10-08 17:22:07.599 | DEBUG    | src.moex_loader:_fetch_page:48 - Запрос: https://iss.moex.com/iss/engines/stock/markets/shares/boards/TQBR/securities/CARM/candles.json?from=2026-10-08&till=2026-10-08&interval=24&iss.meta=off&start=0
2026-10-08 17:22:07.807 | INFO     | src.database:insert_raw_candles:110 - Вставлено 1 записей в raw_candles
2026-10-08 17:22:07.807 | INFO     | src.database:upsert_meta:149 - Мета-информация обновлена для CARM
2026-10-08 17:22:07.807 | INFO     | src.moex_loader:load_asset:216 - Загружено 1 свечей для CARM (stock)
2026-10-08 17:22:07.808 | DEBUG    | src.moex_loader:_fetch_page:48 - Запрос: https://iss.moex.com/iss/engines/stock/markets/shares/boards/TQBR/securities/CBOM/candles.json?from=2026-10-08&till=2026-10-08&interval=24&iss.meta=off&start=0
2026-10-08 17:22:09.618 | DEBUG    | src.moex_loader:_fetch_page:48 - Запрос: https://iss.moex.com/iss/engines/stock/markets/shares/boards/TQBR/securities/CBOM/candles.json?from=2026-10-08&till=2026-10-08&interval=24&iss.meta=off&start=0
2026-10-08 17:22:09.880 | INFO     | src.database:insert_raw_candles:110 - Вставлено 1 записей в raw_candles
2026-10-08 17:22:09.880 | INFO     | src.database:upsert_meta:149 - Мета-информация обновлена для CBOM
2026-10-08 17:22:09.881 | INFO     | src.moex_loader:load_asset:216 - Загружено 1 свечей для CBOM (stock)
2026-10-08 17:22:09.881 | DEBUG    | src.moex_loader:_fetch_page:48 - Запрос: https://iss.moex.com/iss/engines/stock/markets/shares/boards/TQBR/securities/CHGZ/candles.json?from=2026-10-08&till=2026-10-08&interval=24&iss.meta=off&start=0
2026-10-08 17:22:12.208 | DEBUG    | src.moex_loader:_fetch_page:48 - Запрос: https://iss.moex.com/iss/engines/stock/markets/shares/boards/TQBR/securities/CHGZ/candles.json?from=2026-10-08&till=2026-10-08&interval=24&iss.meta=off&start=0
2026-10-08 17:22:12.412 | INFO     | src.database:insert_raw_candles:110 - Вставлено 1 записей в raw_candles
2026-10-08 17:22:12.412 | INFO     | src.database:upsert_meta:149 - Мета-информация обновлена для CHGZ
2026-10-08 17:22:12.412 | INFO     | src.moex_loader:load_asset:216 - Загружено 1 свечей для CHGZ (stock)
2026-10-08 17:22:12.413 | DEBUG    | src.moex_loader:_fetch_page:48 - Запрос: https://iss.moex.com/iss/engines/stock/markets/shares/boards/TQBR/securities/CHKZ/candles.json?from=2026-10-08&till=2026-10-08&interval=24&iss.meta=off&start=0
2026-10-08 17:22:13.188 | DEBUG    | src.moex_loader:_fetch_page:48 - Запрос: https://iss.moex.com/iss/engines/stock/markets/shares/boards/TQBR/securities/CHKZ/candles.json?from=2026-10-08&till=2026-10-08&interval=24&iss.meta=off&start=0
2026-10-08 17:22:13.387 | INFO     | src.database:insert_raw_candles:110 - Вставлено 1 записей в raw_candles
2026-10-08 17:22:13.388 | INFO     | src.database:upsert_meta:149 - Мета-информация обновлена для CHKZ
2026-10-08 17:22:13.388 | INFO     | src.moex_loader:load_asset:216 - Загружено 1 свечей для CHKZ (stock)
2026-10-08 17:22:13.389 | DEBUG    | src.moex_loader:_fetch_page:48 - Запрос: https://iss.moex.com/iss/engines/stock/markets/shares/boards/TQBR/securities/CHMF/candles.json?from=2026-10-08&till=2026-10-08&interval=24&iss.meta=off&start=0
2026-10-08 17:22:14.205 | DEBUG    | src.moex_loader:_fetch_page:48 - Запрос: https://iss.moex.com/iss/engines/stock/markets/shares/boards/TQBR/securities/CHMF/candles.json?from=2026-10-08&till=2026-10-08&interval=24&iss.meta=off&start=0
2026-10-08 17:22:14.447 | INFO     | src.database:insert_raw_candles:110 - Вставлено 1 записей в raw_candles
2026-10-08 17:22:14.448 | INFO     | src.database:upsert_meta:149 - Мета-информация обновлена для CHMF
2026-10-08 17:22:14.448 | INFO     | src.moex_loader:load_asset:216 - Загружено 1 свечей для CHMF (stock)
2026-10-08 17:22:14.448 | DEBUG    | src.moex_loader:_fetch_page:48 - Запрос: https://iss.moex.com/iss/engines/stock/markets/shares/boards/TQBR/securities/CHMK/candles.json?from=2026-10-08&till=2026-10-08&interval=24&iss.meta=off&start=0
2026-10-08 17:22:15.228 | DEBUG    | src.moex_loader:_fetch_page:48 - Запрос: https://iss.moex.com/iss/engines/stock/markets/shares/boards/TQBR/securities/CHMK/candles.json?from=2026-10-08&till=2026-10-08&interval=24&iss.meta=off&start=0
2026-10-08 17:22:15.690 | INFO     | src.database:insert_raw_candles:110 - Вставлено 1 записей в raw_candles
2026-10-08 17:22:15.691 | INFO     | src.database:upsert_meta:149 - Мета-информация обновлена для CHMK
2026-10-08 17:22:15.691 | INFO     | src.moex_loader:load_asset:216 - Загружено 1 свечей для CHMK (stock)
2026-10-08 17:22:15.691 | DEBUG    | src.moex_loader:_fetch_page:48 - Запрос: https://iss.moex.com/iss/engines/stock/markets/shares/boards/TQBR/securities/CNRU/candles.json?from=2026-10-08&till=2026-10-08&interval=24&iss.meta=off&start=0
2026-10-08 17:22:16.506 | DEBUG    | src.moex_loader:_fetch_page:48 - Запрос: https://iss.moex.com/iss/engines/stock/markets/shares/boards/TQBR/securities/CNRU/candles.json?from=2026-10-08&till=2026-10-08&interval=24&iss.meta=off&start=0
2026-10-08 17:22:16.887 | INFO     | src.database:insert_raw_candles:110 - Вставлено 1 записей в raw_candles
2026-10-08 17:22:16.887 | INFO     | src.database:upsert_meta:149 - Мета-информация обновлена для CNRU
2026-10-08 17:22:16.888 | INFO     | src.moex_loader:load_asset:216 - Загружено 1 свечей для CNRU (stock)
2026-10-08 17:22:16.888 | DEBUG    | src.moex_loader:_fetch_page:48 - Запрос: https://iss.moex.com/iss/engines/stock/markets/shares/boards/TQBR/securities/CNTL/candles.json?from=2026-10-08&till=2026-10-08&interval=24&iss.meta=off&start=0
2026-10-08 17:22:17.710 | DEBUG    | src.moex_loader:_fetch_page:48 - Запрос: https://iss.moex.com/iss/engines/stock/markets/shares/boards/TQBR/securities/CNTL/candles.json?from=2026-10-08&till=2026-10-08&interval=24&iss.meta=off&start=0
2026-10-08 17:22:18.174 | INFO     | src.database:insert_raw_candles:110 - Вставлено 1 записей в raw_candles
2026-10-08 17:22:18.174 | INFO     | src.database:upsert_meta:149 - Мета-информация обновлена для CNTL
2026-10-08 17:22:18.174 | INFO     | src.moex_loader:load_asset:216 - Загружено 1 свечей для CNTL (stock)
2026-10-08 17:22:18.175 | DEBUG    | src.moex_loader:_fetch_page:48 - Запрос: https://iss.moex.com/iss/engines/stock/markets/shares/boards/TQBR/securities/CNTLP/candles.json?from=2026-10-08&till=2026-10-08&interval=24&iss.meta=off&start=0
2026-10-08 17:22:18.950 | DEBUG    | src.moex_loader:_fetch_page:48 - Запрос: https://iss.moex.com/iss/engines/stock/markets/shares/boards/TQBR/securities/CNTLP/candles.json?from=2026-10-08&till=2026-10-08&interval=24&iss.meta=off&start=0
2026-10-08 17:22:19.150 | INFO     | src.database:insert_raw_candles:110 - Вставлено 1 записей в raw_candles
2026-10-08 17:22:19.151 | INFO     | src.database:upsert_meta:149 - Мета-информация обновлена для CNTLP
2026-10-08 17:22:19.151 | INFO     | src.moex_loader:load_asset:216 - Загружено 1 свечей для CNTLP (stock)
2026-10-08 17:22:19.151 | DEBUG    | src.moex_loader:_fetch_page:48 - Запрос: https://iss.moex.com/iss/engines/stock/markets/shares/boards/TQBR/securities/DATA/candles.json?from=2026-10-08&till=2026-10-08&interval=24&iss.meta=off&start=0
2026-10-08 17:22:19.952 | DEBUG    | src.moex_loader:_fetch_page:48 - Запрос: https://iss.moex.com/iss/engines/stock/markets/shares/boards/TQBR/securities/DATA/candles.json?from=2026-10-08&till=2026-10-08&interval=24&iss.meta=off&start=0
2026-10-08 17:22:20.213 | INFO     | src.database:insert_raw_candles:110 - Вставлено 1 записей в raw_candles
2026-10-08 17:22:20.214 | INFO     | src.database:upsert_meta:149 - Мета-информация обновлена для DATA
2026-10-08 17:22:20.214 | INFO     | src.moex_loader:load_asset:216 - Загружено 1 свечей для DATA (stock)
2026-10-08 17:22:20.214 | DEBUG    | src.moex_loader:_fetch_page:48 - Запрос: https://iss.moex.com/iss/engines/stock/markets/shares/boards/TQBR/securities/DELI/candles.json?from=2026-10-08&till=2026-10-08&interval=24&iss.meta=off&start=0
2026-10-08 17:22:20.994 | DEBUG    | src.moex_loader:_fetch_page:48 - Запрос: https://iss.moex.com/iss/engines/stock/markets/shares/boards/TQBR/securities/DELI/candles.json?from=2026-10-08&till=2026-10-08&interval=24&iss.meta=off&start=0
2026-10-08 17:22:21.194 | INFO     | src.database:insert_raw_candles:110 - Вставлено 1 записей в raw_candles
2026-10-08 17:22:21.195 | INFO     | src.database:upsert_meta:149 - Мета-информация обновлена для DELI
2026-10-08 17:22:21.195 | INFO     | src.moex_loader:load_asset:216 - Загружено 1 свечей для DELI (stock)
2026-10-08 17:22:21.196 | DEBUG    | src.moex_loader:_fetch_page:48 - Запрос: https://iss.moex.com/iss/engines/stock/markets/shares/boards/TQBR/securities/DIAS/candles.json?from=2026-10-08&till=2026-10-08&interval=24&iss.meta=off&start=0
2026-10-08 17:22:22.060 | DEBUG    | src.moex_loader:_fetch_page:48 - Запрос: https://iss.moex.com/iss/engines/stock/markets/shares/boards/TQBR/securities/DIAS/candles.json?from=2026-10-08&till=2026-10-08&interval=24&iss.meta=off&start=0
2026-10-08 17:22:22.274 | INFO     | src.database:insert_raw_candles:110 - Вставлено 1 записей в raw_candles
2026-10-08 17:22:22.275 | INFO     | src.database:upsert_meta:149 - Мета-информация обновлена для DIAS
2026-10-08 17:22:22.275 | INFO     | src.moex_loader:load_asset:216 - Загружено 1 свечей для DIAS (stock)
2026-10-08 17:22:22.275 | DEBUG    | src.moex_loader:_fetch_page:48 - Запрос: https://iss.moex.com/iss/engines/stock/markets/shares/boards/TQBR/securities/DIOD/candles.json?from=2026-10-08&till=2026-10-08&interval=24&iss.meta=off&start=0
2026-10-08 17:22:23.065 | DEBUG    | src.moex_loader:_fetch_page:48 - Запрос: https://iss.moex.com/iss/engines/stock/markets/shares/boards/TQBR/securities/DIOD/candles.json?from=2026-10-08&till=2026-10-08&interval=24&iss.meta=off&start=0
2026-10-08 17:22:23.267 | INFO     | src.database:insert_raw_candles:110 - Вставлено 1 записей в raw_candles
2026-10-08 17:22:23.267 | INFO     | src.database:upsert_meta:149 - Мета-информация обновлена для DIOD
2026-10-08 17:22:23.268 | INFO     | src.moex_loader:load_asset:216 - Загружено 1 свечей для DIOD (stock)
2026-10-08 17:22:23.268 | DEBUG    | src.moex_loader:_fetch_page:48 - Запрос: https://iss.moex.com/iss/engines/stock/markets/shares/boards/TQBR/securities/DOMRF/candles.json?from=2026-10-08&till=2026-10-08&interval=24&iss.meta=off&start=0
2026-10-08 17:22:24.168 | DEBUG    | src.moex_loader:_fetch_page:48 - Запрос: https://iss.moex.com/iss/engines/stock/markets/shares/boards/TQBR/securities/DOMRF/candles.json?from=2026-10-08&till=2026-10-08&interval=24&iss.meta=off&start=0
2026-10-08 17:22:24.409 | INFO     | src.database:insert_raw_candles:110 - Вставлено 1 записей в raw_candles
2026-10-08 17:22:24.409 | INFO     | src.database:upsert_meta:149 - Мета-информация обновлена для DOMRF
2026-10-08 17:22:24.409 | INFO     | src.moex_loader:load_asset:216 - Загружено 1 свечей для DOMRF (stock)
2026-10-08 17:22:24.410 | DEBUG    | src.moex_loader:_fetch_page:48 - Запрос: https://iss.moex.com/iss/engines/stock/markets/shares/boards/TQBR/securities/DVEC/candles.json?from=2026-10-08&till=2026-10-08&interval=24&iss.meta=off&start=0
2026-10-08 17:22:25.495 | DEBUG    | src.moex_loader:_fetch_page:48 - Запрос: https://iss.moex.com/iss/engines/stock/markets/shares/boards/TQBR/securities/DVEC/candles.json?from=2026-10-08&till=2026-10-08&interval=24&iss.meta=off&start=0
2026-10-08 17:22:26.109 | INFO     | src.database:insert_raw_candles:110 - Вставлено 1 записей в raw_candles
2026-10-08 17:22:26.110 | INFO     | src.database:upsert_meta:149 - Мета-информация обновлена для DVEC
2026-10-08 17:22:26.110 | INFO     | src.moex_loader:load_asset:216 - Загружено 1 свечей для DVEC (stock)
2026-10-08 17:22:26.111 | DEBUG    | src.moex_loader:_fetch_page:48 - Запрос: https://iss.moex.com/iss/engines/stock/markets/shares/boards/TQBR/securities/DZRD/candles.json?from=2026-10-08&till=2026-10-08&interval=24&iss.meta=off&start=0
2026-10-08 17:22:26.895 | DEBUG    | src.moex_loader:_fetch_page:48 - Запрос: https://iss.moex.com/iss/engines/stock/markets/shares/boards/TQBR/securities/DZRD/candles.json?from=2026-10-08&till=2026-10-08&interval=24&iss.meta=off&start=0
2026-10-08 17:22:27.165 | INFO     | src.database:insert_raw_candles:110 - Вставлено 1 записей в raw_candles
2026-10-08 17:22:27.165 | INFO     | src.database:upsert_meta:149 - Мета-информация обновлена для DZRD
2026-10-08 17:22:27.166 | INFO     | src.moex_loader:load_asset:216 - Загружено 1 свечей для DZRD (stock)
2026-10-08 17:22:27.166 | DEBUG    | src.moex_loader:_fetch_page:48 - Запрос: https://iss.moex.com/iss/engines/stock/markets/shares/boards/TQBR/securities/DZRDP/candles.json?from=2026-10-08&till=2026-10-08&interval=24&iss.meta=off&start=0
2026-10-08 17:22:27.935 | DEBUG    | src.moex_loader:_fetch_page:48 - Запрос: https://iss.moex.com/iss/engines/stock/markets/shares/boards/TQBR/securities/DZRDP/candles.json?from=2026-10-08&till=2026-10-08&interval=24&iss.meta=off&start=0
2026-10-08 17:22:28.313 | INFO     | src.database:insert_raw_candles:110 - Вставлено 1 записей в raw_candles
2026-10-08 17:22:28.313 | INFO     | src.database:upsert_meta:149 - Мета-информация обновлена для DZRDP
2026-10-08 17:22:28.313 | INFO     | src.moex_loader:load_asset:216 - Загружено 1 свечей для DZRDP (stock)
2026-10-08 17:22:28.314 | DEBUG    | src.moex_loader:_fetch_page:48 - Запрос: https://iss.moex.com/iss/engines/stock/markets/shares/boards/TQBR/securities/EELT/candles.json?from=2026-10-08&till=2026-10-08&interval=24&iss.meta=off&start=0
2026-10-08 17:22:29.090 | DEBUG    | src.moex_loader:_fetch_page:48 - Запрос: https://iss.moex.com/iss/engines/stock/markets/shares/boards/TQBR/securities/EELT/candles.json?from=2026-10-08&till=2026-10-08&interval=24&iss.meta=off&start=0
2026-10-08 17:22:29.545 | INFO     | src.database:insert_raw_candles:110 - Вставлено 1 записей в raw_candles
2026-10-08 17:22:29.546 | INFO     | src.database:upsert_meta:149 - Мета-информация обновлена для EELT
2026-10-08 17:22:29.546 | INFO     | src.moex_loader:load_asset:216 - Загружено 1 свечей для EELT (stock)
2026-10-08 17:22:29.546 | DEBUG    | src.moex_loader:_fetch_page:48 - Запрос: https://iss.moex.com/iss/engines/stock/markets/shares/boards/TQBR/securities/ELFV/candles.json?from=2026-10-08&till=2026-10-08&interval=24&iss.meta=off&start=0
2026-10-08 17:22:30.664 | DEBUG    | src.moex_loader:_fetch_page:48 - Запрос: https://iss.moex.com/iss/engines/stock/markets/shares/boards/TQBR/securities/ELFV/candles.json?from=2026-10-08&till=2026-10-08&interval=24&iss.meta=off&start=0
2026-10-08 17:22:30.877 | INFO     | src.database:insert_raw_candles:110 - Вставлено 1 записей в raw_candles
2026-10-08 17:22:30.877 | INFO     | src.database:upsert_meta:149 - Мета-информация обновлена для ELFV
2026-10-08 17:22:30.878 | INFO     | src.moex_loader:load_asset:216 - Загружено 1 свечей для ELFV (stock)
2026-10-08 17:22:30.878 | DEBUG    | src.moex_loader:_fetch_page:48 - Запрос: https://iss.moex.com/iss/engines/stock/markets/shares/boards/TQBR/securities/ELMT/candles.json?from=2026-10-08&till=2026-10-08&interval=24&iss.meta=off&start=0
2026-10-08 17:22:31.836 | DEBUG    | src.moex_loader:_fetch_page:48 - Запрос: https://iss.moex.com/iss/engines/stock/markets/shares/boards/TQBR/securities/ELMT/candles.json?from=2026-10-08&till=2026-10-08&interval=24&iss.meta=off&start=0
2026-10-08 17:22:32.272 | INFO     | src.database:insert_raw_candles:110 - Вставлено 1 записей в raw_candles
2026-10-08 17:22:32.273 | INFO     | src.database:upsert_meta:149 - Мета-информация обновлена для ELMT
2026-10-08 17:22:32.273 | INFO     | src.moex_loader:load_asset:216 - Загружено 1 свечей для ELMT (stock)
2026-10-08 17:22:32.273 | DEBUG    | src.moex_loader:_fetch_page:48 - Запрос: https://iss.moex.com/iss/engines/stock/markets/shares/boards/TQBR/securities/ENPG/candles.json?from=2026-10-08&till=2026-10-08&interval=24&iss.meta=off&start=0
2026-10-08 17:22:33.035 | DEBUG    | src.moex_loader:_fetch_page:48 - Запрос: https://iss.moex.com/iss/engines/stock/markets/shares/boards/TQBR/securities/ENPG/candles.json?from=2026-10-08&till=2026-10-08&interval=24&iss.meta=off&start=0
2026-10-08 17:22:33.361 | INFO     | src.database:insert_raw_candles:110 - Вставлено 1 записей в raw_candles
2026-10-08 17:22:33.362 | INFO     | src.database:upsert_meta:149 - Мета-информация обновлена для ENPG
2026-10-08 17:22:33.362 | INFO     | src.moex_loader:load_asset:216 - Загружено 1 свечей для ENPG (stock)
2026-10-08 17:22:33.362 | DEBUG    | src.moex_loader:_fetch_page:48 - Запрос: https://iss.moex.com/iss/engines/stock/markets/shares/boards/TQBR/securities/ETLN/candles.json?from=2026-10-08&till=2026-10-08&interval=24&iss.meta=off&start=0
2026-10-08 17:22:34.170 | DEBUG    | src.moex_loader:_fetch_page:48 - Запрос: https://iss.moex.com/iss/engines/stock/markets/shares/boards/TQBR/securities/ETLN/candles.json?from=2026-10-08&till=2026-10-08&interval=24&iss.meta=off&start=0
2026-10-08 17:22:34.423 | INFO     | src.database:insert_raw_candles:110 - Вставлено 1 записей в raw_candles
2026-10-08 17:22:34.423 | INFO     | src.database:upsert_meta:149 - Мета-информация обновлена для ETLN
2026-10-08 17:22:34.424 | INFO     | src.moex_loader:load_asset:216 - Загружено 1 свечей для ETLN (stock)
2026-10-08 17:22:34.424 | DEBUG    | src.moex_loader:_fetch_page:48 - Запрос: https://iss.moex.com/iss/engines/stock/markets/shares/boards/TQBR/securities/EUTR/candles.json?from=2026-10-08&till=2026-10-08&interval=24&iss.meta=off&start=0
2026-10-08 17:22:35.207 | DEBUG    | src.moex_loader:_fetch_page:48 - Запрос: https://iss.moex.com/iss/engines/stock/markets/shares/boards/TQBR/securities/EUTR/candles.json?from=2026-10-08&till=2026-10-08&interval=24&iss.meta=off&start=0
2026-10-08 17:22:35.668 | INFO     | src.database:insert_raw_candles:110 - Вставлено 1 записей в raw_candles
2026-10-08 17:22:35.668 | INFO     | src.database:upsert_meta:149 - Мета-информация обновлена для EUTR
2026-10-08 17:22:35.668 | INFO     | src.moex_loader:load_asset:216 - Загружено 1 свечей для EUTR (stock)
2026-10-08 17:22:35.669 | DEBUG    | src.moex_loader:_fetch_page:48 - Запрос: https://iss.moex.com/iss/engines/stock/markets/shares/boards/TQBR/securities/EVRZ/candles.json?from=2026-10-08&till=2026-10-08&interval=24&iss.meta=off&start=0
2026-10-08 17:22:36.476 | DEBUG    | src.moex_loader:_fetch_page:48 - Запрос: https://iss.moex.com/iss/engines/stock/markets/shares/boards/TQBR/securities/EVRZ/candles.json?from=2026-10-08&till=2026-10-08&interval=24&iss.meta=off&start=0
2026-10-08 17:22:36.884 | INFO     | src.database:insert_raw_candles:110 - Вставлено 1 записей в raw_candles
2026-10-08 17:22:36.885 | INFO     | src.database:upsert_meta:149 - Мета-информация обновлена для EVRZ
2026-10-08 17:22:36.885 | INFO     | src.moex_loader:load_asset:216 - Загружено 1 свечей для EVRZ (stock)
2026-10-08 17:22:36.885 | DEBUG    | src.moex_loader:_fetch_page:48 - Запрос: https://iss.moex.com/iss/engines/stock/markets/shares/boards/TQBR/securities/FEES/candles.json?from=2026-10-08&till=2026-10-08&interval=24&iss.meta=off&start=0
2026-10-08 17:22:37.649 | DEBUG    | src.moex_loader:_fetch_page:48 - Запрос: https://iss.moex.com/iss/engines/stock/markets/shares/boards/TQBR/securities/FEES/candles.json?from=2026-10-08&till=2026-10-08&interval=24&iss.meta=off&start=0
2026-10-08 17:22:37.860 | INFO     | src.database:insert_raw_candles:110 - Вставлено 1 записей в raw_candles
2026-10-08 17:22:37.861 | INFO     | src.database:upsert_meta:149 - Мета-информация обновлена для FEES
2026-10-08 17:22:37.861 | INFO     | src.moex_loader:load_asset:216 - Загружено 1 свечей для FEES (stock)
2026-10-08 17:22:37.861 | DEBUG    | src.moex_loader:_fetch_page:48 - Запрос: https://iss.moex.com/iss/engines/stock/markets/shares/boards/TQBR/securities/FESH/candles.json?from=2026-10-08&till=2026-10-08&interval=24&iss.meta=off&start=0
2026-10-08 17:22:38.635 | DEBUG    | src.moex_loader:_fetch_page:48 - Запрос: https://iss.moex.com/iss/engines/stock/markets/shares/boards/TQBR/securities/FESH/candles.json?from=2026-10-08&till=2026-10-08&interval=24&iss.meta=off&start=0
2026-10-08 17:22:38.836 | INFO     | src.database:insert_raw_candles:110 - Вставлено 1 записей в raw_candles
2026-10-08 17:22:38.837 | INFO     | src.database:upsert_meta:149 - Мета-информация обновлена для FESH
2026-10-08 17:22:38.837 | INFO     | src.moex_loader:load_asset:216 - Загружено 1 свечей для FESH (stock)
2026-10-08 17:22:38.837 | DEBUG    | src.moex_loader:_fetch_page:48 - Запрос: https://iss.moex.com/iss/engines/stock/markets/shares/boards/TQBR/securities/FIXR/candles.json?from=2026-10-08&till=2026-10-08&interval=24&iss.meta=off&start=0
2026-10-08 17:22:39.646 | DEBUG    | src.moex_loader:_fetch_page:48 - Запрос: https://iss.moex.com/iss/engines/stock/markets/shares/boards/TQBR/securities/FIXR/candles.json?from=2026-10-08&till=2026-10-08&interval=24&iss.meta=off&start=0
2026-10-08 17:22:39.850 | INFO     | src.database:insert_raw_candles:110 - Вставлено 1 записей в raw_candles
2026-10-08 17:22:39.851 | INFO     | src.database:upsert_meta:149 - Мета-информация обновлена для FIXR
2026-10-08 17:22:39.851 | INFO     | src.moex_loader:load_asset:216 - Загружено 1 свечей для FIXR (stock)
2026-10-08 17:22:39.852 | DEBUG    | src.moex_loader:_fetch_page:48 - Запрос: https://iss.moex.com/iss/engines/stock/markets/shares/boards/TQBR/securities/FLOT/candles.json?from=2026-10-08&till=2026-10-08&interval=24&iss.meta=off&start=0
2026-10-08 17:22:40.912 | DEBUG    | src.moex_loader:_fetch_page:48 - Запрос: https://iss.moex.com/iss/engines/stock/markets/shares/boards/TQBR/securities/FLOT/candles.json?from=2026-10-08&till=2026-10-08&interval=24&iss.meta=off&start=0
2026-10-08 17:22:41.534 | INFO     | src.database:insert_raw_candles:110 - Вставлено 1 записей в raw_candles
2026-10-08 17:22:41.535 | INFO     | src.database:upsert_meta:149 - Мета-информация обновлена для FLOT
2026-10-08 17:22:41.535 | INFO     | src.moex_loader:load_asset:216 - Загружено 1 свечей для FLOT (stock)
2026-10-08 17:22:41.535 | DEBUG    | src.moex_loader:_fetch_page:48 - Запрос: https://iss.moex.com/iss/engines/stock/markets/shares/boards/TQBR/securities/GAZA/candles.json?from=2026-10-08&till=2026-10-08&interval=24&iss.meta=off&start=0
2026-10-08 17:22:42.334 | DEBUG    | src.moex_loader:_fetch_page:48 - Запрос: https://iss.moex.com/iss/engines/stock/markets/shares/boards/TQBR/securities/GAZA/candles.json?from=2026-10-08&till=2026-10-08&interval=24&iss.meta=off&start=0
2026-10-08 17:22:42.535 | INFO     | src.database:insert_raw_candles:110 - Вставлено 1 записей в raw_candles
2026-10-08 17:22:42.536 | INFO     | src.database:upsert_meta:149 - Мета-информация обновлена для GAZA
2026-10-08 17:22:42.536 | INFO     | src.moex_loader:load_asset:216 - Загружено 1 свечей для GAZA (stock)
2026-10-08 17:22:42.536 | DEBUG    | src.moex_loader:_fetch_page:48 - Запрос: https://iss.moex.com/iss/engines/stock/markets/shares/boards/TQBR/securities/GAZAP/candles.json?from=2026-10-08&till=2026-10-08&interval=24&iss.meta=off&start=0
2026-10-08 17:22:43.486 | DEBUG    | src.moex_loader:_fetch_page:48 - Запрос: https://iss.moex.com/iss/engines/stock/markets/shares/boards/TQBR/securities/GAZAP/candles.json?from=2026-10-08&till=2026-10-08&interval=24&iss.meta=off&start=0
2026-10-08 17:22:43.697 | INFO     | src.database:insert_raw_candles:110 - Вставлено 1 записей в raw_candles
2026-10-08 17:22:43.697 | INFO     | src.database:upsert_meta:149 - Мета-информация обновлена для GAZAP
2026-10-08 17:22:43.697 | INFO     | src.moex_loader:load_asset:216 - Загружено 1 свечей для GAZAP (stock)
2026-10-08 17:22:43.698 | DEBUG    | src.moex_loader:_fetch_page:48 - Запрос: https://iss.moex.com/iss/engines/stock/markets/shares/boards/TQBR/securities/GAZC/candles.json?from=2026-08-24&till=2026-10-08&interval=24&iss.meta=off&start=0
2026-10-08 17:22:44.603 | WARNING  | src.moex_loader:fetch_candles_async:85 - Нет данных для GAZC за период 2026-08-24 - 2026-10-08
2026-10-08 17:22:44.605 | WARNING  | src.moex_loader:load_asset:204 - Нет данных для GAZC (stock)
2026-10-08 17:22:44.606 | DEBUG    | src.moex_loader:_fetch_page:48 - Запрос: https://iss.moex.com/iss/engines/stock/markets/shares/boards/TQBR/securities/GAZP/candles.json?from=2026-10-08&till=2026-10-08&interval=24&iss.meta=off&start=0
2026-10-08 17:22:45.395 | DEBUG    | src.moex_loader:_fetch_page:48 - Запрос: https://iss.moex.com/iss/engines/stock/markets/shares/boards/TQBR/securities/GAZP/candles.json?from=2026-10-08&till=2026-10-08&interval=24&iss.meta=off&start=0
2026-10-08 17:22:45.602 | INFO     | src.database:insert_raw_candles:110 - Вставлено 1 записей в raw_candles
2026-10-08 17:22:45.602 | INFO     | src.database:upsert_meta:149 - Мета-информация обновлена для GAZP
2026-10-08 17:22:45.602 | INFO     | src.moex_loader:load_asset:216 - Загружено 1 свечей для GAZP (stock)
2026-10-08 17:22:45.603 | DEBUG    | src.moex_loader:_fetch_page:48 - Запрос: https://iss.moex.com/iss/engines/stock/markets/shares/boards/TQBR/securities/GAZS/candles.json?from=2026-08-24&till=2026-10-08&interval=24&iss.meta=off&start=0
2026-10-08 17:22:46.588 | WARNING  | src.moex_loader:fetch_candles_async:85 - Нет данных для GAZS за период 2026-08-24 - 2026-10-08
2026-10-08 17:22:46.590 | WARNING  | src.moex_loader:load_asset:204 - Нет данных для GAZS (stock)
2026-10-08 17:22:46.591 | DEBUG    | src.moex_loader:_fetch_page:48 - Запрос: https://iss.moex.com/iss/engines/stock/markets/shares/boards/TQBR/securities/GAZT/candles.json?from=2026-08-24&till=2026-10-08&interval=24&iss.meta=off&start=0
2026-10-08 17:22:47.470 | WARNING  | src.moex_loader:fetch_candles_async:85 - Нет данных для GAZT за период 2026-08-24 - 2026-10-08
2026-10-08 17:22:47.472 | WARNING  | src.moex_loader:load_asset:204 - Нет данных для GAZT (stock)
2026-10-08 17:22:47.473 | DEBUG    | src.moex_loader:_fetch_page:48 - Запрос: https://iss.moex.com/iss/engines/stock/markets/shares/boards/TQBR/securities/GCHE/candles.json?from=2026-10-08&till=2026-10-08&interval=24&iss.meta=off&start=0
2026-10-08 17:22:48.422 | DEBUG    | src.moex_loader:_fetch_page:48 - Запрос: https://iss.moex.com/iss/engines/stock/markets/shares/boards/TQBR/securities/GCHE/candles.json?from=2026-10-08&till=2026-10-08&interval=24&iss.meta=off&start=0
2026-10-08 17:22:48.628 | INFO     | src.database:insert_raw_candles:110 - Вставлено 1 записей в raw_candles
2026-10-08 17:22:48.628 | INFO     | src.database:upsert_meta:149 - Мета-информация обновлена для GCHE
2026-10-08 17:22:48.629 | INFO     | src.moex_loader:load_asset:216 - Загружено 1 свечей для GCHE (stock)
2026-10-08 17:22:48.629 | DEBUG    | src.moex_loader:_fetch_page:48 - Запрос: https://iss.moex.com/iss/engines/stock/markets/shares/boards/TQBR/securities/GECO/candles.json?from=2026-10-08&till=2026-10-08&interval=24&iss.meta=off&start=0
2026-10-08 17:22:49.426 | DEBUG    | src.moex_loader:_fetch_page:48 - Запрос: https://iss.moex.com/iss/engines/stock/markets/shares/boards/TQBR/securities/GECO/candles.json?from=2026-10-08&till=2026-10-08&interval=24&iss.meta=off&start=0
2026-10-08 17:22:49.670 | INFO     | src.database:insert_raw_candles:110 - Вставлено 1 записей в raw_candles
2026-10-08 17:22:49.671 | INFO     | src.database:upsert_meta:149 - Мета-информация обновлена для GECO
2026-10-08 17:22:49.671 | INFO     | src.moex_loader:load_asset:216 - Загружено 1 свечей для GECO (stock)
2026-10-08 17:22:49.672 | DEBUG    | src.moex_loader:_fetch_page:48 - Запрос: https://iss.moex.com/iss/engines/stock/markets/shares/boards/TQBR/securities/GEMA/candles.json?from=2026-10-08&till=2026-10-08&interval=24&iss.meta=off&start=0
2026-10-08 17:22:50.553 | DEBUG    | src.moex_loader:_fetch_page:48 - Запрос: https://iss.moex.com/iss/engines/stock/markets/shares/boards/TQBR/securities/GEMA/candles.json?from=2026-10-08&till=2026-10-08&interval=24&iss.meta=off&start=0
2026-10-08 17:22:51.301 | INFO     | src.database:insert_raw_candles:110 - Вставлено 1 записей в raw_candles
2026-10-08 17:22:51.301 | INFO     | src.database:upsert_meta:149 - Мета-информация обновлена для GEMA
2026-10-08 17:22:51.302 | INFO     | src.moex_loader:load_asset:216 - Загружено 1 свечей для GEMA (stock)
2026-10-08 17:22:51.302 | DEBUG    | src.moex_loader:_fetch_page:48 - Запрос: https://iss.moex.com/iss/engines/stock/markets/shares/boards/TQBR/securities/GEMC/candles.json?from=2026-10-08&till=2026-10-08&interval=24&iss.meta=off&start=0
2026-10-08 17:22:52.336 | DEBUG    | src.moex_loader:_fetch_page:48 - Запрос: https://iss.moex.com/iss/engines/stock/markets/shares/boards/TQBR/securities/GEMC/candles.json?from=2026-10-08&till=2026-10-08&interval=24&iss.meta=off&start=0
2026-10-08 17:22:52.547 | INFO     | src.database:insert_raw_candles:110 - Вставлено 1 записей в raw_candles
2026-10-08 17:22:52.548 | INFO     | src.database:upsert_meta:149 - Мета-информация обновлена для GEMC
2026-10-08 17:22:52.548 | INFO     | src.moex_loader:load_asset:216 - Загружено 1 свечей для GEMC (stock)
2026-10-08 17:22:52.548 | DEBUG    | src.moex_loader:_fetch_page:48 - Запрос: https://iss.moex.com/iss/engines/stock/markets/shares/boards/TQBR/securities/GLRX/candles.json?from=2026-10-08&till=2026-10-08&interval=24&iss.meta=off&start=0
2026-10-08 17:22:53.356 | DEBUG    | src.moex_loader:_fetch_page:48 - Запрос: https://iss.moex.com/iss/engines/stock/markets/shares/boards/TQBR/securities/GLRX/candles.json?from=2026-10-08&till=2026-10-08&interval=24&iss.meta=off&start=0
2026-10-08 17:22:53.564 | INFO     | src.database:insert_raw_candles:110 - Вставлено 1 записей в raw_candles
2026-10-08 17:22:53.564 | INFO     | src.database:upsert_meta:149 - Мета-информация обновлена для GLRX
2026-10-08 17:22:53.564 | INFO     | src.moex_loader:load_asset:216 - Загружено 1 свечей для GLRX (stock)
2026-10-08 17:22:53.565 | DEBUG    | src.moex_loader:_fetch_page:48 - Запрос: https://iss.moex.com/iss/engines/stock/markets/shares/boards/TQBR/securities/GMKN/candles.json?from=2026-10-08&till=2026-10-08&interval=24&iss.meta=off&start=0
2026-10-08 17:22:54.351 | DEBUG    | src.moex_loader:_fetch_page:48 - Запрос: https://iss.moex.com/iss/engines/stock/markets/shares/boards/TQBR/securities/GMKN/candles.json?from=2026-10-08&till=2026-10-08&interval=24&iss.meta=off&start=0
2026-10-08 17:22:54.559 | INFO     | src.database:insert_raw_candles:110 - Вставлено 1 записей в raw_candles
2026-10-08 17:22:54.559 | INFO     | src.database:upsert_meta:149 - Мета-информация обновлена для GMKN
2026-10-08 17:22:54.559 | INFO     | src.moex_loader:load_asset:216 - Загружено 1 свечей для GMKN (stock)
2026-10-08 17:22:54.560 | DEBUG    | src.moex_loader:_fetch_page:48 - Запрос: https://iss.moex.com/iss/engines/stock/markets/shares/boards/TQBR/securities/GTRK/candles.json?from=2026-10-08&till=2026-10-08&interval=24&iss.meta=off&start=0
2026-10-08 17:22:55.736 | DEBUG    | src.moex_loader:_fetch_page:48 - Запрос: https://iss.moex.com/iss/engines/stock/markets/shares/boards/TQBR/securities/GTRK/candles.json?from=2026-10-08&till=2026-10-08&interval=24&iss.meta=off&start=0
2026-10-08 17:22:55.940 | INFO     | src.database:insert_raw_candles:110 - Вставлено 1 записей в raw_candles
2026-10-08 17:22:55.941 | INFO     | src.database:upsert_meta:149 - Мета-информация обновлена для GTRK
2026-10-08 17:22:55.941 | INFO     | src.moex_loader:load_asset:216 - Загружено 1 свечей для GTRK (stock)
2026-10-08 17:22:55.941 | DEBUG    | src.moex_loader:_fetch_page:48 - Запрос: https://iss.moex.com/iss/engines/stock/markets/shares/boards/TQBR/securities/HEAD/candles.json?from=2026-10-08&till=2026-10-08&interval=24&iss.meta=off&start=0
2026-10-08 17:22:56.764 | DEBUG    | src.moex_loader:_fetch_page:48 - Запрос: https://iss.moex.com/iss/engines/stock/markets/shares/boards/TQBR/securities/HEAD/candles.json?from=2026-10-08&till=2026-10-08&interval=24&iss.meta=off&start=0
2026-10-08 17:22:56.979 | INFO     | src.database:insert_raw_candles:110 - Вставлено 1 записей в raw_candles
2026-10-08 17:22:56.979 | INFO     | src.database:upsert_meta:149 - Мета-информация обновлена для HEAD
2026-10-08 17:22:56.979 | INFO     | src.moex_loader:load_asset:216 - Загружено 1 свечей для HEAD (stock)
2026-10-08 17:22:56.980 | DEBUG    | src.moex_loader:_fetch_page:48 - Запрос: https://iss.moex.com/iss/engines/stock/markets/shares/boards/TQBR/securities/HIMCP/candles.json?from=2026-10-08&till=2026-10-08&interval=24&iss.meta=off&start=0
2026-10-08 17:22:57.817 | DEBUG    | src.moex_loader:_fetch_page:48 - Запрос: https://iss.moex.com/iss/engines/stock/markets/shares/boards/TQBR/securities/HIMCP/candles.json?from=2026-10-08&till=2026-10-08&interval=24&iss.meta=off&start=0
2026-10-08 17:22:58.024 | INFO     | src.database:insert_raw_candles:110 - Вставлено 1 записей в raw_candles
2026-10-08 17:22:58.024 | INFO     | src.database:upsert_meta:149 - Мета-информация обновлена для HIMCP
2026-10-08 17:22:58.024 | INFO     | src.moex_loader:load_asset:216 - Загружено 1 свечей для HIMCP (stock)
2026-10-08 17:22:58.025 | DEBUG    | src.moex_loader:_fetch_page:48 - Запрос: https://iss.moex.com/iss/engines/stock/markets/shares/boards/TQBR/securities/HNFG/candles.json?from=2026-10-08&till=2026-10-08&interval=24&iss.meta=off&start=0
2026-10-08 17:22:58.825 | DEBUG    | src.moex_loader:_fetch_page:48 - Запрос: https://iss.moex.com/iss/engines/stock/markets/shares/boards/TQBR/securities/HNFG/candles.json?from=2026-10-08&till=2026-10-08&interval=24&iss.meta=off&start=0
2026-10-08 17:22:59.068 | INFO     | src.database:insert_raw_candles:110 - Вставлено 1 записей в raw_candles
2026-10-08 17:22:59.068 | INFO     | src.database:upsert_meta:149 - Мета-информация обновлена для HNFG
2026-10-08 17:22:59.068 | INFO     | src.moex_loader:load_asset:216 - Загружено 1 свечей для HNFG (stock)
2026-10-08 17:22:59.069 | DEBUG    | src.moex_loader:_fetch_page:48 - Запрос: https://iss.moex.com/iss/engines/stock/markets/shares/boards/TQBR/securities/HYDR/candles.json?from=2026-10-08&till=2026-10-08&interval=24&iss.meta=off&start=0
2026-10-08 17:22:59.875 | DEBUG    | src.moex_loader:_fetch_page:48 - Запрос: https://iss.moex.com/iss/engines/stock/markets/shares/boards/TQBR/securities/HYDR/candles.json?from=2026-10-08&till=2026-10-08&interval=24&iss.meta=off&start=0
2026-10-08 17:23:00.089 | INFO     | src.database:insert_raw_candles:110 - Вставлено 1 записей в raw_candles
2026-10-08 17:23:00.089 | INFO     | src.database:upsert_meta:149 - Мета-информация обновлена для HYDR
2026-10-08 17:23:00.090 | INFO     | src.moex_loader:load_asset:216 - Загружено 1 свечей для HYDR (stock)
2026-10-08 17:23:00.090 | DEBUG    | src.moex_loader:_fetch_page:48 - Запрос: https://iss.moex.com/iss/engines/stock/markets/shares/boards/TQBR/securities/IGST/candles.json?from=2026-10-08&till=2026-10-08&interval=24&iss.meta=off&start=0
2026-10-08 17:23:01.074 | DEBUG    | src.moex_loader:_fetch_page:48 - Запрос: https://iss.moex.com/iss/engines/stock/markets/shares/boards/TQBR/securities/IGST/candles.json?from=2026-10-08&till=2026-10-08&interval=24&iss.meta=off&start=0
2026-10-08 17:23:01.280 | INFO     | src.database:insert_raw_candles:110 - Вставлено 1 записей в raw_candles
2026-10-08 17:23:01.280 | INFO     | src.database:upsert_meta:149 - Мета-информация обновлена для IGST
2026-10-08 17:23:01.280 | INFO     | src.moex_loader:load_asset:216 - Загружено 1 свечей для IGST (stock)
2026-10-08 17:23:01.281 | DEBUG    | src.moex_loader:_fetch_page:48 - Запрос: https://iss.moex.com/iss/engines/stock/markets/shares/boards/TQBR/securities/IGSTP/candles.json?from=2026-10-08&till=2026-10-08&interval=24&iss.meta=off&start=0
2026-10-08 17:23:02.069 | DEBUG    | src.moex_loader:_fetch_page:48 - Запрос: https://iss.moex.com/iss/engines/stock/markets/shares/boards/TQBR/securities/IGSTP/candles.json?from=2026-10-08&till=2026-10-08&interval=24&iss.meta=off&start=0
2026-10-08 17:23:02.274 | INFO     | src.database:insert_raw_candles:110 - Вставлено 1 записей в raw_candles
2026-10-08 17:23:02.274 | INFO     | src.database:upsert_meta:149 - Мета-информация обновлена для IGSTP
2026-10-08 17:23:02.275 | INFO     | src.moex_loader:load_asset:216 - Загружено 1 свечей для IGSTP (stock)
2026-10-08 17:23:02.275 | DEBUG    | src.moex_loader:_fetch_page:48 - Запрос: https://iss.moex.com/iss/engines/stock/markets/shares/boards/TQBR/securities/INCB/candles.json?from=2026-10-08&till=2026-10-08&interval=24&iss.meta=off&start=0
2026-10-08 17:23:03.038 | DEBUG    | src.moex_loader:_fetch_page:48 - Запрос: https://iss.moex.com/iss/engines/stock/markets/shares/boards/TQBR/securities/INCB/candles.json?from=2026-10-08&till=2026-10-08&interval=24&iss.meta=off&start=0
2026-10-08 17:23:03.235 | INFO     | src.database:insert_raw_candles:110 - Вставлено 1 записей в raw_candles
2026-10-08 17:23:03.236 | INFO     | src.database:upsert_meta:149 - Мета-информация обновлена для INCB
2026-10-08 17:23:03.236 | INFO     | src.moex_loader:load_asset:216 - Загружено 1 свечей для INCB (stock)
2026-10-08 17:23:03.236 | DEBUG    | src.moex_loader:_fetch_page:48 - Запрос: https://iss.moex.com/iss/engines/stock/markets/shares/boards/TQBR/securities/IRAO/candles.json?from=2026-10-08&till=2026-10-08&interval=24&iss.meta=off&start=0
2026-10-08 17:23:04.264 | DEBUG    | src.moex_loader:_fetch_page:48 - Запрос: https://iss.moex.com/iss/engines/stock/markets/shares/boards/TQBR/securities/IRAO/candles.json?from=2026-10-08&till=2026-10-08&interval=24&iss.meta=off&start=0
2026-10-08 17:23:04.476 | INFO     | src.database:insert_raw_candles:110 - Вставлено 1 записей в raw_candles
2026-10-08 17:23:04.477 | INFO     | src.database:upsert_meta:149 - Мета-информация обновлена для IRAO
2026-10-08 17:23:04.477 | INFO     | src.moex_loader:load_asset:216 - Загружено 1 свечей для IRAO (stock)
2026-10-08 17:23:04.477 | DEBUG    | src.moex_loader:_fetch_page:48 - Запрос: https://iss.moex.com/iss/engines/stock/markets/shares/boards/TQBR/securities/IRKT/candles.json?from=2026-10-08&till=2026-10-08&interval=24&iss.meta=off&start=0
2026-10-08 17:23:05.277 | DEBUG    | src.moex_loader:_fetch_page:48 - Запрос: https://iss.moex.com/iss/engines/stock/markets/shares/boards/TQBR/securities/IRKT/candles.json?from=2026-10-08&till=2026-10-08&interval=24&iss.meta=off&start=0
2026-10-08 17:23:05.483 | INFO     | src.database:insert_raw_candles:110 - Вставлено 1 записей в raw_candles
2026-10-08 17:23:05.484 | INFO     | src.database:upsert_meta:149 - Мета-информация обновлена для IRKT
2026-10-08 17:23:05.484 | INFO     | src.moex_loader:load_asset:216 - Загружено 1 свечей для IRKT (stock)
2026-10-08 17:23:05.484 | DEBUG    | src.moex_loader:_fetch_page:48 - Запрос: https://iss.moex.com/iss/engines/stock/markets/shares/boards/TQBR/securities/IVAT/candles.json?from=2026-10-08&till=2026-10-08&interval=24&iss.meta=off&start=0
2026-10-08 17:23:06.270 | DEBUG    | src.moex_loader:_fetch_page:48 - Запрос: https://iss.moex.com/iss/engines/stock/markets/shares/boards/TQBR/securities/IVAT/candles.json?from=2026-10-08&till=2026-10-08&interval=24&iss.meta=off&start=0
2026-10-08 17:23:06.470 | INFO     | src.database:insert_raw_candles:110 - Вставлено 1 записей в raw_candles
2026-10-08 17:23:06.471 | INFO     | src.database:upsert_meta:149 - Мета-информация обновлена для IVAT
2026-10-08 17:23:06.471 | INFO     | src.moex_loader:load_asset:216 - Загружено 1 свечей для IVAT (stock)
2026-10-08 17:23:06.472 | DEBUG    | src.moex_loader:_fetch_page:48 - Запрос: https://iss.moex.com/iss/engines/stock/markets/shares/boards/TQBR/securities/JNOS/candles.json?from=2026-10-08&till=2026-10-08&interval=24&iss.meta=off&start=0
2026-10-08 17:23:07.410 | DEBUG    | src.moex_loader:_fetch_page:48 - Запрос: https://iss.moex.com/iss/engines/stock/markets/shares/boards/TQBR/securities/JNOS/candles.json?from=2026-10-08&till=2026-10-08&interval=24&iss.meta=off&start=0
2026-10-08 17:23:07.619 | INFO     | src.database:insert_raw_candles:110 - Вставлено 1 записей в raw_candles
2026-10-08 17:23:07.619 | INFO     | src.database:upsert_meta:149 - Мета-информация обновлена для JNOS
2026-10-08 17:23:07.619 | INFO     | src.moex_loader:load_asset:216 - Загружено 1 свечей для JNOS (stock)
2026-10-08 17:23:07.620 | DEBUG    | src.moex_loader:_fetch_page:48 - Запрос: https://iss.moex.com/iss/engines/stock/markets/shares/boards/TQBR/securities/JNOSP/candles.json?from=2026-10-08&till=2026-10-08&interval=24&iss.meta=off&start=0
2026-10-08 17:23:08.424 | DEBUG    | src.moex_loader:_fetch_page:48 - Запрос: https://iss.moex.com/iss/engines/stock/markets/shares/boards/TQBR/securities/JNOSP/candles.json?from=2026-10-08&till=2026-10-08&interval=24&iss.meta=off&start=0
2026-10-08 17:23:08.893 | INFO     | src.database:insert_raw_candles:110 - Вставлено 1 записей в raw_candles
2026-10-08 17:23:08.894 | INFO     | src.database:upsert_meta:149 - Мета-информация обновлена для JNOSP
2026-10-08 17:23:08.894 | INFO     | src.moex_loader:load_asset:216 - Загружено 1 свечей для JNOSP (stock)
2026-10-08 17:23:08.895 | DEBUG    | src.moex_loader:_fetch_page:48 - Запрос: https://iss.moex.com/iss/engines/stock/markets/shares/boards/TQBR/securities/KAZT/candles.json?from=2026-10-08&till=2026-10-08&interval=24&iss.meta=off&start=0
2026-10-08 17:23:09.696 | DEBUG    | src.moex_loader:_fetch_page:48 - Запрос: https://iss.moex.com/iss/engines/stock/markets/shares/boards/TQBR/securities/KAZT/candles.json?from=2026-10-08&till=2026-10-08&interval=24&iss.meta=off&start=0
2026-10-08 17:23:09.948 | INFO     | src.database:insert_raw_candles:110 - Вставлено 1 записей в raw_candles
2026-10-08 17:23:09.948 | INFO     | src.database:upsert_meta:149 - Мета-информация обновлена для KAZT
2026-10-08 17:23:09.948 | INFO     | src.moex_loader:load_asset:216 - Загружено 1 свечей для KAZT (stock)
2026-10-08 17:23:09.949 | DEBUG    | src.moex_loader:_fetch_page:48 - Запрос: https://iss.moex.com/iss/engines/stock/markets/shares/boards/TQBR/securities/KAZTP/candles.json?from=2026-10-08&till=2026-10-08&interval=24&iss.meta=off&start=0
2026-10-08 17:23:10.761 | DEBUG    | src.moex_loader:_fetch_page:48 - Запрос: https://iss.moex.com/iss/engines/stock/markets/shares/boards/TQBR/securities/KAZTP/candles.json?from=2026-10-08&till=2026-10-08&interval=24&iss.meta=off&start=0
2026-10-08 17:23:10.974 | INFO     | src.database:insert_raw_candles:110 - Вставлено 1 записей в raw_candles
2026-10-08 17:23:10.974 | INFO     | src.database:upsert_meta:149 - Мета-информация обновлена для KAZTP
2026-10-08 17:23:10.974 | INFO     | src.moex_loader:load_asset:216 - Загружено 1 свечей для KAZTP (stock)
2026-10-08 17:23:10.975 | DEBUG    | src.moex_loader:_fetch_page:48 - Запрос: https://iss.moex.com/iss/engines/stock/markets/shares/boards/TQBR/securities/KBSB/candles.json?from=2026-10-08&till=2026-10-08&interval=24&iss.meta=off&start=0
2026-10-08 17:23:11.771 | DEBUG    | src.moex_loader:_fetch_page:48 - Запрос: https://iss.moex.com/iss/engines/stock/markets/shares/boards/TQBR/securities/KBSB/candles.json?from=2026-10-08&till=2026-10-08&interval=24&iss.meta=off&start=0
2026-10-08 17:23:11.990 | INFO     | src.database:insert_raw_candles:110 - Вставлено 1 записей в raw_candles
2026-10-08 17:23:11.991 | INFO     | src.database:upsert_meta:149 - Мета-информация обновлена для KBSB
2026-10-08 17:23:11.991 | INFO     | src.moex_loader:load_asset:216 - Загружено 1 свечей для KBSB (stock)
2026-10-08 17:23:11.991 | DEBUG    | src.moex_loader:_fetch_page:48 - Запрос: https://iss.moex.com/iss/engines/stock/markets/shares/boards/TQBR/securities/KCHE/candles.json?from=2026-10-08&till=2026-10-08&interval=24&iss.meta=off&start=0
2026-10-08 17:23:12.833 | DEBUG    | src.moex_loader:_fetch_page:48 - Запрос: https://iss.moex.com/iss/engines/stock/markets/shares/boards/TQBR/securities/KCHE/candles.json?from=2026-10-08&till=2026-10-08&interval=24&iss.meta=off&start=0
2026-10-08 17:23:13.036 | INFO     | src.database:insert_raw_candles:110 - Вставлено 1 записей в raw_candles
2026-10-08 17:23:13.037 | INFO     | src.database:upsert_meta:149 - Мета-информация обновлена для KCHE
2026-10-08 17:23:13.037 | INFO     | src.moex_loader:load_asset:216 - Загружено 1 свечей для KCHE (stock)
2026-10-08 17:23:13.037 | DEBUG    | src.moex_loader:_fetch_page:48 - Запрос: https://iss.moex.com/iss/engines/stock/markets/shares/boards/TQBR/securities/KCHEP/candles.json?from=2026-10-08&till=2026-10-08&interval=24&iss.meta=off&start=0
2026-10-08 17:23:14.150 | DEBUG    | src.moex_loader:_fetch_page:48 - Запрос: https://iss.moex.com/iss/engines/stock/markets/shares/boards/TQBR/securities/KCHEP/candles.json?from=2026-10-08&till=2026-10-08&interval=24&iss.meta=off&start=0
2026-10-08 17:23:14.351 | INFO     | src.database:insert_raw_candles:110 - Вставлено 1 записей в raw_candles
2026-10-08 17:23:14.352 | INFO     | src.database:upsert_meta:149 - Мета-информация обновлена для KCHEP
2026-10-08 17:23:14.352 | INFO     | src.moex_loader:load_asset:216 - Загружено 1 свечей для KCHEP (stock)
2026-10-08 17:23:14.353 | DEBUG    | src.moex_loader:_fetch_page:48 - Запрос: https://iss.moex.com/iss/engines/stock/markets/shares/boards/TQBR/securities/KFBA/candles.json?from=2026-10-08&till=2026-10-08&interval=24&iss.meta=off&start=0
2026-10-08 17:23:15.367 | DEBUG    | src.moex_loader:_fetch_page:48 - Запрос: https://iss.moex.com/iss/engines/stock/markets/shares/boards/TQBR/securities/KFBA/candles.json?from=2026-10-08&till=2026-10-08&interval=24&iss.meta=off&start=0
2026-10-08 17:23:15.574 | INFO     | src.database:insert_raw_candles:110 - Вставлено 1 записей в raw_candles
2026-10-08 17:23:15.574 | INFO     | src.database:upsert_meta:149 - Мета-информация обновлена для KFBA
2026-10-08 17:23:15.574 | INFO     | src.moex_loader:load_asset:216 - Загружено 1 свечей для KFBA (stock)
2026-10-08 17:23:15.575 | DEBUG    | src.moex_loader:_fetch_page:48 - Запрос: https://iss.moex.com/iss/engines/stock/markets/shares/boards/TQBR/securities/KGKC/candles.json?from=2026-10-08&till=2026-10-08&interval=24&iss.meta=off&start=0
2026-10-08 17:23:16.339 | DEBUG    | src.moex_loader:_fetch_page:48 - Запрос: https://iss.moex.com/iss/engines/stock/markets/shares/boards/TQBR/securities/KGKC/candles.json?from=2026-10-08&till=2026-10-08&interval=24&iss.meta=off&start=0
2026-10-08 17:23:16.549 | INFO     | src.database:insert_raw_candles:110 - Вставлено 1 записей в raw_candles
2026-10-08 17:23:16.549 | INFO     | src.database:upsert_meta:149 - Мета-информация обновлена для KGKC
2026-10-08 17:23:16.549 | INFO     | src.moex_loader:load_asset:216 - Загружено 1 свечей для KGKC (stock)
2026-10-08 17:23:16.550 | DEBUG    | src.moex_loader:_fetch_page:48 - Запрос: https://iss.moex.com/iss/engines/stock/markets/shares/boards/TQBR/securities/KGKCP/candles.json?from=2026-10-08&till=2026-10-08&interval=24&iss.meta=off&start=0
2026-10-08 17:23:18.334 | DEBUG    | src.moex_loader:_fetch_page:48 - Запрос: https://iss.moex.com/iss/engines/stock/markets/shares/boards/TQBR/securities/KGKCP/candles.json?from=2026-10-08&till=2026-10-08&interval=24&iss.meta=off&start=0
2026-10-08 17:23:18.530 | INFO     | src.database:insert_raw_candles:110 - Вставлено 1 записей в raw_candles
2026-10-08 17:23:18.531 | INFO     | src.database:upsert_meta:149 - Мета-информация обновлена для KGKCP
2026-10-08 17:23:18.531 | INFO     | src.moex_loader:load_asset:216 - Загружено 1 свечей для KGKCP (stock)
2026-10-08 17:23:18.531 | DEBUG    | src.moex_loader:_fetch_page:48 - Запрос: https://iss.moex.com/iss/engines/stock/markets/shares/boards/TQBR/securities/KLSB/candles.json?from=2026-10-08&till=2026-10-08&interval=24&iss.meta=off&start=0
2026-10-08 17:23:19.329 | DEBUG    | src.moex_loader:_fetch_page:48 - Запрос: https://iss.moex.com/iss/engines/stock/markets/shares/boards/TQBR/securities/KLSB/candles.json?from=2026-10-08&till=2026-10-08&interval=24&iss.meta=off&start=0
2026-10-08 17:23:19.547 | INFO     | src.database:insert_raw_candles:110 - Вставлено 1 записей в raw_candles
2026-10-08 17:23:19.548 | INFO     | src.database:upsert_meta:149 - Мета-информация обновлена для KLSB
2026-10-08 17:23:19.548 | INFO     | src.moex_loader:load_asset:216 - Загружено 1 свечей для KLSB (stock)
2026-10-08 17:23:19.549 | DEBUG    | src.moex_loader:_fetch_page:48 - Запрос: https://iss.moex.com/iss/engines/stock/markets/shares/boards/TQBR/securities/KLVZ/candles.json?from=2026-10-08&till=2026-10-08&interval=24&iss.meta=off&start=0
2026-10-08 17:23:20.340 | DEBUG    | src.moex_loader:_fetch_page:48 - Запрос: https://iss.moex.com/iss/engines/stock/markets/shares/boards/TQBR/securities/KLVZ/candles.json?from=2026-10-08&till=2026-10-08&interval=24&iss.meta=off&start=0
2026-10-08 17:23:20.587 | INFO     | src.database:insert_raw_candles:110 - Вставлено 1 записей в raw_candles
2026-10-08 17:23:20.587 | INFO     | src.database:upsert_meta:149 - Мета-информация обновлена для KLVZ
2026-10-08 17:23:20.587 | INFO     | src.moex_loader:load_asset:216 - Загружено 1 свечей для KLVZ (stock)
2026-10-08 17:23:20.588 | DEBUG    | src.moex_loader:_fetch_page:48 - Запрос: https://iss.moex.com/iss/engines/stock/markets/shares/boards/TQBR/securities/KMAZ/candles.json?from=2026-10-08&till=2026-10-08&interval=24&iss.meta=off&start=0
2026-10-08 17:23:21.772 | DEBUG    | src.moex_loader:_fetch_page:48 - Запрос: https://iss.moex.com/iss/engines/stock/markets/shares/boards/TQBR/securities/KMAZ/candles.json?from=2026-10-08&till=2026-10-08&interval=24&iss.meta=off&start=0
2026-10-08 17:23:21.980 | INFO     | src.database:insert_raw_candles:110 - Вставлено 1 записей в raw_candles
2026-10-08 17:23:21.980 | INFO     | src.database:upsert_meta:149 - Мета-информация обновлена для KMAZ
2026-10-08 17:23:21.981 | INFO     | src.moex_loader:load_asset:216 - Загружено 1 свечей для KMAZ (stock)
2026-10-08 17:23:21.981 | DEBUG    | src.moex_loader:_fetch_page:48 - Запрос: https://iss.moex.com/iss/engines/stock/markets/shares/boards/TQBR/securities/KMEZ/candles.json?from=2026-10-08&till=2026-10-08&interval=24&iss.meta=off&start=0
2026-10-08 17:23:23.011 | DEBUG    | src.moex_loader:_fetch_page:48 - Запрос: https://iss.moex.com/iss/engines/stock/markets/shares/boards/TQBR/securities/KMEZ/candles.json?from=2026-10-08&till=2026-10-08&interval=24&iss.meta=off&start=0
2026-10-08 17:23:23.222 | INFO     | src.database:insert_raw_candles:110 - Вставлено 1 записей в raw_candles
2026-10-08 17:23:23.222 | INFO     | src.database:upsert_meta:149 - Мета-информация обновлена для KMEZ
2026-10-08 17:23:23.222 | INFO     | src.moex_loader:load_asset:216 - Загружено 1 свечей для KMEZ (stock)
2026-10-08 17:23:23.223 | DEBUG    | src.moex_loader:_fetch_page:48 - Запрос: https://iss.moex.com/iss/engines/stock/markets/shares/boards/TQBR/securities/KOGK/candles.json?from=2026-10-08&till=2026-10-08&interval=24&iss.meta=off&start=0
2026-10-08 17:23:24.003 | DEBUG    | src.moex_loader:_fetch_page:48 - Запрос: https://iss.moex.com/iss/engines/stock/markets/shares/boards/TQBR/securities/KOGK/candles.json?from=2026-10-08&till=2026-10-08&interval=24&iss.meta=off&start=0
2026-10-08 17:23:24.223 | INFO     | src.database:insert_raw_candles:110 - Вставлено 1 записей в raw_candles
2026-10-08 17:23:24.224 | INFO     | src.database:upsert_meta:149 - Мета-информация обновлена для KOGK
2026-10-08 17:23:24.224 | INFO     | src.moex_loader:load_asset:216 - Загружено 1 свечей для KOGK (stock)
2026-10-08 17:23:24.224 | DEBUG    | src.moex_loader:_fetch_page:48 - Запрос: https://iss.moex.com/iss/engines/stock/markets/shares/boards/TQBR/securities/KRKN/candles.json?from=2026-10-08&till=2026-10-08&interval=24&iss.meta=off&start=0
2026-10-08 17:23:25.097 | DEBUG    | src.moex_loader:_fetch_page:48 - Запрос: https://iss.moex.com/iss/engines/stock/markets/shares/boards/TQBR/securities/KRKN/candles.json?from=2026-10-08&till=2026-10-08&interval=24&iss.meta=off&start=0
2026-10-08 17:23:25.316 | INFO     | src.database:insert_raw_candles:110 - Вставлено 1 записей в raw_candles
2026-10-08 17:23:25.317 | INFO     | src.database:upsert_meta:149 - Мета-информация обновлена для KRKN
2026-10-08 17:23:25.317 | INFO     | src.moex_loader:load_asset:216 - Загружено 1 свечей для KRKN (stock)
2026-10-08 17:23:25.318 | DEBUG    | src.moex_loader:_fetch_page:48 - Запрос: https://iss.moex.com/iss/engines/stock/markets/shares/boards/TQBR/securities/KRKNP/candles.json?from=2026-10-08&till=2026-10-08&interval=24&iss.meta=off&start=0
2026-10-08 17:23:26.347 | DEBUG    | src.moex_loader:_fetch_page:48 - Запрос: https://iss.moex.com/iss/engines/stock/markets/shares/boards/TQBR/securities/KRKNP/candles.json?from=2026-10-08&till=2026-10-08&interval=24&iss.meta=off&start=0
2026-10-08 17:23:27.019 | INFO     | src.database:insert_raw_candles:110 - Вставлено 1 записей в raw_candles
2026-10-08 17:23:27.019 | INFO     | src.database:upsert_meta:149 - Мета-информация обновлена для KRKNP
2026-10-08 17:23:27.019 | INFO     | src.moex_loader:load_asset:216 - Загружено 1 свечей для KRKNP (stock)
2026-10-08 17:23:27.020 | DEBUG    | src.moex_loader:_fetch_page:48 - Запрос: https://iss.moex.com/iss/engines/stock/markets/shares/boards/TQBR/securities/KRKOP/candles.json?from=2026-10-08&till=2026-10-08&interval=24&iss.meta=off&start=0
2026-10-08 17:23:27.818 | DEBUG    | src.moex_loader:_fetch_page:48 - Запрос: https://iss.moex.com/iss/engines/stock/markets/shares/boards/TQBR/securities/KRKOP/candles.json?from=2026-10-08&till=2026-10-08&interval=24&iss.meta=off&start=0
2026-10-08 17:23:28.024 | INFO     | src.database:insert_raw_candles:110 - Вставлено 1 записей в raw_candles
2026-10-08 17:23:28.025 | INFO     | src.database:upsert_meta:149 - Мета-информация обновлена для KRKOP
2026-10-08 17:23:28.025 | INFO     | src.moex_loader:load_asset:216 - Загружено 1 свечей для KRKOP (stock)
2026-10-08 17:23:28.025 | DEBUG    | src.moex_loader:_fetch_page:48 - Запрос: https://iss.moex.com/iss/engines/stock/markets/shares/boards/TQBR/securities/KROT/candles.json?from=2026-10-08&till=2026-10-08&interval=24&iss.meta=off&start=0
2026-10-08 17:23:29.140 | DEBUG    | src.moex_loader:_fetch_page:48 - Запрос: https://iss.moex.com/iss/engines/stock/markets/shares/boards/TQBR/securities/KROT/candles.json?from=2026-10-08&till=2026-10-08&interval=24&iss.meta=off&start=0
2026-10-08 17:23:29.683 | INFO     | src.database:insert_raw_candles:110 - Вставлено 1 записей в raw_candles
2026-10-08 17:23:29.684 | INFO     | src.database:upsert_meta:149 - Мета-информация обновлена для KROT
2026-10-08 17:23:29.684 | INFO     | src.moex_loader:load_asset:216 - Загружено 1 свечей для KROT (stock)
2026-10-08 17:23:29.684 | DEBUG    | src.moex_loader:_fetch_page:48 - Запрос: https://iss.moex.com/iss/engines/stock/markets/shares/boards/TQBR/securities/KROTP/candles.json?from=2026-10-08&till=2026-10-08&interval=24&iss.meta=off&start=0
2026-10-08 17:23:30.592 | DEBUG    | src.moex_loader:_fetch_page:48 - Запрос: https://iss.moex.com/iss/engines/stock/markets/shares/boards/TQBR/securities/KROTP/candles.json?from=2026-10-08&till=2026-10-08&interval=24&iss.meta=off&start=0
2026-10-08 17:23:30.872 | INFO     | src.database:insert_raw_candles:110 - Вставлено 1 записей в raw_candles
2026-10-08 17:23:30.873 | INFO     | src.database:upsert_meta:149 - Мета-информация обновлена для KROTP
2026-10-08 17:23:30.873 | INFO     | src.moex_loader:load_asset:216 - Загружено 1 свечей для KROTP (stock)
2026-10-08 17:23:30.873 | DEBUG    | src.moex_loader:_fetch_page:48 - Запрос: https://iss.moex.com/iss/engines/stock/markets/shares/boards/TQBR/securities/KRSB/candles.json?from=2026-10-08&till=2026-10-08&interval=24&iss.meta=off&start=0
2026-10-08 17:23:31.670 | DEBUG    | src.moex_loader:_fetch_page:48 - Запрос: https://iss.moex.com/iss/engines/stock/markets/shares/boards/TQBR/securities/KRSB/candles.json?from=2026-10-08&till=2026-10-08&interval=24&iss.meta=off&start=0
2026-10-08 17:23:31.876 | INFO     | src.database:insert_raw_candles:110 - Вставлено 1 записей в raw_candles
2026-10-08 17:23:31.876 | INFO     | src.database:upsert_meta:149 - Мета-информация обновлена для KRSB
2026-10-08 17:23:31.876 | INFO     | src.moex_loader:load_asset:216 - Загружено 1 свечей для KRSB (stock)
2026-10-08 17:23:31.877 | DEBUG    | src.moex_loader:_fetch_page:48 - Запрос: https://iss.moex.com/iss/engines/stock/markets/shares/boards/TQBR/securities/KRSBP/candles.json?from=2026-10-08&till=2026-10-08&interval=24&iss.meta=off&start=0
2026-10-08 17:23:32.675 | DEBUG    | src.moex_loader:_fetch_page:48 - Запрос: https://iss.moex.com/iss/engines/stock/markets/shares/boards/TQBR/securities/KRSBP/candles.json?from=2026-10-08&till=2026-10-08&interval=24&iss.meta=off&start=0
2026-10-08 17:23:32.882 | INFO     | src.database:insert_raw_candles:110 - Вставлено 1 записей в raw_candles
2026-10-08 17:23:32.883 | INFO     | src.database:upsert_meta:149 - Мета-информация обновлена для KRSBP
2026-10-08 17:23:32.883 | INFO     | src.moex_loader:load_asset:216 - Загружено 1 свечей для KRSBP (stock)
2026-10-08 17:23:32.883 | DEBUG    | src.moex_loader:_fetch_page:48 - Запрос: https://iss.moex.com/iss/engines/stock/markets/shares/boards/TQBR/securities/KUZB/candles.json?from=2026-10-08&till=2026-10-08&interval=24&iss.meta=off&start=0
2026-10-08 17:23:33.689 | DEBUG    | src.moex_loader:_fetch_page:48 - Запрос: https://iss.moex.com/iss/engines/stock/markets/shares/boards/TQBR/securities/KUZB/candles.json?from=2026-10-08&till=2026-10-08&interval=24&iss.meta=off&start=0
2026-10-08 17:23:33.996 | INFO     | src.database:insert_raw_candles:110 - Вставлено 1 записей в raw_candles
2026-10-08 17:23:33.996 | INFO     | src.database:upsert_meta:149 - Мета-информация обновлена для KUZB
2026-10-08 17:23:33.996 | INFO     | src.moex_loader:load_asset:216 - Загружено 1 свечей для KUZB (stock)
2026-10-08 17:23:33.997 | DEBUG    | src.moex_loader:_fetch_page:48 - Запрос: https://iss.moex.com/iss/engines/stock/markets/shares/boards/TQBR/securities/KZOS/candles.json?from=2026-10-08&till=2026-10-08&interval=24&iss.meta=off&start=0
2026-10-08 17:23:35.008 | DEBUG    | src.moex_loader:_fetch_page:48 - Запрос: https://iss.moex.com/iss/engines/stock/markets/shares/boards/TQBR/securities/KZOS/candles.json?from=2026-10-08&till=2026-10-08&interval=24&iss.meta=off&start=0
2026-10-08 17:23:35.242 | INFO     | src.database:insert_raw_candles:110 - Вставлено 1 записей в raw_candles
2026-10-08 17:23:35.243 | INFO     | src.database:upsert_meta:149 - Мета-информация обновлена для KZOS
2026-10-08 17:23:35.243 | INFO     | src.moex_loader:load_asset:216 - Загружено 1 свечей для KZOS (stock)
2026-10-08 17:23:35.243 | DEBUG    | src.moex_loader:_fetch_page:48 - Запрос: https://iss.moex.com/iss/engines/stock/markets/shares/boards/TQBR/securities/KZOSP/candles.json?from=2026-10-08&till=2026-10-08&interval=24&iss.meta=off&start=0
2026-10-08 17:23:36.470 | DEBUG    | src.moex_loader:_fetch_page:48 - Запрос: https://iss.moex.com/iss/engines/stock/markets/shares/boards/TQBR/securities/KZOSP/candles.json?from=2026-10-08&till=2026-10-08&interval=24&iss.meta=off&start=0
2026-10-08 17:23:36.669 | INFO     | src.database:insert_raw_candles:110 - Вставлено 1 записей в raw_candles
2026-10-08 17:23:36.670 | INFO     | src.database:upsert_meta:149 - Мета-информация обновлена для KZOSP
2026-10-08 17:23:36.670 | INFO     | src.moex_loader:load_asset:216 - Загружено 1 свечей для KZOSP (stock)
2026-10-08 17:23:36.670 | DEBUG    | src.moex_loader:_fetch_page:48 - Запрос: https://iss.moex.com/iss/engines/stock/markets/shares/boards/TQBR/securities/LEAS/candles.json?from=2026-10-08&till=2026-10-08&interval=24&iss.meta=off&start=0
2026-10-08 17:23:37.468 | DEBUG    | src.moex_loader:_fetch_page:48 - Запрос: https://iss.moex.com/iss/engines/stock/markets/shares/boards/TQBR/securities/LEAS/candles.json?from=2026-10-08&till=2026-10-08&interval=24&iss.meta=off&start=0
2026-10-08 17:23:37.718 | INFO     | src.database:insert_raw_candles:110 - Вставлено 1 записей в raw_candles
2026-10-08 17:23:37.719 | INFO     | src.database:upsert_meta:149 - Мета-информация обновлена для LEAS
2026-10-08 17:23:37.719 | INFO     | src.moex_loader:load_asset:216 - Загружено 1 свечей для LEAS (stock)
2026-10-08 17:23:37.720 | DEBUG    | src.moex_loader:_fetch_page:48 - Запрос: https://iss.moex.com/iss/engines/stock/markets/shares/boards/TQBR/securities/LENT/candles.json?from=2026-10-08&till=2026-10-08&interval=24&iss.meta=off&start=0
2026-10-08 17:23:38.615 | DEBUG    | src.moex_loader:_fetch_page:48 - Запрос: https://iss.moex.com/iss/engines/stock/markets/shares/boards/TQBR/securities/LENT/candles.json?from=2026-10-08&till=2026-10-08&interval=24&iss.meta=off&start=0
2026-10-08 17:23:38.887 | INFO     | src.database:insert_raw_candles:110 - Вставлено 1 записей в raw_candles
2026-10-08 17:23:38.888 | INFO     | src.database:upsert_meta:149 - Мета-информация обновлена для LENT
2026-10-08 17:23:38.888 | INFO     | src.moex_loader:load_asset:216 - Загружено 1 свечей для LENT (stock)
2026-10-08 17:23:38.889 | DEBUG    | src.moex_loader:_fetch_page:48 - Запрос: https://iss.moex.com/iss/engines/stock/markets/shares/boards/TQBR/securities/LIFE/candles.json?from=2026-10-08&till=2026-10-08&interval=24&iss.meta=off&start=0
2026-10-08 17:23:39.678 | DEBUG    | src.moex_loader:_fetch_page:48 - Запрос: https://iss.moex.com/iss/engines/stock/markets/shares/boards/TQBR/securities/LIFE/candles.json?from=2026-10-08&till=2026-10-08&interval=24&iss.meta=off&start=0
2026-10-08 17:23:39.882 | INFO     | src.database:insert_raw_candles:110 - Вставлено 1 записей в raw_candles
2026-10-08 17:23:39.882 | INFO     | src.database:upsert_meta:149 - Мета-информация обновлена для LIFE
2026-10-08 17:23:39.883 | INFO     | src.moex_loader:load_asset:216 - Загружено 1 свечей для LIFE (stock)
2026-10-08 17:23:39.883 | DEBUG    | src.moex_loader:_fetch_page:48 - Запрос: https://iss.moex.com/iss/engines/stock/markets/shares/boards/TQBR/securities/LKOH/candles.json?from=2026-10-08&till=2026-10-08&interval=24&iss.meta=off&start=0
2026-10-08 17:23:40.673 | DEBUG    | src.moex_loader:_fetch_page:48 - Запрос: https://iss.moex.com/iss/engines/stock/markets/shares/boards/TQBR/securities/LKOH/candles.json?from=2026-10-08&till=2026-10-08&interval=24&iss.meta=off&start=0
2026-10-08 17:23:40.971 | INFO     | src.database:insert_raw_candles:110 - Вставлено 1 записей в raw_candles
2026-10-08 17:23:40.972 | INFO     | src.database:upsert_meta:149 - Мета-информация обновлена для LKOH
2026-10-08 17:23:40.972 | INFO     | src.moex_loader:load_asset:216 - Загружено 1 свечей для LKOH (stock)
2026-10-08 17:23:40.973 | DEBUG    | src.moex_loader:_fetch_page:48 - Запрос: https://iss.moex.com/iss/engines/stock/markets/shares/boards/TQBR/securities/LMBZ/candles.json?from=2026-10-08&till=2026-10-08&interval=24&iss.meta=off&start=0
2026-10-08 17:23:41.746 | DEBUG    | src.moex_loader:_fetch_page:48 - Запрос: https://iss.moex.com/iss/engines/stock/markets/shares/boards/TQBR/securities/LMBZ/candles.json?from=2026-10-08&till=2026-10-08&interval=24&iss.meta=off&start=0
2026-10-08 17:23:41.945 | INFO     | src.database:insert_raw_candles:110 - Вставлено 1 записей в raw_candles
2026-10-08 17:23:41.945 | INFO     | src.database:upsert_meta:149 - Мета-информация обновлена для LMBZ
2026-10-08 17:23:41.945 | INFO     | src.moex_loader:load_asset:216 - Загружено 1 свечей для LMBZ (stock)
2026-10-08 17:23:41.946 | DEBUG    | src.moex_loader:_fetch_page:48 - Запрос: https://iss.moex.com/iss/engines/stock/markets/shares/boards/TQBR/securities/LPSB/candles.json?from=2026-10-08&till=2026-10-08&interval=24&iss.meta=off&start=0
2026-10-08 17:23:42.782 | DEBUG    | src.moex_loader:_fetch_page:48 - Запрос: https://iss.moex.com/iss/engines/stock/markets/shares/boards/TQBR/securities/LPSB/candles.json?from=2026-10-08&till=2026-10-08&interval=24&iss.meta=off&start=0
2026-10-08 17:23:43.015 | INFO     | src.database:insert_raw_candles:110 - Вставлено 1 записей в raw_candles
2026-10-08 17:23:43.016 | INFO     | src.database:upsert_meta:149 - Мета-информация обновлена для LPSB
2026-10-08 17:23:43.016 | INFO     | src.moex_loader:load_asset:216 - Загружено 1 свечей для LPSB (stock)
2026-10-08 17:23:43.016 | DEBUG    | src.moex_loader:_fetch_page:48 - Запрос: https://iss.moex.com/iss/engines/stock/markets/shares/boards/TQBR/securities/LSNG/candles.json?from=2026-10-08&till=2026-10-08&interval=24&iss.meta=off&start=0
2026-10-08 17:23:43.897 | DEBUG    | src.moex_loader:_fetch_page:48 - Запрос: https://iss.moex.com/iss/engines/stock/markets/shares/boards/TQBR/securities/LSNG/candles.json?from=2026-10-08&till=2026-10-08&interval=24&iss.meta=off&start=0
2026-10-08 17:23:44.296 | INFO     | src.database:insert_raw_candles:110 - Вставлено 1 записей в raw_candles
2026-10-08 17:23:44.296 | INFO     | src.database:upsert_meta:149 - Мета-информация обновлена для LSNG
2026-10-08 17:23:44.297 | INFO     | src.moex_loader:load_asset:216 - Загружено 1 свечей для LSNG (stock)
2026-10-08 17:23:44.297 | DEBUG    | src.moex_loader:_fetch_page:48 - Запрос: https://iss.moex.com/iss/engines/stock/markets/shares/boards/TQBR/securities/LSNGP/candles.json?from=2026-10-08&till=2026-10-08&interval=24&iss.meta=off&start=0
2026-10-08 17:23:45.308 | DEBUG    | src.moex_loader:_fetch_page:48 - Запрос: https://iss.moex.com/iss/engines/stock/markets/shares/boards/TQBR/securities/LSNGP/candles.json?from=2026-10-08&till=2026-10-08&interval=24&iss.meta=off&start=0
2026-10-08 17:23:45.541 | INFO     | src.database:insert_raw_candles:110 - Вставлено 1 записей в raw_candles
2026-10-08 17:23:45.541 | INFO     | src.database:upsert_meta:149 - Мета-информация обновлена для LSNGP
2026-10-08 17:23:45.541 | INFO     | src.moex_loader:load_asset:216 - Загружено 1 свечей для LSNGP (stock)
2026-10-08 17:23:45.542 | DEBUG    | src.moex_loader:_fetch_page:48 - Запрос: https://iss.moex.com/iss/engines/stock/markets/shares/boards/TQBR/securities/LSRG/candles.json?from=2026-10-08&till=2026-10-08&interval=24&iss.meta=off&start=0
2026-10-08 17:23:46.327 | DEBUG    | src.moex_loader:_fetch_page:48 - Запрос: https://iss.moex.com/iss/engines/stock/markets/shares/boards/TQBR/securities/LSRG/candles.json?from=2026-10-08&till=2026-10-08&interval=24&iss.meta=off&start=0
2026-10-08 17:23:46.530 | INFO     | src.database:insert_raw_candles:110 - Вставлено 1 записей в raw_candles
2026-10-08 17:23:46.531 | INFO     | src.database:upsert_meta:149 - Мета-информация обновлена для LSRG
2026-10-08 17:23:46.531 | INFO     | src.moex_loader:load_asset:216 - Загружено 1 свечей для LSRG (stock)
2026-10-08 17:23:46.531 | DEBUG    | src.moex_loader:_fetch_page:48 - Запрос: https://iss.moex.com/iss/engines/stock/markets/shares/boards/TQBR/securities/LVHK/candles.json?from=2026-10-08&till=2026-10-08&interval=24&iss.meta=off&start=0
2026-10-08 17:23:47.365 | DEBUG    | src.moex_loader:_fetch_page:48 - Запрос: https://iss.moex.com/iss/engines/stock/markets/shares/boards/TQBR/securities/LVHK/candles.json?from=2026-10-08&till=2026-10-08&interval=24&iss.meta=off&start=0
2026-10-08 17:23:47.609 | INFO     | src.database:insert_raw_candles:110 - Вставлено 1 записей в raw_candles
2026-10-08 17:23:47.610 | INFO     | src.database:upsert_meta:149 - Мета-информация обновлена для LVHK
2026-10-08 17:23:47.610 | INFO     | src.moex_loader:load_asset:216 - Загружено 1 свечей для LVHK (stock)
2026-10-08 17:23:47.610 | DEBUG    | src.moex_loader:_fetch_page:48 - Запрос: https://iss.moex.com/iss/engines/stock/markets/shares/boards/TQBR/securities/MAGE/candles.json?from=2026-10-08&till=2026-10-08&interval=24&iss.meta=off&start=0
2026-10-08 17:23:48.397 | DEBUG    | src.moex_loader:_fetch_page:48 - Запрос: https://iss.moex.com/iss/engines/stock/markets/shares/boards/TQBR/securities/MAGE/candles.json?from=2026-10-08&till=2026-10-08&interval=24&iss.meta=off&start=0
2026-10-08 17:23:48.982 | INFO     | src.database:insert_raw_candles:110 - Вставлено 1 записей в raw_candles
2026-10-08 17:23:48.982 | INFO     | src.database:upsert_meta:149 - Мета-информация обновлена для MAGE
2026-10-08 17:23:48.982 | INFO     | src.moex_loader:load_asset:216 - Загружено 1 свечей для MAGE (stock)
2026-10-08 17:23:48.983 | DEBUG    | src.moex_loader:_fetch_page:48 - Запрос: https://iss.moex.com/iss/engines/stock/markets/shares/boards/TQBR/securities/MAGEP/candles.json?from=2026-10-08&till=2026-10-08&interval=24&iss.meta=off&start=0
2026-10-08 17:23:49.777 | DEBUG    | src.moex_loader:_fetch_page:48 - Запрос: https://iss.moex.com/iss/engines/stock/markets/shares/boards/TQBR/securities/MAGEP/candles.json?from=2026-10-08&till=2026-10-08&interval=24&iss.meta=off&start=0
2026-10-08 17:23:50.392 | INFO     | src.database:insert_raw_candles:110 - Вставлено 1 записей в raw_candles
2026-10-08 17:23:50.392 | INFO     | src.database:upsert_meta:149 - Мета-информация обновлена для MAGEP
2026-10-08 17:23:50.392 | INFO     | src.moex_loader:load_asset:216 - Загружено 1 свечей для MAGEP (stock)
2026-10-08 17:23:50.393 | DEBUG    | src.moex_loader:_fetch_page:48 - Запрос: https://iss.moex.com/iss/engines/stock/markets/shares/boards/TQBR/securities/MAGN/candles.json?from=2026-10-08&till=2026-10-08&interval=24&iss.meta=off&start=0
2026-10-08 17:23:51.193 | DEBUG    | src.moex_loader:_fetch_page:48 - Запрос: https://iss.moex.com/iss/engines/stock/markets/shares/boards/TQBR/securities/MAGN/candles.json?from=2026-10-08&till=2026-10-08&interval=24&iss.meta=off&start=0
2026-10-08 17:23:51.399 | INFO     | src.database:insert_raw_candles:110 - Вставлено 1 записей в raw_candles
2026-10-08 17:23:51.400 | INFO     | src.database:upsert_meta:149 - Мета-информация обновлена для MAGN
2026-10-08 17:23:51.400 | INFO     | src.moex_loader:load_asset:216 - Загружено 1 свечей для MAGN (stock)
2026-10-08 17:23:51.400 | DEBUG    | src.moex_loader:_fetch_page:48 - Запрос: https://iss.moex.com/iss/engines/stock/markets/shares/boards/TQBR/securities/MBNK/candles.json?from=2026-10-08&till=2026-10-08&interval=24&iss.meta=off&start=0
2026-10-08 17:23:52.234 | DEBUG    | src.moex_loader:_fetch_page:48 - Запрос: https://iss.moex.com/iss/engines/stock/markets/shares/boards/TQBR/securities/MBNK/candles.json?from=2026-10-08&till=2026-10-08&interval=24&iss.meta=off&start=0
2026-10-08 17:23:52.570 | INFO     | src.database:insert_raw_candles:110 - Вставлено 1 записей в raw_candles
2026-10-08 17:23:52.571 | INFO     | src.database:upsert_meta:149 - Мета-информация обновлена для MBNK
2026-10-08 17:23:52.571 | INFO     | src.moex_loader:load_asset:216 - Загружено 1 свечей для MBNK (stock)
2026-10-08 17:23:52.571 | DEBUG    | src.moex_loader:_fetch_page:48 - Запрос: https://iss.moex.com/iss/engines/stock/markets/shares/boards/TQBR/securities/MDMG/candles.json?from=2026-10-08&till=2026-10-08&interval=24&iss.meta=off&start=0
2026-10-08 17:23:53.375 | DEBUG    | src.moex_loader:_fetch_page:48 - Запрос: https://iss.moex.com/iss/engines/stock/markets/shares/boards/TQBR/securities/MDMG/candles.json?from=2026-10-08&till=2026-10-08&interval=24&iss.meta=off&start=0
2026-10-08 17:23:53.582 | INFO     | src.database:insert_raw_candles:110 - Вставлено 1 записей в raw_candles
2026-10-08 17:23:53.582 | INFO     | src.database:upsert_meta:149 - Мета-информация обновлена для MDMG
2026-10-08 17:23:53.582 | INFO     | src.moex_loader:load_asset:216 - Загружено 1 свечей для MDMG (stock)
2026-10-08 17:23:53.583 | DEBUG    | src.moex_loader:_fetch_page:48 - Запрос: https://iss.moex.com/iss/engines/stock/markets/shares/boards/TQBR/securities/MFGS/candles.json?from=2026-10-08&till=2026-10-08&interval=24&iss.meta=off&start=0
2026-10-08 17:23:54.367 | DEBUG    | src.moex_loader:_fetch_page:48 - Запрос: https://iss.moex.com/iss/engines/stock/markets/shares/boards/TQBR/securities/MFGS/candles.json?from=2026-10-08&till=2026-10-08&interval=24&iss.meta=off&start=0
2026-10-08 17:23:54.743 | INFO     | src.database:insert_raw_candles:110 - Вставлено 1 записей в raw_candles
2026-10-08 17:23:54.744 | INFO     | src.database:upsert_meta:149 - Мета-информация обновлена для MFGS
2026-10-08 17:23:54.744 | INFO     | src.moex_loader:load_asset:216 - Загружено 1 свечей для MFGS (stock)
2026-10-08 17:23:54.744 | DEBUG    | src.moex_loader:_fetch_page:48 - Запрос: https://iss.moex.com/iss/engines/stock/markets/shares/boards/TQBR/securities/MFGSP/candles.json?from=2026-10-08&till=2026-10-08&interval=24&iss.meta=off&start=0
2026-10-08 17:23:55.974 | DEBUG    | src.moex_loader:_fetch_page:48 - Запрос: https://iss.moex.com/iss/engines/stock/markets/shares/boards/TQBR/securities/MFGSP/candles.json?from=2026-10-08&till=2026-10-08&interval=24&iss.meta=off&start=0
2026-10-08 17:23:56.222 | INFO     | src.database:insert_raw_candles:110 - Вставлено 1 записей в raw_candles
2026-10-08 17:23:56.223 | INFO     | src.database:upsert_meta:149 - Мета-информация обновлена для MFGSP
2026-10-08 17:23:56.223 | INFO     | src.moex_loader:load_asset:216 - Загружено 1 свечей для MFGSP (stock)
2026-10-08 17:23:56.223 | DEBUG    | src.moex_loader:_fetch_page:48 - Запрос: https://iss.moex.com/iss/engines/stock/markets/shares/boards/TQBR/securities/MGKL/candles.json?from=2026-10-08&till=2026-10-08&interval=24&iss.meta=off&start=0
2026-10-08 17:23:57.092 | DEBUG    | src.moex_loader:_fetch_page:48 - Запрос: https://iss.moex.com/iss/engines/stock/markets/shares/boards/TQBR/securities/MGKL/candles.json?from=2026-10-08&till=2026-10-08&interval=24&iss.meta=off&start=0
2026-10-08 17:23:57.301 | INFO     | src.database:insert_raw_candles:110 - Вставлено 1 записей в raw_candles
2026-10-08 17:23:57.302 | INFO     | src.database:upsert_meta:149 - Мета-информация обновлена для MGKL
2026-10-08 17:23:57.302 | INFO     | src.moex_loader:load_asset:216 - Загружено 1 свечей для MGKL (stock)
2026-10-08 17:23:57.302 | DEBUG    | src.moex_loader:_fetch_page:48 - Запрос: https://iss.moex.com/iss/engines/stock/markets/shares/boards/TQBR/securities/MGNT/candles.json?from=2026-10-08&till=2026-10-08&interval=24&iss.meta=off&start=0
2026-10-08 17:23:58.098 | DEBUG    | src.moex_loader:_fetch_page:48 - Запрос: https://iss.moex.com/iss/engines/stock/markets/shares/boards/TQBR/securities/MGNT/candles.json?from=2026-10-08&till=2026-10-08&interval=24&iss.meta=off&start=0
2026-10-08 17:23:58.314 | INFO     | src.database:insert_raw_candles:110 - Вставлено 1 записей в raw_candles
2026-10-08 17:23:58.315 | INFO     | src.database:upsert_meta:149 - Мета-информация обновлена для MGNT
2026-10-08 17:23:58.315 | INFO     | src.moex_loader:load_asset:216 - Загружено 1 свечей для MGNT (stock)
2026-10-08 17:23:58.315 | DEBUG    | src.moex_loader:_fetch_page:48 - Запрос: https://iss.moex.com/iss/engines/stock/markets/shares/boards/TQBR/securities/MGNZ/candles.json?from=2026-08-24&till=2026-10-08&interval=24&iss.meta=off&start=0
2026-10-08 17:23:59.261 | WARNING  | src.moex_loader:fetch_candles_async:85 - Нет данных для MGNZ за период 2026-08-24 - 2026-10-08
2026-10-08 17:23:59.263 | WARNING  | src.moex_loader:load_asset:204 - Нет данных для MGNZ (stock)
2026-10-08 17:23:59.264 | DEBUG    | src.moex_loader:_fetch_page:48 - Запрос: https://iss.moex.com/iss/engines/stock/markets/shares/boards/TQBR/securities/MGTS/candles.json?from=2026-10-08&till=2026-10-08&interval=24&iss.meta=off&start=0
2026-10-08 17:24:00.057 | DEBUG    | src.moex_loader:_fetch_page:48 - Запрос: https://iss.moex.com/iss/engines/stock/markets/shares/boards/TQBR/securities/MGTS/candles.json?from=2026-10-08&till=2026-10-08&interval=24&iss.meta=off&start=0
2026-10-08 17:24:00.616 | INFO     | src.database:insert_raw_candles:110 - Вставлено 1 записей в raw_candles
2026-10-08 17:24:00.617 | INFO     | src.database:upsert_meta:149 - Мета-информация обновлена для MGTS
2026-10-08 17:24:00.617 | INFO     | src.moex_loader:load_asset:216 - Загружено 1 свечей для MGTS (stock)
2026-10-08 17:24:00.617 | DEBUG    | src.moex_loader:_fetch_page:48 - Запрос: https://iss.moex.com/iss/engines/stock/markets/shares/boards/TQBR/securities/MGTSP/candles.json?from=2026-10-08&till=2026-10-08&interval=24&iss.meta=off&start=0
2026-10-08 17:24:01.582 | DEBUG    | src.moex_loader:_fetch_page:48 - Запрос: https://iss.moex.com/iss/engines/stock/markets/shares/boards/TQBR/securities/MGTSP/candles.json?from=2026-10-08&till=2026-10-08&interval=24&iss.meta=off&start=0
2026-10-08 17:24:01.919 | INFO     | src.database:insert_raw_candles:110 - Вставлено 1 записей в raw_candles
2026-10-08 17:24:01.920 | INFO     | src.database:upsert_meta:149 - Мета-информация обновлена для MGTSP
2026-10-08 17:24:01.920 | INFO     | src.moex_loader:load_asset:216 - Загружено 1 свечей для MGTSP (stock)
2026-10-08 17:24:01.921 | DEBUG    | src.moex_loader:_fetch_page:48 - Запрос: https://iss.moex.com/iss/engines/stock/markets/shares/boards/TQBR/securities/MISB/candles.json?from=2026-10-08&till=2026-10-08&interval=24&iss.meta=off&start=0
2026-10-08 17:24:02.702 | DEBUG    | src.moex_loader:_fetch_page:48 - Запрос: https://iss.moex.com/iss/engines/stock/markets/shares/boards/TQBR/securities/MISB/candles.json?from=2026-10-08&till=2026-10-08&interval=24&iss.meta=off&start=0
2026-10-08 17:24:02.903 | INFO     | src.database:insert_raw_candles:110 - Вставлено 1 записей в raw_candles
2026-10-08 17:24:02.904 | INFO     | src.database:upsert_meta:149 - Мета-информация обновлена для MISB
2026-10-08 17:24:02.904 | INFO     | src.moex_loader:load_asset:216 - Загружено 1 свечей для MISB (stock)
2026-10-08 17:24:02.905 | DEBUG    | src.moex_loader:_fetch_page:48 - Запрос: https://iss.moex.com/iss/engines/stock/markets/shares/boards/TQBR/securities/MISBP/candles.json?from=2026-10-08&till=2026-10-08&interval=24&iss.meta=off&start=0
2026-10-08 17:24:03.705 | DEBUG    | src.moex_loader:_fetch_page:48 - Запрос: https://iss.moex.com/iss/engines/stock/markets/shares/boards/TQBR/securities/MISBP/candles.json?from=2026-10-08&till=2026-10-08&interval=24&iss.meta=off&start=0
2026-10-08 17:24:04.034 | INFO     | src.database:insert_raw_candles:110 - Вставлено 1 записей в raw_candles
2026-10-08 17:24:04.034 | INFO     | src.database:upsert_meta:149 - Мета-информация обновлена для MISBP
2026-10-08 17:24:04.034 | INFO     | src.moex_loader:load_asset:216 - Загружено 1 свечей для MISBP (stock)
2026-10-08 17:24:04.035 | DEBUG    | src.moex_loader:_fetch_page:48 - Запрос: https://iss.moex.com/iss/engines/stock/markets/shares/boards/TQBR/securities/MOEX/candles.json?from=2026-10-08&till=2026-10-08&interval=24&iss.meta=off&start=0
2026-10-08 17:24:04.805 | DEBUG    | src.moex_loader:_fetch_page:48 - Запрос: https://iss.moex.com/iss/engines/stock/markets/shares/boards/TQBR/securities/MOEX/candles.json?from=2026-10-08&till=2026-10-08&interval=24&iss.meta=off&start=0
2026-10-08 17:24:04.999 | INFO     | src.database:insert_raw_candles:110 - Вставлено 1 записей в raw_candles
2026-10-08 17:24:05.000 | INFO     | src.database:upsert_meta:149 - Мета-информация обновлена для MOEX
2026-10-08 17:24:05.000 | INFO     | src.moex_loader:load_asset:216 - Загружено 1 свечей для MOEX (stock)
2026-10-08 17:24:05.000 | DEBUG    | src.moex_loader:_fetch_page:48 - Запрос: https://iss.moex.com/iss/engines/stock/markets/shares/boards/TQBR/securities/MRKC/candles.json?from=2026-10-08&till=2026-10-08&interval=24&iss.meta=off&start=0
2026-10-08 17:24:05.850 | DEBUG    | src.moex_loader:_fetch_page:48 - Запрос: https://iss.moex.com/iss/engines/stock/markets/shares/boards/TQBR/securities/MRKC/candles.json?from=2026-10-08&till=2026-10-08&interval=24&iss.meta=off&start=0
2026-10-08 17:24:06.067 | INFO     | src.database:insert_raw_candles:110 - Вставлено 1 записей в raw_candles
2026-10-08 17:24:06.068 | INFO     | src.database:upsert_meta:149 - Мета-информация обновлена для MRKC
2026-10-08 17:24:06.068 | INFO     | src.moex_loader:load_asset:216 - Загружено 1 свечей для MRKC (stock)
2026-10-08 17:24:06.069 | DEBUG    | src.moex_loader:_fetch_page:48 - Запрос: https://iss.moex.com/iss/engines/stock/markets/shares/boards/TQBR/securities/MRKK/candles.json?from=2026-10-08&till=2026-10-08&interval=24&iss.meta=off&start=0
2026-10-08 17:24:06.885 | DEBUG    | src.moex_loader:_fetch_page:48 - Запрос: https://iss.moex.com/iss/engines/stock/markets/shares/boards/TQBR/securities/MRKK/candles.json?from=2026-10-08&till=2026-10-08&interval=24&iss.meta=off&start=0
2026-10-08 17:24:07.097 | INFO     | src.database:insert_raw_candles:110 - Вставлено 1 записей в raw_candles
2026-10-08 17:24:07.098 | INFO     | src.database:upsert_meta:149 - Мета-информация обновлена для MRKK
2026-10-08 17:24:07.098 | INFO     | src.moex_loader:load_asset:216 - Загружено 1 свечей для MRKK (stock)
2026-10-08 17:24:07.098 | DEBUG    | src.moex_loader:_fetch_page:48 - Запрос: https://iss.moex.com/iss/engines/stock/markets/shares/boards/TQBR/securities/MRKP/candles.json?from=2026-10-08&till=2026-10-08&interval=24&iss.meta=off&start=0
2026-10-08 17:24:07.876 | DEBUG    | src.moex_loader:_fetch_page:48 - Запрос: https://iss.moex.com/iss/engines/stock/markets/shares/boards/TQBR/securities/MRKP/candles.json?from=2026-10-08&till=2026-10-08&interval=24&iss.meta=off&start=0
2026-10-08 17:24:08.082 | INFO     | src.database:insert_raw_candles:110 - Вставлено 1 записей в raw_candles
2026-10-08 17:24:08.083 | INFO     | src.database:upsert_meta:149 - Мета-информация обновлена для MRKP
2026-10-08 17:24:08.083 | INFO     | src.moex_loader:load_asset:216 - Загружено 1 свечей для MRKP (stock)
2026-10-08 17:24:08.083 | DEBUG    | src.moex_loader:_fetch_page:48 - Запрос: https://iss.moex.com/iss/engines/stock/markets/shares/boards/TQBR/securities/MRKS/candles.json?from=2026-10-08&till=2026-10-08&interval=24&iss.meta=off&start=0
2026-10-08 17:24:08.884 | DEBUG    | src.moex_loader:_fetch_page:48 - Запрос: https://iss.moex.com/iss/engines/stock/markets/shares/boards/TQBR/securities/MRKS/candles.json?from=2026-10-08&till=2026-10-08&interval=24&iss.meta=off&start=0
2026-10-08 17:24:09.090 | INFO     | src.database:insert_raw_candles:110 - Вставлено 1 записей в raw_candles
2026-10-08 17:24:09.091 | INFO     | src.database:upsert_meta:149 - Мета-информация обновлена для MRKS
2026-10-08 17:24:09.091 | INFO     | src.moex_loader:load_asset:216 - Загружено 1 свечей для MRKS (stock)
2026-10-08 17:24:09.092 | DEBUG    | src.moex_loader:_fetch_page:48 - Запрос: https://iss.moex.com/iss/engines/stock/markets/shares/boards/TQBR/securities/MRKU/candles.json?from=2026-10-08&till=2026-10-08&interval=24&iss.meta=off&start=0
2026-10-08 17:24:10.090 | DEBUG    | src.moex_loader:_fetch_page:48 - Запрос: https://iss.moex.com/iss/engines/stock/markets/shares/boards/TQBR/securities/MRKU/candles.json?from=2026-10-08&till=2026-10-08&interval=24&iss.meta=off&start=0
2026-10-08 17:24:10.294 | INFO     | src.database:insert_raw_candles:110 - Вставлено 1 записей в raw_candles
2026-10-08 17:24:10.295 | INFO     | src.database:upsert_meta:149 - Мета-информация обновлена для MRKU
2026-10-08 17:24:10.295 | INFO     | src.moex_loader:load_asset:216 - Загружено 1 свечей для MRKU (stock)
2026-10-08 17:24:10.295 | DEBUG    | src.moex_loader:_fetch_page:48 - Запрос: https://iss.moex.com/iss/engines/stock/markets/shares/boards/TQBR/securities/MRKV/candles.json?from=2026-10-08&till=2026-10-08&interval=24&iss.meta=off&start=0
2026-10-08 17:24:11.084 | DEBUG    | src.moex_loader:_fetch_page:48 - Запрос: https://iss.moex.com/iss/engines/stock/markets/shares/boards/TQBR/securities/MRKV/candles.json?from=2026-10-08&till=2026-10-08&interval=24&iss.meta=off&start=0
2026-10-08 17:24:11.288 | INFO     | src.database:insert_raw_candles:110 - Вставлено 1 записей в raw_candles
2026-10-08 17:24:11.288 | INFO     | src.database:upsert_meta:149 - Мета-информация обновлена для MRKV
2026-10-08 17:24:11.288 | INFO     | src.moex_loader:load_asset:216 - Загружено 1 свечей для MRKV (stock)
2026-10-08 17:24:11.289 | DEBUG    | src.moex_loader:_fetch_page:48 - Запрос: https://iss.moex.com/iss/engines/stock/markets/shares/boards/TQBR/securities/MRKY/candles.json?from=2026-10-08&till=2026-10-08&interval=24&iss.meta=off&start=0
2026-10-08 17:24:12.073 | DEBUG    | src.moex_loader:_fetch_page:48 - Запрос: https://iss.moex.com/iss/engines/stock/markets/shares/boards/TQBR/securities/MRKY/candles.json?from=2026-10-08&till=2026-10-08&interval=24&iss.meta=off&start=0
2026-10-08 17:24:12.285 | INFO     | src.database:insert_raw_candles:110 - Вставлено 1 записей в raw_candles
2026-10-08 17:24:12.285 | INFO     | src.database:upsert_meta:149 - Мета-информация обновлена для MRKY
2026-10-08 17:24:12.285 | INFO     | src.moex_loader:load_asset:216 - Загружено 1 свечей для MRKY (stock)
2026-10-08 17:24:12.286 | DEBUG    | src.moex_loader:_fetch_page:48 - Запрос: https://iss.moex.com/iss/engines/stock/markets/shares/boards/TQBR/securities/MRKZ/candles.json?from=2026-10-08&till=2026-10-08&interval=24&iss.meta=off&start=0
2026-10-08 17:24:13.088 | DEBUG    | src.moex_loader:_fetch_page:48 - Запрос: https://iss.moex.com/iss/engines/stock/markets/shares/boards/TQBR/securities/MRKZ/candles.json?from=2026-10-08&till=2026-10-08&interval=24&iss.meta=off&start=0
2026-10-08 17:24:13.295 | INFO     | src.database:insert_raw_candles:110 - Вставлено 1 записей в raw_candles
2026-10-08 17:24:13.296 | INFO     | src.database:upsert_meta:149 - Мета-информация обновлена для MRKZ
2026-10-08 17:24:13.296 | INFO     | src.moex_loader:load_asset:216 - Загружено 1 свечей для MRKZ (stock)
2026-10-08 17:24:13.297 | DEBUG    | src.moex_loader:_fetch_page:48 - Запрос: https://iss.moex.com/iss/engines/stock/markets/shares/boards/TQBR/securities/MRSB/candles.json?from=2026-10-08&till=2026-10-08&interval=24&iss.meta=off&start=0
2026-10-08 17:24:14.164 | DEBUG    | src.moex_loader:_fetch_page:48 - Запрос: https://iss.moex.com/iss/engines/stock/markets/shares/boards/TQBR/securities/MRSB/candles.json?from=2026-10-08&till=2026-10-08&interval=24&iss.meta=off&start=0
2026-10-08 17:24:14.452 | INFO     | src.database:insert_raw_candles:110 - Вставлено 1 записей в raw_candles
2026-10-08 17:24:14.453 | INFO     | src.database:upsert_meta:149 - Мета-информация обновлена для MRSB
2026-10-08 17:24:14.453 | INFO     | src.moex_loader:load_asset:216 - Загружено 1 свечей для MRSB (stock)
2026-10-08 17:24:14.453 | DEBUG    | src.moex_loader:_fetch_page:48 - Запрос: https://iss.moex.com/iss/engines/stock/markets/shares/boards/TQBR/securities/MSNG/candles.json?from=2026-10-08&till=2026-10-08&interval=24&iss.meta=off&start=0
2026-10-08 17:24:15.385 | DEBUG    | src.moex_loader:_fetch_page:48 - Запрос: https://iss.moex.com/iss/engines/stock/markets/shares/boards/TQBR/securities/MSNG/candles.json?from=2026-10-08&till=2026-10-08&interval=24&iss.meta=off&start=0
2026-10-08 17:24:15.608 | INFO     | src.database:insert_raw_candles:110 - Вставлено 1 записей в raw_candles
2026-10-08 17:24:15.608 | INFO     | src.database:upsert_meta:149 - Мета-информация обновлена для MSNG
2026-10-08 17:24:15.608 | INFO     | src.moex_loader:load_asset:216 - Загружено 1 свечей для MSNG (stock)
2026-10-08 17:24:15.609 | DEBUG    | src.moex_loader:_fetch_page:48 - Запрос: https://iss.moex.com/iss/engines/stock/markets/shares/boards/TQBR/securities/MSRS/candles.json?from=2026-10-08&till=2026-10-08&interval=24&iss.meta=off&start=0
2026-10-08 17:24:16.387 | DEBUG    | src.moex_loader:_fetch_page:48 - Запрос: https://iss.moex.com/iss/engines/stock/markets/shares/boards/TQBR/securities/MSRS/candles.json?from=2026-10-08&till=2026-10-08&interval=24&iss.meta=off&start=0
2026-10-08 17:24:16.586 | INFO     | src.database:insert_raw_candles:110 - Вставлено 1 записей в raw_candles
2026-10-08 17:24:16.586 | INFO     | src.database:upsert_meta:149 - Мета-информация обновлена для MSRS
2026-10-08 17:24:16.586 | INFO     | src.moex_loader:load_asset:216 - Загружено 1 свечей для MSRS (stock)
2026-10-08 17:24:16.587 | DEBUG    | src.moex_loader:_fetch_page:48 - Запрос: https://iss.moex.com/iss/engines/stock/markets/shares/boards/TQBR/securities/MSTT/candles.json?from=2026-10-08&till=2026-10-08&interval=24&iss.meta=off&start=0
2026-10-08 17:24:17.363 | DEBUG    | src.moex_loader:_fetch_page:48 - Запрос: https://iss.moex.com/iss/engines/stock/markets/shares/boards/TQBR/securities/MSTT/candles.json?from=2026-10-08&till=2026-10-08&interval=24&iss.meta=off&start=0
2026-10-08 17:24:17.610 | INFO     | src.database:insert_raw_candles:110 - Вставлено 1 записей в raw_candles
2026-10-08 17:24:17.611 | INFO     | src.database:upsert_meta:149 - Мета-информация обновлена для MSTT
2026-10-08 17:24:17.611 | INFO     | src.moex_loader:load_asset:216 - Загружено 1 свечей для MSTT (stock)
2026-10-08 17:24:17.612 | DEBUG    | src.moex_loader:_fetch_page:48 - Запрос: https://iss.moex.com/iss/engines/stock/markets/shares/boards/TQBR/securities/MTLR/candles.json?from=2026-10-08&till=2026-10-08&interval=24&iss.meta=off&start=0
2026-10-08 17:24:18.455 | DEBUG    | src.moex_loader:_fetch_page:48 - Запрос: https://iss.moex.com/iss/engines/stock/markets/shares/boards/TQBR/securities/MTLR/candles.json?from=2026-10-08&till=2026-10-08&interval=24&iss.meta=off&start=0
2026-10-08 17:24:18.675 | INFO     | src.database:insert_raw_candles:110 - Вставлено 1 записей в raw_candles
2026-10-08 17:24:18.675 | INFO     | src.database:upsert_meta:149 - Мета-информация обновлена для MTLR
2026-10-08 17:24:18.675 | INFO     | src.moex_loader:load_asset:216 - Загружено 1 свечей для MTLR (stock)
2026-10-08 17:24:18.676 | DEBUG    | src.moex_loader:_fetch_page:48 - Запрос: https://iss.moex.com/iss/engines/stock/markets/shares/boards/TQBR/securities/MTLRP/candles.json?from=2026-10-08&till=2026-10-08&interval=24&iss.meta=off&start=0
2026-10-08 17:24:19.457 | DEBUG    | src.moex_loader:_fetch_page:48 - Запрос: https://iss.moex.com/iss/engines/stock/markets/shares/boards/TQBR/securities/MTLRP/candles.json?from=2026-10-08&till=2026-10-08&interval=24&iss.meta=off&start=0
2026-10-08 17:24:19.657 | INFO     | src.database:insert_raw_candles:110 - Вставлено 1 записей в raw_candles
2026-10-08 17:24:19.658 | INFO     | src.database:upsert_meta:149 - Мета-информация обновлена для MTLRP
2026-10-08 17:24:19.658 | INFO     | src.moex_loader:load_asset:216 - Загружено 1 свечей для MTLRP (stock)
2026-10-08 17:24:19.658 | DEBUG    | src.moex_loader:_fetch_page:48 - Запрос: https://iss.moex.com/iss/engines/stock/markets/shares/boards/TQBR/securities/MTSS/candles.json?from=2026-10-08&till=2026-10-08&interval=24&iss.meta=off&start=0
2026-10-08 17:24:20.524 | DEBUG    | src.moex_loader:_fetch_page:48 - Запрос: https://iss.moex.com/iss/engines/stock/markets/shares/boards/TQBR/securities/MTSS/candles.json?from=2026-10-08&till=2026-10-08&interval=24&iss.meta=off&start=0
2026-10-08 17:24:20.734 | INFO     | src.database:insert_raw_candles:110 - Вставлено 1 записей в raw_candles
2026-10-08 17:24:20.734 | INFO     | src.database:upsert_meta:149 - Мета-информация обновлена для MTSS
2026-10-08 17:24:20.734 | INFO     | src.moex_loader:load_asset:216 - Загружено 1 свечей для MTSS (stock)
2026-10-08 17:24:20.735 | DEBUG    | src.moex_loader:_fetch_page:48 - Запрос: https://iss.moex.com/iss/engines/stock/markets/shares/boards/TQBR/securities/MVID/candles.json?from=2026-10-08&till=2026-10-08&interval=24&iss.meta=off&start=0
2026-10-08 17:24:21.592 | DEBUG    | src.moex_loader:_fetch_page:48 - Запрос: https://iss.moex.com/iss/engines/stock/markets/shares/boards/TQBR/securities/MVID/candles.json?from=2026-10-08&till=2026-10-08&interval=24&iss.meta=off&start=0
2026-10-08 17:24:22.004 | INFO     | src.database:insert_raw_candles:110 - Вставлено 1 записей в raw_candles
2026-10-08 17:24:22.004 | INFO     | src.database:upsert_meta:149 - Мета-информация обновлена для MVID
2026-10-08 17:24:22.005 | INFO     | src.moex_loader:load_asset:216 - Загружено 1 свечей для MVID (stock)
2026-10-08 17:24:22.005 | DEBUG    | src.moex_loader:_fetch_page:48 - Запрос: https://iss.moex.com/iss/engines/stock/markets/shares/boards/TQBR/securities/NAUK/candles.json?from=2026-10-08&till=2026-10-08&interval=24&iss.meta=off&start=0
2026-10-08 17:24:22.776 | DEBUG    | src.moex_loader:_fetch_page:48 - Запрос: https://iss.moex.com/iss/engines/stock/markets/shares/boards/TQBR/securities/NAUK/candles.json?from=2026-10-08&till=2026-10-08&interval=24&iss.meta=off&start=0
2026-10-08 17:24:22.977 | INFO     | src.database:insert_raw_candles:110 - Вставлено 1 записей в raw_candles
2026-10-08 17:24:22.977 | INFO     | src.database:upsert_meta:149 - Мета-информация обновлена для NAUK
2026-10-08 17:24:22.977 | INFO     | src.moex_loader:load_asset:216 - Загружено 1 свечей для NAUK (stock)
2026-10-08 17:24:22.978 | DEBUG    | src.moex_loader:_fetch_page:48 - Запрос: https://iss.moex.com/iss/engines/stock/markets/shares/boards/TQBR/securities/NFAZ/candles.json?from=2026-10-08&till=2026-10-08&interval=24&iss.meta=off&start=0
2026-10-08 17:24:23.786 | DEBUG    | src.moex_loader:_fetch_page:48 - Запрос: https://iss.moex.com/iss/engines/stock/markets/shares/boards/TQBR/securities/NFAZ/candles.json?from=2026-10-08&till=2026-10-08&interval=24&iss.meta=off&start=0
2026-10-08 17:24:23.996 | INFO     | src.database:insert_raw_candles:110 - Вставлено 1 записей в raw_candles
2026-10-08 17:24:23.997 | INFO     | src.database:upsert_meta:149 - Мета-информация обновлена для NFAZ
2026-10-08 17:24:23.997 | INFO     | src.moex_loader:load_asset:216 - Загружено 1 свечей для NFAZ (stock)
2026-10-08 17:24:23.998 | DEBUG    | src.moex_loader:_fetch_page:48 - Запрос: https://iss.moex.com/iss/engines/stock/markets/shares/boards/TQBR/securities/NKHP/candles.json?from=2026-10-08&till=2026-10-08&interval=24&iss.meta=off&start=0
2026-10-08 17:24:24.775 | DEBUG    | src.moex_loader:_fetch_page:48 - Запрос: https://iss.moex.com/iss/engines/stock/markets/shares/boards/TQBR/securities/NKHP/candles.json?from=2026-10-08&till=2026-10-08&interval=24&iss.meta=off&start=0
2026-10-08 17:24:24.976 | INFO     | src.database:insert_raw_candles:110 - Вставлено 1 записей в raw_candles
2026-10-08 17:24:24.976 | INFO     | src.database:upsert_meta:149 - Мета-информация обновлена для NKHP
2026-10-08 17:24:24.976 | INFO     | src.moex_loader:load_asset:216 - Загружено 1 свечей для NKHP (stock)
2026-10-08 17:24:24.977 | DEBUG    | src.moex_loader:_fetch_page:48 - Запрос: https://iss.moex.com/iss/engines/stock/markets/shares/boards/TQBR/securities/NKNC/candles.json?from=2026-10-08&till=2026-10-08&interval=24&iss.meta=off&start=0
2026-10-08 17:24:25.813 | DEBUG    | src.moex_loader:_fetch_page:48 - Запрос: https://iss.moex.com/iss/engines/stock/markets/shares/boards/TQBR/securities/NKNC/candles.json?from=2026-10-08&till=2026-10-08&interval=24&iss.meta=off&start=0
2026-10-08 17:24:26.024 | INFO     | src.database:insert_raw_candles:110 - Вставлено 1 записей в raw_candles
2026-10-08 17:24:26.024 | INFO     | src.database:upsert_meta:149 - Мета-информация обновлена для NKNC
2026-10-08 17:24:26.025 | INFO     | src.moex_loader:load_asset:216 - Загружено 1 свечей для NKNC (stock)
2026-10-08 17:24:26.025 | DEBUG    | src.moex_loader:_fetch_page:48 - Запрос: https://iss.moex.com/iss/engines/stock/markets/shares/boards/TQBR/securities/NKNCP/candles.json?from=2026-10-08&till=2026-10-08&interval=24&iss.meta=off&start=0
2026-10-08 17:24:26.815 | DEBUG    | src.moex_loader:_fetch_page:48 - Запрос: https://iss.moex.com/iss/engines/stock/markets/shares/boards/TQBR/securities/NKNCP/candles.json?from=2026-10-08&till=2026-10-08&interval=24&iss.meta=off&start=0
2026-10-08 17:24:27.019 | INFO     | src.database:insert_raw_candles:110 - Вставлено 1 записей в raw_candles
2026-10-08 17:24:27.019 | INFO     | src.database:upsert_meta:149 - Мета-информация обновлена для NKNCP
2026-10-08 17:24:27.019 | INFO     | src.moex_loader:load_asset:216 - Загружено 1 свечей для NKNCP (stock)
2026-10-08 17:24:27.020 | DEBUG    | src.moex_loader:_fetch_page:48 - Запрос: https://iss.moex.com/iss/engines/stock/markets/shares/boards/TQBR/securities/NKSH/candles.json?from=2026-10-08&till=2026-10-08&interval=24&iss.meta=off&start=0
2026-10-08 17:24:27.819 | DEBUG    | src.moex_loader:_fetch_page:48 - Запрос: https://iss.moex.com/iss/engines/stock/markets/shares/boards/TQBR/securities/NKSH/candles.json?from=2026-10-08&till=2026-10-08&interval=24&iss.meta=off&start=0
2026-10-08 17:24:28.027 | INFO     | src.database:insert_raw_candles:110 - Вставлено 1 записей в raw_candles
2026-10-08 17:24:28.027 | INFO     | src.database:upsert_meta:149 - Мета-информация обновлена для NKSH
2026-10-08 17:24:28.027 | INFO     | src.moex_loader:load_asset:216 - Загружено 1 свечей для NKSH (stock)
2026-10-08 17:24:28.028 | DEBUG    | src.moex_loader:_fetch_page:48 - Запрос: https://iss.moex.com/iss/engines/stock/markets/shares/boards/TQBR/securities/NLMK/candles.json?from=2026-10-08&till=2026-10-08&interval=24&iss.meta=off&start=0
2026-10-08 17:24:28.791 | DEBUG    | src.moex_loader:_fetch_page:48 - Запрос: https://iss.moex.com/iss/engines/stock/markets/shares/boards/TQBR/securities/NLMK/candles.json?from=2026-10-08&till=2026-10-08&interval=24&iss.meta=off&start=0
2026-10-08 17:24:28.994 | INFO     | src.database:insert_raw_candles:110 - Вставлено 1 записей в raw_candles
2026-10-08 17:24:28.994 | INFO     | src.database:upsert_meta:149 - Мета-информация обновлена для NLMK
2026-10-08 17:24:28.994 | INFO     | src.moex_loader:load_asset:216 - Загружено 1 свечей для NLMK (stock)
2026-10-08 17:24:28.995 | DEBUG    | src.moex_loader:_fetch_page:48 - Запрос: https://iss.moex.com/iss/engines/stock/markets/shares/boards/TQBR/securities/NMTP/candles.json?from=2026-10-08&till=2026-10-08&interval=24&iss.meta=off&start=0
2026-10-08 17:24:29.779 | DEBUG    | src.moex_loader:_fetch_page:48 - Запрос: https://iss.moex.com/iss/engines/stock/markets/shares/boards/TQBR/securities/NMTP/candles.json?from=2026-10-08&till=2026-10-08&interval=24&iss.meta=off&start=0
2026-10-08 17:24:30.030 | INFO     | src.database:insert_raw_candles:110 - Вставлено 1 записей в raw_candles
2026-10-08 17:24:30.030 | INFO     | src.database:upsert_meta:149 - Мета-информация обновлена для NMTP
2026-10-08 17:24:30.031 | INFO     | src.moex_loader:load_asset:216 - Загружено 1 свечей для NMTP (stock)
2026-10-08 17:24:30.031 | DEBUG    | src.moex_loader:_fetch_page:48 - Запрос: https://iss.moex.com/iss/engines/stock/markets/shares/boards/TQBR/securities/NNSB/candles.json?from=2026-10-08&till=2026-10-08&interval=24&iss.meta=off&start=0
2026-10-08 17:24:30.871 | DEBUG    | src.moex_loader:_fetch_page:48 - Запрос: https://iss.moex.com/iss/engines/stock/markets/shares/boards/TQBR/securities/NNSB/candles.json?from=2026-10-08&till=2026-10-08&interval=24&iss.meta=off&start=0
2026-10-08 17:24:31.069 | INFO     | src.database:insert_raw_candles:110 - Вставлено 1 записей в raw_candles
2026-10-08 17:24:31.069 | INFO     | src.database:upsert_meta:149 - Мета-информация обновлена для NNSB
2026-10-08 17:24:31.069 | INFO     | src.moex_loader:load_asset:216 - Загружено 1 свечей для NNSB (stock)
2026-10-08 17:24:31.070 | DEBUG    | src.moex_loader:_fetch_page:48 - Запрос: https://iss.moex.com/iss/engines/stock/markets/shares/boards/TQBR/securities/NNSBP/candles.json?from=2026-10-08&till=2026-10-08&interval=24&iss.meta=off&start=0
2026-10-08 17:24:31.831 | DEBUG    | src.moex_loader:_fetch_page:48 - Запрос: https://iss.moex.com/iss/engines/stock/markets/shares/boards/TQBR/securities/NNSBP/candles.json?from=2026-10-08&till=2026-10-08&interval=24&iss.meta=off&start=0
2026-10-08 17:24:32.026 | INFO     | src.database:insert_raw_candles:110 - Вставлено 1 записей в raw_candles
2026-10-08 17:24:32.027 | INFO     | src.database:upsert_meta:149 - Мета-информация обновлена для NNSBP
2026-10-08 17:24:32.027 | INFO     | src.moex_loader:load_asset:216 - Загружено 1 свечей для NNSBP (stock)
2026-10-08 17:24:32.028 | DEBUG    | src.moex_loader:_fetch_page:48 - Запрос: https://iss.moex.com/iss/engines/stock/markets/shares/boards/TQBR/securities/NSVZ/candles.json?from=2026-10-08&till=2026-10-08&interval=24&iss.meta=off&start=0
2026-10-08 17:24:33.242 | DEBUG    | src.moex_loader:_fetch_page:48 - Запрос: https://iss.moex.com/iss/engines/stock/markets/shares/boards/TQBR/securities/NSVZ/candles.json?from=2026-10-08&till=2026-10-08&interval=24&iss.meta=off&start=0
2026-10-08 17:24:33.456 | INFO     | src.database:insert_raw_candles:110 - Вставлено 1 записей в raw_candles
2026-10-08 17:24:33.457 | INFO     | src.database:upsert_meta:149 - Мета-информация обновлена для NSVZ
2026-10-08 17:24:33.457 | INFO     | src.moex_loader:load_asset:216 - Загружено 1 свечей для NSVZ (stock)
2026-10-08 17:24:33.457 | DEBUG    | src.moex_loader:_fetch_page:48 - Запрос: https://iss.moex.com/iss/engines/stock/markets/shares/boards/TQBR/securities/NVTK/candles.json?from=2026-10-08&till=2026-10-08&interval=24&iss.meta=off&start=0
2026-10-08 17:24:34.256 | DEBUG    | src.moex_loader:_fetch_page:48 - Запрос: https://iss.moex.com/iss/engines/stock/markets/shares/boards/TQBR/securities/NVTK/candles.json?from=2026-10-08&till=2026-10-08&interval=24&iss.meta=off&start=0
2026-10-08 17:24:34.459 | INFO     | src.database:insert_raw_candles:110 - Вставлено 1 записей в raw_candles
2026-10-08 17:24:34.459 | INFO     | src.database:upsert_meta:149 - Мета-информация обновлена для NVTK
2026-10-08 17:24:34.459 | INFO     | src.moex_loader:load_asset:216 - Загружено 1 свечей для NVTK (stock)
2026-10-08 17:24:34.460 | DEBUG    | src.moex_loader:_fetch_page:48 - Запрос: https://iss.moex.com/iss/engines/stock/markets/shares/boards/TQBR/securities/OGKB/candles.json?from=2026-10-08&till=2026-10-08&interval=24&iss.meta=off&start=0
2026-10-08 17:24:35.277 | DEBUG    | src.moex_loader:_fetch_page:48 - Запрос: https://iss.moex.com/iss/engines/stock/markets/shares/boards/TQBR/securities/OGKB/candles.json?from=2026-10-08&till=2026-10-08&interval=24&iss.meta=off&start=0
2026-10-08 17:24:35.995 | INFO     | src.database:insert_raw_candles:110 - Вставлено 1 записей в raw_candles
2026-10-08 17:24:35.996 | INFO     | src.database:upsert_meta:149 - Мета-информация обновлена для OGKB
2026-10-08 17:24:35.996 | INFO     | src.moex_loader:load_asset:216 - Загружено 1 свечей для OGKB (stock)
2026-10-08 17:24:35.996 | DEBUG    | src.moex_loader:_fetch_page:48 - Запрос: https://iss.moex.com/iss/engines/stock/markets/shares/boards/TQBR/securities/OMZZP/candles.json?from=2026-10-08&till=2026-10-08&interval=24&iss.meta=off&start=0
2026-10-08 17:24:36.923 | DEBUG    | src.moex_loader:_fetch_page:48 - Запрос: https://iss.moex.com/iss/engines/stock/markets/shares/boards/TQBR/securities/OMZZP/candles.json?from=2026-10-08&till=2026-10-08&interval=24&iss.meta=off&start=0
2026-10-08 17:24:37.135 | INFO     | src.database:insert_raw_candles:110 - Вставлено 1 записей в raw_candles
2026-10-08 17:24:37.136 | INFO     | src.database:upsert_meta:149 - Мета-информация обновлена для OMZZP
2026-10-08 17:24:37.136 | INFO     | src.moex_loader:load_asset:216 - Загружено 1 свечей для OMZZP (stock)
2026-10-08 17:24:37.136 | DEBUG    | src.moex_loader:_fetch_page:48 - Запрос: https://iss.moex.com/iss/engines/stock/markets/shares/boards/TQBR/securities/OZON/candles.json?from=2026-10-08&till=2026-10-08&interval=24&iss.meta=off&start=0
2026-10-08 17:24:37.925 | DEBUG    | src.moex_loader:_fetch_page:48 - Запрос: https://iss.moex.com/iss/engines/stock/markets/shares/boards/TQBR/securities/OZON/candles.json?from=2026-10-08&till=2026-10-08&interval=24&iss.meta=off&start=0
2026-10-08 17:24:38.132 | INFO     | src.database:insert_raw_candles:110 - Вставлено 1 записей в raw_candles
2026-10-08 17:24:38.132 | INFO     | src.database:upsert_meta:149 - Мета-информация обновлена для OZON
2026-10-08 17:24:38.132 | INFO     | src.moex_loader:load_asset:216 - Загружено 1 свечей для OZON (stock)
2026-10-08 17:24:38.133 | DEBUG    | src.moex_loader:_fetch_page:48 - Запрос: https://iss.moex.com/iss/engines/stock/markets/shares/boards/TQBR/securities/OZPH/candles.json?from=2026-10-08&till=2026-10-08&interval=24&iss.meta=off&start=0
2026-10-08 17:24:38.921 | DEBUG    | src.moex_loader:_fetch_page:48 - Запрос: https://iss.moex.com/iss/engines/stock/markets/shares/boards/TQBR/securities/OZPH/candles.json?from=2026-10-08&till=2026-10-08&interval=24&iss.meta=off&start=0
2026-10-08 17:24:39.124 | INFO     | src.database:insert_raw_candles:110 - Вставлено 1 записей в raw_candles
2026-10-08 17:24:39.124 | INFO     | src.database:upsert_meta:149 - Мета-информация обновлена для OZPH
2026-10-08 17:24:39.124 | INFO     | src.moex_loader:load_asset:216 - Загружено 1 свечей для OZPH (stock)
2026-10-08 17:24:39.125 | DEBUG    | src.moex_loader:_fetch_page:48 - Запрос: https://iss.moex.com/iss/engines/stock/markets/shares/boards/TQBR/securities/PAZA/candles.json?from=2026-10-08&till=2026-10-08&interval=24&iss.meta=off&start=0
2026-10-08 17:24:39.896 | DEBUG    | src.moex_loader:_fetch_page:48 - Запрос: https://iss.moex.com/iss/engines/stock/markets/shares/boards/TQBR/securities/PAZA/candles.json?from=2026-10-08&till=2026-10-08&interval=24&iss.meta=off&start=0
2026-10-08 17:24:40.096 | INFO     | src.database:insert_raw_candles:110 - Вставлено 1 записей в raw_candles
2026-10-08 17:24:40.097 | INFO     | src.database:upsert_meta:149 - Мета-информация обновлена для PAZA
2026-10-08 17:24:40.097 | INFO     | src.moex_loader:load_asset:216 - Загружено 1 свечей для PAZA (stock)
2026-10-08 17:24:40.097 | DEBUG    | src.moex_loader:_fetch_page:48 - Запрос: https://iss.moex.com/iss/engines/stock/markets/shares/boards/TQBR/securities/PHOR/candles.json?from=2026-10-08&till=2026-10-08&interval=24&iss.meta=off&start=0
2026-10-08 17:24:40.857 | DEBUG    | src.moex_loader:_fetch_page:48 - Запрос: https://iss.moex.com/iss/engines/stock/markets/shares/boards/TQBR/securities/PHOR/candles.json?from=2026-10-08&till=2026-10-08&interval=24&iss.meta=off&start=0
2026-10-08 17:24:41.065 | INFO     | src.database:insert_raw_candles:110 - Вставлено 1 записей в raw_candles
2026-10-08 17:24:41.065 | INFO     | src.database:upsert_meta:149 - Мета-информация обновлена для PHOR
2026-10-08 17:24:41.065 | INFO     | src.moex_loader:load_asset:216 - Загружено 1 свечей для PHOR (stock)
2026-10-08 17:24:41.066 | DEBUG    | src.moex_loader:_fetch_page:48 - Запрос: https://iss.moex.com/iss/engines/stock/markets/shares/boards/TQBR/securities/PIKK/candles.json?from=2026-10-08&till=2026-10-08&interval=24&iss.meta=off&start=0
2026-10-08 17:24:41.867 | DEBUG    | src.moex_loader:_fetch_page:48 - Запрос: https://iss.moex.com/iss/engines/stock/markets/shares/boards/TQBR/securities/PIKK/candles.json?from=2026-10-08&till=2026-10-08&interval=24&iss.meta=off&start=0
2026-10-08 17:24:42.071 | INFO     | src.database:insert_raw_candles:110 - Вставлено 1 записей в raw_candles
2026-10-08 17:24:42.072 | INFO     | src.database:upsert_meta:149 - Мета-информация обновлена для PIKK
2026-10-08 17:24:42.072 | INFO     | src.moex_loader:load_asset:216 - Загружено 1 свечей для PIKK (stock)
2026-10-08 17:24:42.072 | DEBUG    | src.moex_loader:_fetch_page:48 - Запрос: https://iss.moex.com/iss/engines/stock/markets/shares/boards/TQBR/securities/PLZL/candles.json?from=2026-10-08&till=2026-10-08&interval=24&iss.meta=off&start=0
2026-10-08 17:24:43.453 | DEBUG    | src.moex_loader:_fetch_page:48 - Запрос: https://iss.moex.com/iss/engines/stock/markets/shares/boards/TQBR/securities/PLZL/candles.json?from=2026-10-08&till=2026-10-08&interval=24&iss.meta=off&start=0
2026-10-08 17:24:43.786 | INFO     | src.database:insert_raw_candles:110 - Вставлено 1 записей в raw_candles
2026-10-08 17:24:43.787 | INFO     | src.database:upsert_meta:149 - Мета-информация обновлена для PLZL
2026-10-08 17:24:43.787 | INFO     | src.moex_loader:load_asset:216 - Загружено 1 свечей для PLZL (stock)
2026-10-08 17:24:43.787 | DEBUG    | src.moex_loader:_fetch_page:48 - Запрос: https://iss.moex.com/iss/engines/stock/markets/shares/boards/TQBR/securities/PMSB/candles.json?from=2026-10-08&till=2026-10-08&interval=24&iss.meta=off&start=0
2026-10-08 17:24:44.572 | DEBUG    | src.moex_loader:_fetch_page:48 - Запрос: https://iss.moex.com/iss/engines/stock/markets/shares/boards/TQBR/securities/PMSB/candles.json?from=2026-10-08&till=2026-10-08&interval=24&iss.meta=off&start=0
2026-10-08 17:24:44.775 | INFO     | src.database:insert_raw_candles:110 - Вставлено 1 записей в raw_candles
2026-10-08 17:24:44.776 | INFO     | src.database:upsert_meta:149 - Мета-информация обновлена для PMSB
2026-10-08 17:24:44.776 | INFO     | src.moex_loader:load_asset:216 - Загружено 1 свечей для PMSB (stock)
2026-10-08 17:24:44.776 | DEBUG    | src.moex_loader:_fetch_page:48 - Запрос: https://iss.moex.com/iss/engines/stock/markets/shares/boards/TQBR/securities/PMSBP/candles.json?from=2026-10-08&till=2026-10-08&interval=24&iss.meta=off&start=0
2026-10-08 17:24:45.591 | DEBUG    | src.moex_loader:_fetch_page:48 - Запрос: https://iss.moex.com/iss/engines/stock/markets/shares/boards/TQBR/securities/PMSBP/candles.json?from=2026-10-08&till=2026-10-08&interval=24&iss.meta=off&start=0
2026-10-08 17:24:45.799 | INFO     | src.database:insert_raw_candles:110 - Вставлено 1 записей в raw_candles
2026-10-08 17:24:45.799 | INFO     | src.database:upsert_meta:149 - Мета-информация обновлена для PMSBP
2026-10-08 17:24:45.800 | INFO     | src.moex_loader:load_asset:216 - Загружено 1 свечей для PMSBP (stock)
2026-10-08 17:24:45.800 | DEBUG    | src.moex_loader:_fetch_page:48 - Запрос: https://iss.moex.com/iss/engines/stock/markets/shares/boards/TQBR/securities/POSI/candles.json?from=2026-10-08&till=2026-10-08&interval=24&iss.meta=off&start=0
2026-10-08 17:24:46.635 | DEBUG    | src.moex_loader:_fetch_page:48 - Запрос: https://iss.moex.com/iss/engines/stock/markets/shares/boards/TQBR/securities/POSI/candles.json?from=2026-10-08&till=2026-10-08&interval=24&iss.meta=off&start=0
2026-10-08 17:24:46.850 | INFO     | src.database:insert_raw_candles:110 - Вставлено 1 записей в raw_candles
2026-10-08 17:24:46.850 | INFO     | src.database:upsert_meta:149 - Мета-информация обновлена для POSI
2026-10-08 17:24:46.850 | INFO     | src.moex_loader:load_asset:216 - Загружено 1 свечей для POSI (stock)
2026-10-08 17:24:46.851 | DEBUG    | src.moex_loader:_fetch_page:48 - Запрос: https://iss.moex.com/iss/engines/stock/markets/shares/boards/TQBR/securities/PRFN/candles.json?from=2026-10-08&till=2026-10-08&interval=24&iss.meta=off&start=0
2026-10-08 17:24:47.657 | DEBUG    | src.moex_loader:_fetch_page:48 - Запрос: https://iss.moex.com/iss/engines/stock/markets/shares/boards/TQBR/securities/PRFN/candles.json?from=2026-10-08&till=2026-10-08&interval=24&iss.meta=off&start=0
2026-10-08 17:24:47.861 | INFO     | src.database:insert_raw_candles:110 - Вставлено 1 записей в raw_candles
2026-10-08 17:24:47.862 | INFO     | src.database:upsert_meta:149 - Мета-информация обновлена для PRFN
2026-10-08 17:24:47.862 | INFO     | src.moex_loader:load_asset:216 - Загружено 1 свечей для PRFN (stock)
2026-10-08 17:24:47.862 | DEBUG    | src.moex_loader:_fetch_page:48 - Запрос: https://iss.moex.com/iss/engines/stock/markets/shares/boards/TQBR/securities/PRMB/candles.json?from=2026-10-08&till=2026-10-08&interval=24&iss.meta=off&start=0
2026-10-08 17:24:48.666 | DEBUG    | src.moex_loader:_fetch_page:48 - Запрос: https://iss.moex.com/iss/engines/stock/markets/shares/boards/TQBR/securities/PRMB/candles.json?from=2026-10-08&till=2026-10-08&interval=24&iss.meta=off&start=0
2026-10-08 17:24:48.874 | INFO     | src.database:insert_raw_candles:110 - Вставлено 1 записей в raw_candles
2026-10-08 17:24:48.874 | INFO     | src.database:upsert_meta:149 - Мета-информация обновлена для PRMB
2026-10-08 17:24:48.874 | INFO     | src.moex_loader:load_asset:216 - Загружено 1 свечей для PRMB (stock)
2026-10-08 17:24:48.875 | DEBUG    | src.moex_loader:_fetch_page:48 - Запрос: https://iss.moex.com/iss/engines/stock/markets/shares/boards/TQBR/securities/PRMD/candles.json?from=2026-10-08&till=2026-10-08&interval=24&iss.meta=off&start=0
2026-10-08 17:24:49.652 | DEBUG    | src.moex_loader:_fetch_page:48 - Запрос: https://iss.moex.com/iss/engines/stock/markets/shares/boards/TQBR/securities/PRMD/candles.json?from=2026-10-08&till=2026-10-08&interval=24&iss.meta=off&start=0
2026-10-08 17:24:49.921 | INFO     | src.database:insert_raw_candles:110 - Вставлено 1 записей в raw_candles
2026-10-08 17:24:49.922 | INFO     | src.database:upsert_meta:149 - Мета-информация обновлена для PRMD
2026-10-08 17:24:49.922 | INFO     | src.moex_loader:load_asset:216 - Загружено 1 свечей для PRMD (stock)
2026-10-08 17:24:49.922 | DEBUG    | src.moex_loader:_fetch_page:48 - Запрос: https://iss.moex.com/iss/engines/stock/markets/shares/boards/TQBR/securities/RAGR/candles.json?from=2026-10-08&till=2026-10-08&interval=24&iss.meta=off&start=0
2026-10-08 17:24:50.717 | DEBUG    | src.moex_loader:_fetch_page:48 - Запрос: https://iss.moex.com/iss/engines/stock/markets/shares/boards/TQBR/securities/RAGR/candles.json?from=2026-10-08&till=2026-10-08&interval=24&iss.meta=off&start=0
2026-10-08 17:24:50.920 | INFO     | src.database:insert_raw_candles:110 - Вставлено 1 записей в raw_candles
2026-10-08 17:24:50.921 | INFO     | src.database:upsert_meta:149 - Мета-информация обновлена для RAGR
2026-10-08 17:24:50.921 | INFO     | src.moex_loader:load_asset:216 - Загружено 1 свечей для RAGR (stock)
2026-10-08 17:24:50.921 | DEBUG    | src.moex_loader:_fetch_page:48 - Запрос: https://iss.moex.com/iss/engines/stock/markets/shares/boards/TQBR/securities/RASP/candles.json?from=2026-10-08&till=2026-10-08&interval=24&iss.meta=off&start=0
2026-10-08 17:24:51.710 | DEBUG    | src.moex_loader:_fetch_page:48 - Запрос: https://iss.moex.com/iss/engines/stock/markets/shares/boards/TQBR/securities/RASP/candles.json?from=2026-10-08&till=2026-10-08&interval=24&iss.meta=off&start=0
2026-10-08 17:24:51.913 | INFO     | src.database:insert_raw_candles:110 - Вставлено 1 записей в raw_candles
2026-10-08 17:24:51.913 | INFO     | src.database:upsert_meta:149 - Мета-информация обновлена для RASP
2026-10-08 17:24:51.913 | INFO     | src.moex_loader:load_asset:216 - Загружено 1 свечей для RASP (stock)
2026-10-08 17:24:51.914 | DEBUG    | src.moex_loader:_fetch_page:48 - Запрос: https://iss.moex.com/iss/engines/stock/markets/shares/boards/TQBR/securities/RBCM/candles.json?from=2026-10-08&till=2026-10-08&interval=24&iss.meta=off&start=0
2026-10-08 17:24:52.713 | DEBUG    | src.moex_loader:_fetch_page:48 - Запрос: https://iss.moex.com/iss/engines/stock/markets/shares/boards/TQBR/securities/RBCM/candles.json?from=2026-10-08&till=2026-10-08&interval=24&iss.meta=off&start=0
2026-10-08 17:24:52.928 | INFO     | src.database:insert_raw_candles:110 - Вставлено 1 записей в raw_candles
2026-10-08 17:24:52.929 | INFO     | src.database:upsert_meta:149 - Мета-информация обновлена для RBCM
2026-10-08 17:24:52.929 | INFO     | src.moex_loader:load_asset:216 - Загружено 1 свечей для RBCM (stock)
2026-10-08 17:24:52.931 | DEBUG    | src.moex_loader:_fetch_page:48 - Запрос: https://iss.moex.com/iss/engines/stock/markets/shares/boards/TQBR/securities/RDRB/candles.json?from=2026-10-08&till=2026-10-08&interval=24&iss.meta=off&start=0
2026-10-08 17:24:54.194 | DEBUG    | src.moex_loader:_fetch_page:48 - Запрос: https://iss.moex.com/iss/engines/stock/markets/shares/boards/TQBR/securities/RDRB/candles.json?from=2026-10-08&till=2026-10-08&interval=24&iss.meta=off&start=0
2026-10-08 17:24:54.416 | INFO     | src.database:insert_raw_candles:110 - Вставлено 1 записей в raw_candles
2026-10-08 17:24:54.417 | INFO     | src.database:upsert_meta:149 - Мета-информация обновлена для RDRB
2026-10-08 17:24:54.417 | INFO     | src.moex_loader:load_asset:216 - Загружено 1 свечей для RDRB (stock)
2026-10-08 17:24:54.418 | DEBUG    | src.moex_loader:_fetch_page:48 - Запрос: https://iss.moex.com/iss/engines/stock/markets/shares/boards/TQBR/securities/RENI/candles.json?from=2026-10-08&till=2026-10-08&interval=24&iss.meta=off&start=0
2026-10-08 17:24:55.268 | DEBUG    | src.moex_loader:_fetch_page:48 - Запрос: https://iss.moex.com/iss/engines/stock/markets/shares/boards/TQBR/securities/RENI/candles.json?from=2026-10-08&till=2026-10-08&interval=24&iss.meta=off&start=0
2026-10-08 17:24:55.925 | INFO     | src.database:insert_raw_candles:110 - Вставлено 1 записей в raw_candles
2026-10-08 17:24:55.926 | INFO     | src.database:upsert_meta:149 - Мета-информация обновлена для RENI
2026-10-08 17:24:55.926 | INFO     | src.moex_loader:load_asset:216 - Загружено 1 свечей для RENI (stock)
2026-10-08 17:24:55.927 | DEBUG    | src.moex_loader:_fetch_page:48 - Запрос: https://iss.moex.com/iss/engines/stock/markets/shares/boards/TQBR/securities/RGSS/candles.json?from=2026-10-08&till=2026-10-08&interval=24&iss.meta=off&start=0
2026-10-08 17:24:56.878 | DEBUG    | src.moex_loader:_fetch_page:48 - Запрос: https://iss.moex.com/iss/engines/stock/markets/shares/boards/TQBR/securities/RGSS/candles.json?from=2026-10-08&till=2026-10-08&interval=24&iss.meta=off&start=0
2026-10-08 17:24:57.077 | INFO     | src.database:insert_raw_candles:110 - Вставлено 1 записей в raw_candles
2026-10-08 17:24:57.078 | INFO     | src.database:upsert_meta:149 - Мета-информация обновлена для RGSS
2026-10-08 17:24:57.078 | INFO     | src.moex_loader:load_asset:216 - Загружено 1 свечей для RGSS (stock)
2026-10-08 17:24:57.078 | DEBUG    | src.moex_loader:_fetch_page:48 - Запрос: https://iss.moex.com/iss/engines/stock/markets/shares/boards/TQBR/securities/RKKE/candles.json?from=2026-10-08&till=2026-10-08&interval=24&iss.meta=off&start=0
2026-10-08 17:24:57.857 | DEBUG    | src.moex_loader:_fetch_page:48 - Запрос: https://iss.moex.com/iss/engines/stock/markets/shares/boards/TQBR/securities/RKKE/candles.json?from=2026-10-08&till=2026-10-08&interval=24&iss.meta=off&start=0
2026-10-08 17:24:58.066 | INFO     | src.database:insert_raw_candles:110 - Вставлено 1 записей в raw_candles
2026-10-08 17:24:58.067 | INFO     | src.database:upsert_meta:149 - Мета-информация обновлена для RKKE
2026-10-08 17:24:58.067 | INFO     | src.moex_loader:load_asset:216 - Загружено 1 свечей для RKKE (stock)
2026-10-08 17:24:58.068 | DEBUG    | src.moex_loader:_fetch_page:48 - Запрос: https://iss.moex.com/iss/engines/stock/markets/shares/boards/TQBR/securities/RNFT/candles.json?from=2026-10-08&till=2026-10-08&interval=24&iss.meta=off&start=0
2026-10-08 17:24:59.373 | DEBUG    | src.moex_loader:_fetch_page:48 - Запрос: https://iss.moex.com/iss/engines/stock/markets/shares/boards/TQBR/securities/RNFT/candles.json?from=2026-10-08&till=2026-10-08&interval=24&iss.meta=off&start=0
2026-10-08 17:24:59.577 | INFO     | src.database:insert_raw_candles:110 - Вставлено 1 записей в raw_candles
2026-10-08 17:24:59.577 | INFO     | src.database:upsert_meta:149 - Мета-информация обновлена для RNFT
2026-10-08 17:24:59.577 | INFO     | src.moex_loader:load_asset:216 - Загружено 1 свечей для RNFT (stock)
2026-10-08 17:24:59.578 | DEBUG    | src.moex_loader:_fetch_page:48 - Запрос: https://iss.moex.com/iss/engines/stock/markets/shares/boards/TQBR/securities/ROLO/candles.json?from=2026-10-08&till=2026-10-08&interval=24&iss.meta=off&start=0
2026-10-08 17:25:00.375 | DEBUG    | src.moex_loader:_fetch_page:48 - Запрос: https://iss.moex.com/iss/engines/stock/markets/shares/boards/TQBR/securities/ROLO/candles.json?from=2026-10-08&till=2026-10-08&interval=24&iss.meta=off&start=0
2026-10-08 17:25:00.723 | INFO     | src.database:insert_raw_candles:110 - Вставлено 1 записей в raw_candles
2026-10-08 17:25:00.723 | INFO     | src.database:upsert_meta:149 - Мета-информация обновлена для ROLO
2026-10-08 17:25:00.723 | INFO     | src.moex_loader:load_asset:216 - Загружено 1 свечей для ROLO (stock)
2026-10-08 17:25:00.724 | DEBUG    | src.moex_loader:_fetch_page:48 - Запрос: https://iss.moex.com/iss/engines/stock/markets/shares/boards/TQBR/securities/ROSN/candles.json?from=2026-10-08&till=2026-10-08&interval=24&iss.meta=off&start=0
2026-10-08 17:25:01.535 | DEBUG    | src.moex_loader:_fetch_page:48 - Запрос: https://iss.moex.com/iss/engines/stock/markets/shares/boards/TQBR/securities/ROSN/candles.json?from=2026-10-08&till=2026-10-08&interval=24&iss.meta=off&start=0
2026-10-08 17:25:01.760 | INFO     | src.database:insert_raw_candles:110 - Вставлено 1 записей в raw_candles
2026-10-08 17:25:01.761 | INFO     | src.database:upsert_meta:149 - Мета-информация обновлена для ROSN
2026-10-08 17:25:01.761 | INFO     | src.moex_loader:load_asset:216 - Загружено 1 свечей для ROSN (stock)
2026-10-08 17:25:01.762 | DEBUG    | src.moex_loader:_fetch_page:48 - Запрос: https://iss.moex.com/iss/engines/stock/markets/shares/boards/TQBR/securities/ROST/candles.json?from=2026-10-08&till=2026-10-08&interval=24&iss.meta=off&start=0
2026-10-08 17:25:02.578 | DEBUG    | src.moex_loader:_fetch_page:48 - Запрос: https://iss.moex.com/iss/engines/stock/markets/shares/boards/TQBR/securities/ROST/candles.json?from=2026-10-08&till=2026-10-08&interval=24&iss.meta=off&start=0
2026-10-08 17:25:02.786 | INFO     | src.database:insert_raw_candles:110 - Вставлено 1 записей в raw_candles
2026-10-08 17:25:02.787 | INFO     | src.database:upsert_meta:149 - Мета-информация обновлена для ROST
2026-10-08 17:25:02.787 | INFO     | src.moex_loader:load_asset:216 - Загружено 1 свечей для ROST (stock)
2026-10-08 17:25:02.787 | DEBUG    | src.moex_loader:_fetch_page:48 - Запрос: https://iss.moex.com/iss/engines/stock/markets/shares/boards/TQBR/securities/RTGZ/candles.json?from=2026-10-08&till=2026-10-08&interval=24&iss.meta=off&start=0
2026-10-08 17:25:03.582 | DEBUG    | src.moex_loader:_fetch_page:48 - Запрос: https://iss.moex.com/iss/engines/stock/markets/shares/boards/TQBR/securities/RTGZ/candles.json?from=2026-10-08&till=2026-10-08&interval=24&iss.meta=off&start=0
2026-10-08 17:25:03.788 | INFO     | src.database:insert_raw_candles:110 - Вставлено 1 записей в raw_candles
2026-10-08 17:25:03.788 | INFO     | src.database:upsert_meta:149 - Мета-информация обновлена для RTGZ
2026-10-08 17:25:03.788 | INFO     | src.moex_loader:load_asset:216 - Загружено 1 свечей для RTGZ (stock)
2026-10-08 17:25:03.789 | DEBUG    | src.moex_loader:_fetch_page:48 - Запрос: https://iss.moex.com/iss/engines/stock/markets/shares/boards/TQBR/securities/RTKM/candles.json?from=2026-10-08&till=2026-10-08&interval=24&iss.meta=off&start=0
2026-10-08 17:25:04.916 | DEBUG    | src.moex_loader:_fetch_page:48 - Запрос: https://iss.moex.com/iss/engines/stock/markets/shares/boards/TQBR/securities/RTKM/candles.json?from=2026-10-08&till=2026-10-08&interval=24&iss.meta=off&start=0
2026-10-08 17:25:05.118 | INFO     | src.database:insert_raw_candles:110 - Вставлено 1 записей в raw_candles
2026-10-08 17:25:05.118 | INFO     | src.database:upsert_meta:149 - Мета-информация обновлена для RTKM
2026-10-08 17:25:05.119 | INFO     | src.moex_loader:load_asset:216 - Загружено 1 свечей для RTKM (stock)
2026-10-08 17:25:05.119 | DEBUG    | src.moex_loader:_fetch_page:48 - Запрос: https://iss.moex.com/iss/engines/stock/markets/shares/boards/TQBR/securities/RTKMP/candles.json?from=2026-10-08&till=2026-10-08&interval=24&iss.meta=off&start=0
2026-10-08 17:25:05.901 | DEBUG    | src.moex_loader:_fetch_page:48 - Запрос: https://iss.moex.com/iss/engines/stock/markets/shares/boards/TQBR/securities/RTKMP/candles.json?from=2026-10-08&till=2026-10-08&interval=24&iss.meta=off&start=0
2026-10-08 17:25:06.502 | INFO     | src.database:insert_raw_candles:110 - Вставлено 1 записей в raw_candles
2026-10-08 17:25:06.503 | INFO     | src.database:upsert_meta:149 - Мета-информация обновлена для RTKMP
2026-10-08 17:25:06.503 | INFO     | src.moex_loader:load_asset:216 - Загружено 1 свечей для RTKMP (stock)
2026-10-08 17:25:06.504 | DEBUG    | src.moex_loader:_fetch_page:48 - Запрос: https://iss.moex.com/iss/engines/stock/markets/shares/boards/TQBR/securities/RTSB/candles.json?from=2026-10-08&till=2026-10-08&interval=24&iss.meta=off&start=0
2026-10-08 17:25:07.309 | DEBUG    | src.moex_loader:_fetch_page:48 - Запрос: https://iss.moex.com/iss/engines/stock/markets/shares/boards/TQBR/securities/RTSB/candles.json?from=2026-10-08&till=2026-10-08&interval=24&iss.meta=off&start=0
2026-10-08 17:25:07.564 | INFO     | src.database:insert_raw_candles:110 - Вставлено 1 записей в raw_candles
2026-10-08 17:25:07.564 | INFO     | src.database:upsert_meta:149 - Мета-информация обновлена для RTSB
2026-10-08 17:25:07.565 | INFO     | src.moex_loader:load_asset:216 - Загружено 1 свечей для RTSB (stock)
2026-10-08 17:25:07.565 | DEBUG    | src.moex_loader:_fetch_page:48 - Запрос: https://iss.moex.com/iss/engines/stock/markets/shares/boards/TQBR/securities/RTSBP/candles.json?from=2026-10-08&till=2026-10-08&interval=24&iss.meta=off&start=0
2026-10-08 17:25:08.370 | DEBUG    | src.moex_loader:_fetch_page:48 - Запрос: https://iss.moex.com/iss/engines/stock/markets/shares/boards/TQBR/securities/RTSBP/candles.json?from=2026-10-08&till=2026-10-08&interval=24&iss.meta=off&start=0
2026-10-08 17:25:08.872 | INFO     | src.database:insert_raw_candles:110 - Вставлено 1 записей в raw_candles
2026-10-08 17:25:08.872 | INFO     | src.database:upsert_meta:149 - Мета-информация обновлена для RTSBP
2026-10-08 17:25:08.872 | INFO     | src.moex_loader:load_asset:216 - Загружено 1 свечей для RTSBP (stock)
2026-10-08 17:25:08.873 | DEBUG    | src.moex_loader:_fetch_page:48 - Запрос: https://iss.moex.com/iss/engines/stock/markets/shares/boards/TQBR/securities/RUAL/candles.json?from=2026-10-08&till=2026-10-08&interval=24&iss.meta=off&start=0
2026-10-08 17:25:09.697 | DEBUG    | src.moex_loader:_fetch_page:48 - Запрос: https://iss.moex.com/iss/engines/stock/markets/shares/boards/TQBR/securities/RUAL/candles.json?from=2026-10-08&till=2026-10-08&interval=24&iss.meta=off&start=0
2026-10-08 17:25:10.431 | INFO     | src.database:insert_raw_candles:110 - Вставлено 1 записей в raw_candles
2026-10-08 17:25:10.431 | INFO     | src.database:upsert_meta:149 - Мета-информация обновлена для RUAL
2026-10-08 17:25:10.432 | INFO     | src.moex_loader:load_asset:216 - Загружено 1 свечей для RUAL (stock)
2026-10-08 17:25:10.432 | DEBUG    | src.moex_loader:_fetch_page:48 - Запрос: https://iss.moex.com/iss/engines/stock/markets/shares/boards/TQBR/securities/RUSI/candles.json?from=2026-10-08&till=2026-10-08&interval=24&iss.meta=off&start=0
2026-10-08 17:25:11.226 | DEBUG    | src.moex_loader:_fetch_page:48 - Запрос: https://iss.moex.com/iss/engines/stock/markets/shares/boards/TQBR/securities/RUSI/candles.json?from=2026-10-08&till=2026-10-08&interval=24&iss.meta=off&start=0
2026-10-08 17:25:11.448 | INFO     | src.database:insert_raw_candles:110 - Вставлено 1 записей в raw_candles
2026-10-08 17:25:11.449 | INFO     | src.database:upsert_meta:149 - Мета-информация обновлена для RUSI
2026-10-08 17:25:11.449 | INFO     | src.moex_loader:load_asset:216 - Загружено 1 свечей для RUSI (stock)
2026-10-08 17:25:11.449 | DEBUG    | src.moex_loader:_fetch_page:48 - Запрос: https://iss.moex.com/iss/engines/stock/markets/shares/boards/TQBR/securities/RZSB/candles.json?from=2026-10-08&till=2026-10-08&interval=24&iss.meta=off&start=0
2026-10-08 17:25:12.233 | DEBUG    | src.moex_loader:_fetch_page:48 - Запрос: https://iss.moex.com/iss/engines/stock/markets/shares/boards/TQBR/securities/RZSB/candles.json?from=2026-10-08&till=2026-10-08&interval=24&iss.meta=off&start=0
2026-10-08 17:25:12.577 | INFO     | src.database:insert_raw_candles:110 - Вставлено 1 записей в raw_candles
2026-10-08 17:25:12.578 | INFO     | src.database:upsert_meta:149 - Мета-информация обновлена для RZSB
2026-10-08 17:25:12.578 | INFO     | src.moex_loader:load_asset:216 - Загружено 1 свечей для RZSB (stock)
2026-10-08 17:25:12.578 | DEBUG    | src.moex_loader:_fetch_page:48 - Запрос: https://iss.moex.com/iss/engines/stock/markets/shares/boards/TQBR/securities/SAGO/candles.json?from=2026-10-08&till=2026-10-08&interval=24&iss.meta=off&start=0
2026-10-08 17:25:13.585 | DEBUG    | src.moex_loader:_fetch_page:48 - Запрос: https://iss.moex.com/iss/engines/stock/markets/shares/boards/TQBR/securities/SAGO/candles.json?from=2026-10-08&till=2026-10-08&interval=24&iss.meta=off&start=0
2026-10-08 17:25:13.787 | INFO     | src.database:insert_raw_candles:110 - Вставлено 1 записей в raw_candles
2026-10-08 17:25:13.788 | INFO     | src.database:upsert_meta:149 - Мета-информация обновлена для SAGO
2026-10-08 17:25:13.788 | INFO     | src.moex_loader:load_asset:216 - Загружено 1 свечей для SAGO (stock)
2026-10-08 17:25:13.789 | DEBUG    | src.moex_loader:_fetch_page:48 - Запрос: https://iss.moex.com/iss/engines/stock/markets/shares/boards/TQBR/securities/SAGOP/candles.json?from=2026-10-08&till=2026-10-08&interval=24&iss.meta=off&start=0
2026-10-08 17:25:14.573 | DEBUG    | src.moex_loader:_fetch_page:48 - Запрос: https://iss.moex.com/iss/engines/stock/markets/shares/boards/TQBR/securities/SAGOP/candles.json?from=2026-10-08&till=2026-10-08&interval=24&iss.meta=off&start=0
2026-10-08 17:25:14.902 | INFO     | src.database:insert_raw_candles:110 - Вставлено 1 записей в raw_candles
2026-10-08 17:25:14.902 | INFO     | src.database:upsert_meta:149 - Мета-информация обновлена для SAGOP
2026-10-08 17:25:14.903 | INFO     | src.moex_loader:load_asset:216 - Загружено 1 свечей для SAGOP (stock)
2026-10-08 17:25:14.903 | DEBUG    | src.moex_loader:_fetch_page:48 - Запрос: https://iss.moex.com/iss/engines/stock/markets/shares/boards/TQBR/securities/SARE/candles.json?from=2026-10-08&till=2026-10-08&interval=24&iss.meta=off&start=0
2026-10-08 17:25:15.702 | DEBUG    | src.moex_loader:_fetch_page:48 - Запрос: https://iss.moex.com/iss/engines/stock/markets/shares/boards/TQBR/securities/SARE/candles.json?from=2026-10-08&till=2026-10-08&interval=24&iss.meta=off&start=0
2026-10-08 17:25:15.904 | INFO     | src.database:insert_raw_candles:110 - Вставлено 1 записей в raw_candles
2026-10-08 17:25:15.905 | INFO     | src.database:upsert_meta:149 - Мета-информация обновлена для SARE
2026-10-08 17:25:15.905 | INFO     | src.moex_loader:load_asset:216 - Загружено 1 свечей для SARE (stock)
2026-10-08 17:25:15.905 | DEBUG    | src.moex_loader:_fetch_page:48 - Запрос: https://iss.moex.com/iss/engines/stock/markets/shares/boards/TQBR/securities/SAREP/candles.json?from=2026-10-08&till=2026-10-08&interval=24&iss.meta=off&start=0
2026-10-08 17:25:16.698 | DEBUG    | src.moex_loader:_fetch_page:48 - Запрос: https://iss.moex.com/iss/engines/stock/markets/shares/boards/TQBR/securities/SAREP/candles.json?from=2026-10-08&till=2026-10-08&interval=24&iss.meta=off&start=0
2026-10-08 17:25:17.330 | INFO     | src.database:insert_raw_candles:110 - Вставлено 1 записей в raw_candles
2026-10-08 17:25:17.331 | INFO     | src.database:upsert_meta:149 - Мета-информация обновлена для SAREP
2026-10-08 17:25:17.331 | INFO     | src.moex_loader:load_asset:216 - Загружено 1 свечей для SAREP (stock)
2026-10-08 17:25:17.332 | DEBUG    | src.moex_loader:_fetch_page:48 - Запрос: https://iss.moex.com/iss/engines/stock/markets/shares/boards/TQBR/securities/SBER/candles.json?from=2026-10-09&till=2026-10-08&interval=24&iss.meta=off&start=0
2026-10-08 17:25:18.133 | WARNING  | src.moex_loader:fetch_candles_async:85 - Нет данных для SBER за период 2026-10-09 - 2026-10-08
2026-10-08 17:25:18.134 | WARNING  | src.moex_loader:load_asset:204 - Нет данных для SBER (stock)
2026-10-08 17:25:18.135 | DEBUG    | src.moex_loader:_fetch_page:48 - Запрос: https://iss.moex.com/iss/engines/stock/markets/shares/boards/TQBR/securities/SBERP/candles.json?from=2026-10-08&till=2026-10-08&interval=24&iss.meta=off&start=0
2026-10-08 17:25:18.969 | DEBUG    | src.moex_loader:_fetch_page:48 - Запрос: https://iss.moex.com/iss/engines/stock/markets/shares/boards/TQBR/securities/SBERP/candles.json?from=2026-10-08&till=2026-10-08&interval=24&iss.meta=off&start=0
2026-10-08 17:25:19.168 | INFO     | src.database:insert_raw_candles:110 - Вставлено 1 записей в raw_candles
2026-10-08 17:25:19.168 | INFO     | src.database:upsert_meta:149 - Мета-информация обновлена для SBERP
2026-10-08 17:25:19.168 | INFO     | src.moex_loader:load_asset:216 - Загружено 1 свечей для SBERP (stock)
2026-10-08 17:25:19.169 | DEBUG    | src.moex_loader:_fetch_page:48 - Запрос: https://iss.moex.com/iss/engines/stock/markets/shares/boards/TQBR/securities/SELG/candles.json?from=2026-10-08&till=2026-10-08&interval=24&iss.meta=off&start=0
2026-10-08 17:25:20.120 | DEBUG    | src.moex_loader:_fetch_page:48 - Запрос: https://iss.moex.com/iss/engines/stock/markets/shares/boards/TQBR/securities/SELG/candles.json?from=2026-10-08&till=2026-10-08&interval=24&iss.meta=off&start=0
2026-10-08 17:25:20.350 | INFO     | src.database:insert_raw_candles:110 - Вставлено 1 записей в raw_candles
2026-10-08 17:25:20.351 | INFO     | src.database:upsert_meta:149 - Мета-информация обновлена для SELG
2026-10-08 17:25:20.351 | INFO     | src.moex_loader:load_asset:216 - Загружено 1 свечей для SELG (stock)
2026-10-08 17:25:20.352 | DEBUG    | src.moex_loader:_fetch_page:48 - Запрос: https://iss.moex.com/iss/engines/stock/markets/shares/boards/TQBR/securities/SFIN/candles.json?from=2026-10-08&till=2026-10-08&interval=24&iss.meta=off&start=0
2026-10-08 17:25:21.160 | DEBUG    | src.moex_loader:_fetch_page:48 - Запрос: https://iss.moex.com/iss/engines/stock/markets/shares/boards/TQBR/securities/SFIN/candles.json?from=2026-10-08&till=2026-10-08&interval=24&iss.meta=off&start=0
2026-10-08 17:25:21.590 | INFO     | src.database:insert_raw_candles:110 - Вставлено 1 записей в raw_candles
2026-10-08 17:25:21.591 | INFO     | src.database:upsert_meta:149 - Мета-информация обновлена для SFIN
2026-10-08 17:25:21.591 | INFO     | src.moex_loader:load_asset:216 - Загружено 1 свечей для SFIN (stock)
2026-10-08 17:25:21.591 | DEBUG    | src.moex_loader:_fetch_page:48 - Запрос: https://iss.moex.com/iss/engines/stock/markets/shares/boards/TQBR/securities/SGZH/candles.json?from=2026-10-08&till=2026-10-08&interval=24&iss.meta=off&start=0
2026-10-08 17:25:22.384 | DEBUG    | src.moex_loader:_fetch_page:48 - Запрос: https://iss.moex.com/iss/engines/stock/markets/shares/boards/TQBR/securities/SGZH/candles.json?from=2026-10-08&till=2026-10-08&interval=24&iss.meta=off&start=0
2026-10-08 17:25:22.584 | INFO     | src.database:insert_raw_candles:110 - Вставлено 1 записей в raw_candles
2026-10-08 17:25:22.585 | INFO     | src.database:upsert_meta:149 - Мета-информация обновлена для SGZH
2026-10-08 17:25:22.585 | INFO     | src.moex_loader:load_asset:216 - Загружено 1 свечей для SGZH (stock)
2026-10-08 17:25:22.585 | DEBUG    | src.moex_loader:_fetch_page:48 - Запрос: https://iss.moex.com/iss/engines/stock/markets/shares/boards/TQBR/securities/SIBN/candles.json?from=2026-10-08&till=2026-10-08&interval=24&iss.meta=off&start=0
2026-10-08 17:25:23.357 | DEBUG    | src.moex_loader:_fetch_page:48 - Запрос: https://iss.moex.com/iss/engines/stock/markets/shares/boards/TQBR/securities/SIBN/candles.json?from=2026-10-08&till=2026-10-08&interval=24&iss.meta=off&start=0
2026-10-08 17:25:23.581 | INFO     | src.database:insert_raw_candles:110 - Вставлено 1 записей в raw_candles
2026-10-08 17:25:23.581 | INFO     | src.database:upsert_meta:149 - Мета-информация обновлена для SIBN
2026-10-08 17:25:23.581 | INFO     | src.moex_loader:load_asset:216 - Загружено 1 свечей для SIBN (stock)
2026-10-08 17:25:23.582 | DEBUG    | src.moex_loader:_fetch_page:48 - Запрос: https://iss.moex.com/iss/engines/stock/markets/shares/boards/TQBR/securities/SLEN/candles.json?from=2026-10-08&till=2026-10-08&interval=24&iss.meta=off&start=0
2026-10-08 17:25:24.667 | DEBUG    | src.moex_loader:_fetch_page:48 - Запрос: https://iss.moex.com/iss/engines/stock/markets/shares/boards/TQBR/securities/SLEN/candles.json?from=2026-10-08&till=2026-10-08&interval=24&iss.meta=off&start=0
2026-10-08 17:25:24.869 | INFO     | src.database:insert_raw_candles:110 - Вставлено 1 записей в raw_candles
2026-10-08 17:25:24.869 | INFO     | src.database:upsert_meta:149 - Мета-информация обновлена для SLEN
2026-10-08 17:25:24.870 | INFO     | src.moex_loader:load_asset:216 - Загружено 1 свечей для SLEN (stock)
2026-10-08 17:25:24.870 | DEBUG    | src.moex_loader:_fetch_page:48 - Запрос: https://iss.moex.com/iss/engines/stock/markets/shares/boards/TQBR/securities/SMLT/candles.json?from=2026-10-08&till=2026-10-08&interval=24&iss.meta=off&start=0
2026-10-08 17:25:25.804 | DEBUG    | src.moex_loader:_fetch_page:48 - Запрос: https://iss.moex.com/iss/engines/stock/markets/shares/boards/TQBR/securities/SMLT/candles.json?from=2026-10-08&till=2026-10-08&interval=24&iss.meta=off&start=0
2026-10-08 17:25:26.004 | INFO     | src.database:insert_raw_candles:110 - Вставлено 1 записей в raw_candles
2026-10-08 17:25:26.004 | INFO     | src.database:upsert_meta:149 - Мета-информация обновлена для SMLT
2026-10-08 17:25:26.005 | INFO     | src.moex_loader:load_asset:216 - Загружено 1 свечей для SMLT (stock)
2026-10-08 17:25:26.005 | DEBUG    | src.moex_loader:_fetch_page:48 - Запрос: https://iss.moex.com/iss/engines/stock/markets/shares/boards/TQBR/securities/SNGS/candles.json?from=2026-10-08&till=2026-10-08&interval=24&iss.meta=off&start=0
2026-10-08 17:25:26.804 | DEBUG    | src.moex_loader:_fetch_page:48 - Запрос: https://iss.moex.com/iss/engines/stock/markets/shares/boards/TQBR/securities/SNGS/candles.json?from=2026-10-08&till=2026-10-08&interval=24&iss.meta=off&start=0
2026-10-08 17:25:27.027 | INFO     | src.database:insert_raw_candles:110 - Вставлено 1 записей в raw_candles
2026-10-08 17:25:27.027 | INFO     | src.database:upsert_meta:149 - Мета-информация обновлена для SNGS
2026-10-08 17:25:27.027 | INFO     | src.moex_loader:load_asset:216 - Загружено 1 свечей для SNGS (stock)
2026-10-08 17:25:27.028 | DEBUG    | src.moex_loader:_fetch_page:48 - Запрос: https://iss.moex.com/iss/engines/stock/markets/shares/boards/TQBR/securities/SNGSP/candles.json?from=2026-10-08&till=2026-10-08&interval=24&iss.meta=off&start=0
2026-10-08 17:25:27.833 | DEBUG    | src.moex_loader:_fetch_page:48 - Запрос: https://iss.moex.com/iss/engines/stock/markets/shares/boards/TQBR/securities/SNGSP/candles.json?from=2026-10-08&till=2026-10-08&interval=24&iss.meta=off&start=0
2026-10-08 17:25:28.416 | INFO     | src.database:insert_raw_candles:110 - Вставлено 1 записей в raw_candles
2026-10-08 17:25:28.417 | INFO     | src.database:upsert_meta:149 - Мета-информация обновлена для SNGSP
2026-10-08 17:25:28.417 | INFO     | src.moex_loader:load_asset:216 - Загружено 1 свечей для SNGSP (stock)
2026-10-08 17:25:28.417 | DEBUG    | src.moex_loader:_fetch_page:48 - Запрос: https://iss.moex.com/iss/engines/stock/markets/shares/boards/TQBR/securities/SOFL/candles.json?from=2026-10-08&till=2026-10-08&interval=24&iss.meta=off&start=0
2026-10-08 17:25:29.645 | DEBUG    | src.moex_loader:_fetch_page:48 - Запрос: https://iss.moex.com/iss/engines/stock/markets/shares/boards/TQBR/securities/SOFL/candles.json?from=2026-10-08&till=2026-10-08&interval=24&iss.meta=off&start=0
2026-10-08 17:25:29.847 | INFO     | src.database:insert_raw_candles:110 - Вставлено 1 записей в raw_candles
2026-10-08 17:25:29.848 | INFO     | src.database:upsert_meta:149 - Мета-информация обновлена для SOFL
2026-10-08 17:25:29.848 | INFO     | src.moex_loader:load_asset:216 - Загружено 1 свечей для SOFL (stock)
2026-10-08 17:25:29.848 | DEBUG    | src.moex_loader:_fetch_page:48 - Запрос: https://iss.moex.com/iss/engines/stock/markets/shares/boards/TQBR/securities/SPBE/candles.json?from=2026-10-08&till=2026-10-08&interval=24&iss.meta=off&start=0
2026-10-08 17:25:31.230 | DEBUG    | src.moex_loader:_fetch_page:48 - Запрос: https://iss.moex.com/iss/engines/stock/markets/shares/boards/TQBR/securities/SPBE/candles.json?from=2026-10-08&till=2026-10-08&interval=24&iss.meta=off&start=0
2026-10-08 17:25:31.441 | INFO     | src.database:insert_raw_candles:110 - Вставлено 1 записей в raw_candles
2026-10-08 17:25:31.442 | INFO     | src.database:upsert_meta:149 - Мета-информация обновлена для SPBE
2026-10-08 17:25:31.442 | INFO     | src.moex_loader:load_asset:216 - Загружено 1 свечей для SPBE (stock)
2026-10-08 17:25:31.442 | DEBUG    | src.moex_loader:_fetch_page:48 - Запрос: https://iss.moex.com/iss/engines/stock/markets/shares/boards/TQBR/securities/STSB/candles.json?from=2026-10-08&till=2026-10-08&interval=24&iss.meta=off&start=0
2026-10-08 17:25:32.215 | DEBUG    | src.moex_loader:_fetch_page:48 - Запрос: https://iss.moex.com/iss/engines/stock/markets/shares/boards/TQBR/securities/STSB/candles.json?from=2026-10-08&till=2026-10-08&interval=24&iss.meta=off&start=0
2026-10-08 17:25:32.633 | INFO     | src.database:insert_raw_candles:110 - Вставлено 1 записей в raw_candles
2026-10-08 17:25:32.634 | INFO     | src.database:upsert_meta:149 - Мета-информация обновлена для STSB
2026-10-08 17:25:32.634 | INFO     | src.moex_loader:load_asset:216 - Загружено 1 свечей для STSB (stock)
2026-10-08 17:25:32.635 | DEBUG    | src.moex_loader:_fetch_page:48 - Запрос: https://iss.moex.com/iss/engines/stock/markets/shares/boards/TQBR/securities/STSBP/candles.json?from=2026-10-08&till=2026-10-08&interval=24&iss.meta=off&start=0
2026-10-08 17:25:33.471 | DEBUG    | src.moex_loader:_fetch_page:48 - Запрос: https://iss.moex.com/iss/engines/stock/markets/shares/boards/TQBR/securities/STSBP/candles.json?from=2026-10-08&till=2026-10-08&interval=24&iss.meta=off&start=0
2026-10-08 17:25:33.678 | INFO     | src.database:insert_raw_candles:110 - Вставлено 1 записей в raw_candles
2026-10-08 17:25:33.679 | INFO     | src.database:upsert_meta:149 - Мета-информация обновлена для STSBP
2026-10-08 17:25:33.679 | INFO     | src.moex_loader:load_asset:216 - Загружено 1 свечей для STSBP (stock)
2026-10-08 17:25:33.680 | DEBUG    | src.moex_loader:_fetch_page:48 - Запрос: https://iss.moex.com/iss/engines/stock/markets/shares/boards/TQBR/securities/SVAV/candles.json?from=2026-10-08&till=2026-10-08&interval=24&iss.meta=off&start=0
2026-10-08 17:25:34.751 | DEBUG    | src.moex_loader:_fetch_page:48 - Запрос: https://iss.moex.com/iss/engines/stock/markets/shares/boards/TQBR/securities/SVAV/candles.json?from=2026-10-08&till=2026-10-08&interval=24&iss.meta=off&start=0
2026-10-08 17:25:34.948 | INFO     | src.database:insert_raw_candles:110 - Вставлено 1 записей в raw_candles
2026-10-08 17:25:34.949 | INFO     | src.database:upsert_meta:149 - Мета-информация обновлена для SVAV
2026-10-08 17:25:34.949 | INFO     | src.moex_loader:load_asset:216 - Загружено 1 свечей для SVAV (stock)
2026-10-08 17:25:34.949 | DEBUG    | src.moex_loader:_fetch_page:48 - Запрос: https://iss.moex.com/iss/engines/stock/markets/shares/boards/TQBR/securities/SVCB/candles.json?from=2026-10-08&till=2026-10-08&interval=24&iss.meta=off&start=0
2026-10-08 17:25:35.728 | DEBUG    | src.moex_loader:_fetch_page:48 - Запрос: https://iss.moex.com/iss/engines/stock/markets/shares/boards/TQBR/securities/SVCB/candles.json?from=2026-10-08&till=2026-10-08&interval=24&iss.meta=off&start=0
2026-10-08 17:25:36.016 | INFO     | src.database:insert_raw_candles:110 - Вставлено 1 записей в raw_candles
2026-10-08 17:25:36.017 | INFO     | src.database:upsert_meta:149 - Мета-информация обновлена для SVCB
2026-10-08 17:25:36.017 | INFO     | src.moex_loader:load_asset:216 - Загружено 1 свечей для SVCB (stock)
2026-10-08 17:25:36.017 | DEBUG    | src.moex_loader:_fetch_page:48 - Запрос: https://iss.moex.com/iss/engines/stock/markets/shares/boards/TQBR/securities/SVET/candles.json?from=2026-10-08&till=2026-10-08&interval=24&iss.meta=off&start=0
2026-10-08 17:25:36.862 | DEBUG    | src.moex_loader:_fetch_page:48 - Запрос: https://iss.moex.com/iss/engines/stock/markets/shares/boards/TQBR/securities/SVET/candles.json?from=2026-10-08&till=2026-10-08&interval=24&iss.meta=off&start=0
2026-10-08 17:25:37.199 | INFO     | src.database:insert_raw_candles:110 - Вставлено 1 записей в raw_candles
2026-10-08 17:25:37.200 | INFO     | src.database:upsert_meta:149 - Мета-информация обновлена для SVET
2026-10-08 17:25:37.200 | INFO     | src.moex_loader:load_asset:216 - Загружено 1 свечей для SVET (stock)
2026-10-08 17:25:37.200 | DEBUG    | src.moex_loader:_fetch_page:48 - Запрос: https://iss.moex.com/iss/engines/stock/markets/shares/boards/TQBR/securities/SVETP/candles.json?from=2026-10-08&till=2026-10-08&interval=24&iss.meta=off&start=0
2026-10-08 17:25:38.034 | DEBUG    | src.moex_loader:_fetch_page:48 - Запрос: https://iss.moex.com/iss/engines/stock/markets/shares/boards/TQBR/securities/SVETP/candles.json?from=2026-10-08&till=2026-10-08&interval=24&iss.meta=off&start=0
2026-10-08 17:25:38.319 | INFO     | src.database:insert_raw_candles:110 - Вставлено 1 записей в raw_candles
2026-10-08 17:25:38.320 | INFO     | src.database:upsert_meta:149 - Мета-информация обновлена для SVETP
2026-10-08 17:25:38.320 | INFO     | src.moex_loader:load_asset:216 - Загружено 1 свечей для SVETP (stock)
2026-10-08 17:25:38.320 | DEBUG    | src.moex_loader:_fetch_page:48 - Запрос: https://iss.moex.com/iss/engines/stock/markets/shares/boards/TQBR/securities/T/candles.json?from=2026-10-08&till=2026-10-08&interval=24&iss.meta=off&start=0
2026-10-08 17:25:39.118 | DEBUG    | src.moex_loader:_fetch_page:48 - Запрос: https://iss.moex.com/iss/engines/stock/markets/shares/boards/TQBR/securities/T/candles.json?from=2026-10-08&till=2026-10-08&interval=24&iss.meta=off&start=0
2026-10-08 17:25:39.558 | INFO     | src.database:insert_raw_candles:110 - Вставлено 1 записей в raw_candles
2026-10-08 17:25:39.559 | INFO     | src.database:upsert_meta:149 - Мета-информация обновлена для T
2026-10-08 17:25:39.559 | INFO     | src.moex_loader:load_asset:216 - Загружено 1 свечей для T (stock)
2026-10-08 17:25:39.559 | DEBUG    | src.moex_loader:_fetch_page:48 - Запрос: https://iss.moex.com/iss/engines/stock/markets/shares/boards/TQBR/securities/TASB/candles.json?from=2026-10-08&till=2026-10-08&interval=24&iss.meta=off&start=0
2026-10-08 17:25:40.651 | DEBUG    | src.moex_loader:_fetch_page:48 - Запрос: https://iss.moex.com/iss/engines/stock/markets/shares/boards/TQBR/securities/TASB/candles.json?from=2026-10-08&till=2026-10-08&interval=24&iss.meta=off&start=0
2026-10-08 17:25:41.126 | INFO     | src.database:insert_raw_candles:110 - Вставлено 1 записей в raw_candles
2026-10-08 17:25:41.126 | INFO     | src.database:upsert_meta:149 - Мета-информация обновлена для TASB
2026-10-08 17:25:41.126 | INFO     | src.moex_loader:load_asset:216 - Загружено 1 свечей для TASB (stock)
2026-10-08 17:25:41.127 | DEBUG    | src.moex_loader:_fetch_page:48 - Запрос: https://iss.moex.com/iss/engines/stock/markets/shares/boards/TQBR/securities/TASBP/candles.json?from=2026-10-08&till=2026-10-08&interval=24&iss.meta=off&start=0
2026-10-08 17:25:42.178 | DEBUG    | src.moex_loader:_fetch_page:48 - Запрос: https://iss.moex.com/iss/engines/stock/markets/shares/boards/TQBR/securities/TASBP/candles.json?from=2026-10-08&till=2026-10-08&interval=24&iss.meta=off&start=0
2026-10-08 17:25:42.654 | INFO     | src.database:insert_raw_candles:110 - Вставлено 1 записей в raw_candles
2026-10-08 17:25:42.654 | INFO     | src.database:upsert_meta:149 - Мета-информация обновлена для TASBP
2026-10-08 17:25:42.655 | INFO     | src.moex_loader:load_asset:216 - Загружено 1 свечей для TASBP (stock)
2026-10-08 17:25:42.655 | DEBUG    | src.moex_loader:_fetch_page:48 - Запрос: https://iss.moex.com/iss/engines/stock/markets/shares/boards/TQBR/securities/TATN/candles.json?from=2026-10-08&till=2026-10-08&interval=24&iss.meta=off&start=0
2026-10-08 17:25:43.493 | DEBUG    | src.moex_loader:_fetch_page:48 - Запрос: https://iss.moex.com/iss/engines/stock/markets/shares/boards/TQBR/securities/TATN/candles.json?from=2026-10-08&till=2026-10-08&interval=24&iss.meta=off&start=0
2026-10-08 17:25:43.708 | INFO     | src.database:insert_raw_candles:110 - Вставлено 1 записей в raw_candles
2026-10-08 17:25:43.709 | INFO     | src.database:upsert_meta:149 - Мета-информация обновлена для TATN
2026-10-08 17:25:43.709 | INFO     | src.moex_loader:load_asset:216 - Загружено 1 свечей для TATN (stock)
2026-10-08 17:25:43.709 | DEBUG    | src.moex_loader:_fetch_page:48 - Запрос: https://iss.moex.com/iss/engines/stock/markets/shares/boards/TQBR/securities/TATNP/candles.json?from=2026-10-08&till=2026-10-08&interval=24&iss.meta=off&start=0
2026-10-08 17:25:44.852 | DEBUG    | src.moex_loader:_fetch_page:48 - Запрос: https://iss.moex.com/iss/engines/stock/markets/shares/boards/TQBR/securities/TATNP/candles.json?from=2026-10-08&till=2026-10-08&interval=24&iss.meta=off&start=0
2026-10-08 17:25:45.053 | INFO     | src.database:insert_raw_candles:110 - Вставлено 1 записей в raw_candles
2026-10-08 17:25:45.053 | INFO     | src.database:upsert_meta:149 - Мета-информация обновлена для TATNP
2026-10-08 17:25:45.053 | INFO     | src.moex_loader:load_asset:216 - Загружено 1 свечей для TATNP (stock)
2026-10-08 17:25:45.054 | DEBUG    | src.moex_loader:_fetch_page:48 - Запрос: https://iss.moex.com/iss/engines/stock/markets/shares/boards/TQBR/securities/TGKA/candles.json?from=2026-10-08&till=2026-10-08&interval=24&iss.meta=off&start=0
2026-10-08 17:25:45.856 | DEBUG    | src.moex_loader:_fetch_page:48 - Запрос: https://iss.moex.com/iss/engines/stock/markets/shares/boards/TQBR/securities/TGKA/candles.json?from=2026-10-08&till=2026-10-08&interval=24&iss.meta=off&start=0
2026-10-08 17:25:46.060 | INFO     | src.database:insert_raw_candles:110 - Вставлено 1 записей в raw_candles
2026-10-08 17:25:46.060 | INFO     | src.database:upsert_meta:149 - Мета-информация обновлена для TGKA
2026-10-08 17:25:46.060 | INFO     | src.moex_loader:load_asset:216 - Загружено 1 свечей для TGKA (stock)
2026-10-08 17:25:46.061 | DEBUG    | src.moex_loader:_fetch_page:48 - Запрос: https://iss.moex.com/iss/engines/stock/markets/shares/boards/TQBR/securities/TGKB/candles.json?from=2026-10-08&till=2026-10-08&interval=24&iss.meta=off&start=0
2026-10-08 17:25:46.872 | DEBUG    | src.moex_loader:_fetch_page:48 - Запрос: https://iss.moex.com/iss/engines/stock/markets/shares/boards/TQBR/securities/TGKB/candles.json?from=2026-10-08&till=2026-10-08&interval=24&iss.meta=off&start=0
2026-10-08 17:25:47.271 | INFO     | src.database:insert_raw_candles:110 - Вставлено 1 записей в raw_candles
2026-10-08 17:25:47.272 | INFO     | src.database:upsert_meta:149 - Мета-информация обновлена для TGKB
2026-10-08 17:25:47.273 | INFO     | src.moex_loader:load_asset:216 - Загружено 1 свечей для TGKB (stock)
2026-10-08 17:25:47.273 | DEBUG    | src.moex_loader:_fetch_page:48 - Запрос: https://iss.moex.com/iss/engines/stock/markets/shares/boards/TQBR/securities/TGKBP/candles.json?from=2026-10-08&till=2026-10-08&interval=24&iss.meta=off&start=0
2026-10-08 17:25:48.413 | DEBUG    | src.moex_loader:_fetch_page:48 - Запрос: https://iss.moex.com/iss/engines/stock/markets/shares/boards/TQBR/securities/TGKBP/candles.json?from=2026-10-08&till=2026-10-08&interval=24&iss.meta=off&start=0
2026-10-08 17:25:48.884 | INFO     | src.database:insert_raw_candles:110 - Вставлено 1 записей в raw_candles
2026-10-08 17:25:48.884 | INFO     | src.database:upsert_meta:149 - Мета-информация обновлена для TGKBP
2026-10-08 17:25:48.884 | INFO     | src.moex_loader:load_asset:216 - Загружено 1 свечей для TGKBP (stock)
2026-10-08 17:25:48.885 | DEBUG    | src.moex_loader:_fetch_page:48 - Запрос: https://iss.moex.com/iss/engines/stock/markets/shares/boards/TQBR/securities/TGKN/candles.json?from=2026-10-08&till=2026-10-08&interval=24&iss.meta=off&start=0
2026-10-08 17:25:49.808 | DEBUG    | src.moex_loader:_fetch_page:48 - Запрос: https://iss.moex.com/iss/engines/stock/markets/shares/boards/TQBR/securities/TGKN/candles.json?from=2026-10-08&till=2026-10-08&interval=24&iss.meta=off&start=0
2026-10-08 17:25:50.307 | INFO     | src.database:insert_raw_candles:110 - Вставлено 1 записей в raw_candles
2026-10-08 17:25:50.308 | INFO     | src.database:upsert_meta:149 - Мета-информация обновлена для TGKN
2026-10-08 17:25:50.308 | INFO     | src.moex_loader:load_asset:216 - Загружено 1 свечей для TGKN (stock)
2026-10-08 17:25:50.308 | DEBUG    | src.moex_loader:_fetch_page:48 - Запрос: https://iss.moex.com/iss/engines/stock/markets/shares/boards/TQBR/securities/TNSE/candles.json?from=2026-10-08&till=2026-10-08&interval=24&iss.meta=off&start=0
2026-10-08 17:25:51.385 | DEBUG    | src.moex_loader:_fetch_page:48 - Запрос: https://iss.moex.com/iss/engines/stock/markets/shares/boards/TQBR/securities/TNSE/candles.json?from=2026-10-08&till=2026-10-08&interval=24&iss.meta=off&start=0
2026-10-08 17:25:51.596 | INFO     | src.database:insert_raw_candles:110 - Вставлено 1 записей в raw_candles
2026-10-08 17:25:51.597 | INFO     | src.database:upsert_meta:149 - Мета-информация обновлена для TNSE
2026-10-08 17:25:51.597 | INFO     | src.moex_loader:load_asset:216 - Загружено 1 свечей для TNSE (stock)
2026-10-08 17:25:51.598 | DEBUG    | src.moex_loader:_fetch_page:48 - Запрос: https://iss.moex.com/iss/engines/stock/markets/shares/boards/TQBR/securities/TORS/candles.json?from=2026-10-08&till=2026-10-08&interval=24&iss.meta=off&start=0
2026-10-08 17:25:52.413 | DEBUG    | src.moex_loader:_fetch_page:48 - Запрос: https://iss.moex.com/iss/engines/stock/markets/shares/boards/TQBR/securities/TORS/candles.json?from=2026-10-08&till=2026-10-08&interval=24&iss.meta=off&start=0
2026-10-08 17:25:52.618 | INFO     | src.database:insert_raw_candles:110 - Вставлено 1 записей в raw_candles
2026-10-08 17:25:52.619 | INFO     | src.database:upsert_meta:149 - Мета-информация обновлена для TORS
2026-10-08 17:25:52.619 | INFO     | src.moex_loader:load_asset:216 - Загружено 1 свечей для TORS (stock)
2026-10-08 17:25:52.620 | DEBUG    | src.moex_loader:_fetch_page:48 - Запрос: https://iss.moex.com/iss/engines/stock/markets/shares/boards/TQBR/securities/TORSP/candles.json?from=2026-10-08&till=2026-10-08&interval=24&iss.meta=off&start=0
2026-10-08 17:25:53.736 | DEBUG    | src.moex_loader:_fetch_page:48 - Запрос: https://iss.moex.com/iss/engines/stock/markets/shares/boards/TQBR/securities/TORSP/candles.json?from=2026-10-08&till=2026-10-08&interval=24&iss.meta=off&start=0
2026-10-08 17:25:53.938 | INFO     | src.database:insert_raw_candles:110 - Вставлено 1 записей в raw_candles
2026-10-08 17:25:53.939 | INFO     | src.database:upsert_meta:149 - Мета-информация обновлена для TORSP
2026-10-08 17:25:53.939 | INFO     | src.moex_loader:load_asset:216 - Загружено 1 свечей для TORSP (stock)
2026-10-08 17:25:53.939 | DEBUG    | src.moex_loader:_fetch_page:48 - Запрос: https://iss.moex.com/iss/engines/stock/markets/shares/boards/TQBR/securities/TRMK/candles.json?from=2026-10-08&till=2026-10-08&interval=24&iss.meta=off&start=0
2026-10-08 17:25:54.749 | DEBUG    | src.moex_loader:_fetch_page:48 - Запрос: https://iss.moex.com/iss/engines/stock/markets/shares/boards/TQBR/securities/TRMK/candles.json?from=2026-10-08&till=2026-10-08&interval=24&iss.meta=off&start=0
2026-10-08 17:25:55.156 | INFO     | src.database:insert_raw_candles:110 - Вставлено 1 записей в raw_candles
2026-10-08 17:25:55.157 | INFO     | src.database:upsert_meta:149 - Мета-информация обновлена для TRMK
2026-10-08 17:25:55.157 | INFO     | src.moex_loader:load_asset:216 - Загружено 1 свечей для TRMK (stock)
2026-10-08 17:25:55.158 | DEBUG    | src.moex_loader:_fetch_page:48 - Запрос: https://iss.moex.com/iss/engines/stock/markets/shares/boards/TQBR/securities/TRNFP/candles.json?from=2026-10-08&till=2026-10-08&interval=24&iss.meta=off&start=0
2026-10-08 17:25:55.933 | DEBUG    | src.moex_loader:_fetch_page:48 - Запрос: https://iss.moex.com/iss/engines/stock/markets/shares/boards/TQBR/securities/TRNFP/candles.json?from=2026-10-08&till=2026-10-08&interval=24&iss.meta=off&start=0
2026-10-08 17:25:56.133 | INFO     | src.database:insert_raw_candles:110 - Вставлено 1 записей в raw_candles
2026-10-08 17:25:56.134 | INFO     | src.database:upsert_meta:149 - Мета-информация обновлена для TRNFP
2026-10-08 17:25:56.134 | INFO     | src.moex_loader:load_asset:216 - Загружено 1 свечей для TRNFP (stock)
2026-10-08 17:25:56.134 | DEBUG    | src.moex_loader:_fetch_page:48 - Запрос: https://iss.moex.com/iss/engines/stock/markets/shares/boards/TQBR/securities/TTLK/candles.json?from=2026-10-08&till=2026-10-08&interval=24&iss.meta=off&start=0
2026-10-08 17:25:56.906 | DEBUG    | src.moex_loader:_fetch_page:48 - Запрос: https://iss.moex.com/iss/engines/stock/markets/shares/boards/TQBR/securities/TTLK/candles.json?from=2026-10-08&till=2026-10-08&interval=24&iss.meta=off&start=0
2026-10-08 17:25:57.106 | INFO     | src.database:insert_raw_candles:110 - Вставлено 1 записей в raw_candles
2026-10-08 17:25:57.107 | INFO     | src.database:upsert_meta:149 - Мета-информация обновлена для TTLK
2026-10-08 17:25:57.107 | INFO     | src.moex_loader:load_asset:216 - Загружено 1 свечей для TTLK (stock)
2026-10-08 17:25:57.107 | DEBUG    | src.moex_loader:_fetch_page:48 - Запрос: https://iss.moex.com/iss/engines/stock/markets/shares/boards/TQBR/securities/TUZA/candles.json?from=2026-10-08&till=2026-10-08&interval=24&iss.meta=off&start=0
2026-10-08 17:25:57.890 | DEBUG    | src.moex_loader:_fetch_page:48 - Запрос: https://iss.moex.com/iss/engines/stock/markets/shares/boards/TQBR/securities/TUZA/candles.json?from=2026-10-08&till=2026-10-08&interval=24&iss.meta=off&start=0
2026-10-08 17:25:58.091 | INFO     | src.database:insert_raw_candles:110 - Вставлено 1 записей в raw_candles
2026-10-08 17:25:58.092 | INFO     | src.database:upsert_meta:149 - Мета-информация обновлена для TUZA
2026-10-08 17:25:58.092 | INFO     | src.moex_loader:load_asset:216 - Загружено 1 свечей для TUZA (stock)
2026-10-08 17:25:58.093 | DEBUG    | src.moex_loader:_fetch_page:48 - Запрос: https://iss.moex.com/iss/engines/stock/markets/shares/boards/TQBR/securities/UGLD/candles.json?from=2026-10-08&till=2026-10-08&interval=24&iss.meta=off&start=0
2026-10-08 17:25:58.879 | DEBUG    | src.moex_loader:_fetch_page:48 - Запрос: https://iss.moex.com/iss/engines/stock/markets/shares/boards/TQBR/securities/UGLD/candles.json?from=2026-10-08&till=2026-10-08&interval=24&iss.meta=off&start=0
2026-10-08 17:25:59.152 | INFO     | src.database:insert_raw_candles:110 - Вставлено 1 записей в raw_candles
2026-10-08 17:25:59.153 | INFO     | src.database:upsert_meta:149 - Мета-информация обновлена для UGLD
2026-10-08 17:25:59.153 | INFO     | src.moex_loader:load_asset:216 - Загружено 1 свечей для UGLD (stock)
2026-10-08 17:25:59.154 | DEBUG    | src.moex_loader:_fetch_page:48 - Запрос: https://iss.moex.com/iss/engines/stock/markets/shares/boards/TQBR/securities/UKUZ/candles.json?from=2026-10-08&till=2026-10-08&interval=24&iss.meta=off&start=0
2026-10-08 17:25:59.953 | DEBUG    | src.moex_loader:_fetch_page:48 - Запрос: https://iss.moex.com/iss/engines/stock/markets/shares/boards/TQBR/securities/UKUZ/candles.json?from=2026-10-08&till=2026-10-08&interval=24&iss.meta=off&start=0
2026-10-08 17:26:00.378 | INFO     | src.database:insert_raw_candles:110 - Вставлено 1 записей в raw_candles
2026-10-08 17:26:00.378 | INFO     | src.database:upsert_meta:149 - Мета-информация обновлена для UKUZ
2026-10-08 17:26:00.378 | INFO     | src.moex_loader:load_asset:216 - Загружено 1 свечей для UKUZ (stock)
2026-10-08 17:26:00.379 | DEBUG    | src.moex_loader:_fetch_page:48 - Запрос: https://iss.moex.com/iss/engines/stock/markets/shares/boards/TQBR/securities/UNAC/candles.json?from=2026-10-08&till=2026-10-08&interval=24&iss.meta=off&start=0
2026-10-08 17:26:01.470 | DEBUG    | src.moex_loader:_fetch_page:48 - Запрос: https://iss.moex.com/iss/engines/stock/markets/shares/boards/TQBR/securities/UNAC/candles.json?from=2026-10-08&till=2026-10-08&interval=24&iss.meta=off&start=0
2026-10-08 17:26:01.673 | INFO     | src.database:insert_raw_candles:110 - Вставлено 1 записей в raw_candles
2026-10-08 17:26:01.674 | INFO     | src.database:upsert_meta:149 - Мета-информация обновлена для UNAC
2026-10-08 17:26:01.674 | INFO     | src.moex_loader:load_asset:216 - Загружено 1 свечей для UNAC (stock)
2026-10-08 17:26:01.674 | DEBUG    | src.moex_loader:_fetch_page:48 - Запрос: https://iss.moex.com/iss/engines/stock/markets/shares/boards/TQBR/securities/UNKL/candles.json?from=2026-10-08&till=2026-10-08&interval=24&iss.meta=off&start=0
2026-10-08 17:26:02.467 | DEBUG    | src.moex_loader:_fetch_page:48 - Запрос: https://iss.moex.com/iss/engines/stock/markets/shares/boards/TQBR/securities/UNKL/candles.json?from=2026-10-08&till=2026-10-08&interval=24&iss.meta=off&start=0
2026-10-08 17:26:02.700 | INFO     | src.database:insert_raw_candles:110 - Вставлено 1 записей в raw_candles
2026-10-08 17:26:02.700 | INFO     | src.database:upsert_meta:149 - Мета-информация обновлена для UNKL
2026-10-08 17:26:02.701 | INFO     | src.moex_loader:load_asset:216 - Загружено 1 свечей для UNKL (stock)
2026-10-08 17:26:02.701 | DEBUG    | src.moex_loader:_fetch_page:48 - Запрос: https://iss.moex.com/iss/engines/stock/markets/shares/boards/TQBR/securities/UPRO/candles.json?from=2026-10-08&till=2026-10-08&interval=24&iss.meta=off&start=0
2026-10-08 17:26:03.507 | DEBUG    | src.moex_loader:_fetch_page:48 - Запрос: https://iss.moex.com/iss/engines/stock/markets/shares/boards/TQBR/securities/UPRO/candles.json?from=2026-10-08&till=2026-10-08&interval=24&iss.meta=off&start=0
2026-10-08 17:26:03.998 | INFO     | src.database:insert_raw_candles:110 - Вставлено 1 записей в raw_candles
2026-10-08 17:26:03.999 | INFO     | src.database:upsert_meta:149 - Мета-информация обновлена для UPRO
2026-10-08 17:26:03.999 | INFO     | src.moex_loader:load_asset:216 - Загружено 1 свечей для UPRO (stock)
2026-10-08 17:26:03.999 | DEBUG    | src.moex_loader:_fetch_page:48 - Запрос: https://iss.moex.com/iss/engines/stock/markets/shares/boards/TQBR/securities/URKZ/candles.json?from=2026-10-08&till=2026-10-08&interval=24&iss.meta=off&start=0
2026-10-08 17:26:04.792 | DEBUG    | src.moex_loader:_fetch_page:48 - Запрос: https://iss.moex.com/iss/engines/stock/markets/shares/boards/TQBR/securities/URKZ/candles.json?from=2026-10-08&till=2026-10-08&interval=24&iss.meta=off&start=0
2026-10-08 17:26:04.995 | INFO     | src.database:insert_raw_candles:110 - Вставлено 1 записей в raw_candles
2026-10-08 17:26:04.996 | INFO     | src.database:upsert_meta:149 - Мета-информация обновлена для URKZ
2026-10-08 17:26:04.996 | INFO     | src.moex_loader:load_asset:216 - Загружено 1 свечей для URKZ (stock)
2026-10-08 17:26:04.997 | DEBUG    | src.moex_loader:_fetch_page:48 - Запрос: https://iss.moex.com/iss/engines/stock/markets/shares/boards/TQBR/securities/USBN/candles.json?from=2026-10-08&till=2026-10-08&interval=24&iss.meta=off&start=0
2026-10-08 17:26:05.754 | DEBUG    | src.moex_loader:_fetch_page:48 - Запрос: https://iss.moex.com/iss/engines/stock/markets/shares/boards/TQBR/securities/USBN/candles.json?from=2026-10-08&till=2026-10-08&interval=24&iss.meta=off&start=0
2026-10-08 17:26:05.997 | INFO     | src.database:insert_raw_candles:110 - Вставлено 1 записей в raw_candles
2026-10-08 17:26:05.998 | INFO     | src.database:upsert_meta:149 - Мета-информация обновлена для USBN
2026-10-08 17:26:05.998 | INFO     | src.moex_loader:load_asset:216 - Загружено 1 свечей для USBN (stock)
2026-10-08 17:26:05.998 | DEBUG    | src.moex_loader:_fetch_page:48 - Запрос: https://iss.moex.com/iss/engines/stock/markets/shares/boards/TQBR/securities/UTAR/candles.json?from=2026-10-08&till=2026-10-08&interval=24&iss.meta=off&start=0
2026-10-08 17:26:06.798 | DEBUG    | src.moex_loader:_fetch_page:48 - Запрос: https://iss.moex.com/iss/engines/stock/markets/shares/boards/TQBR/securities/UTAR/candles.json?from=2026-10-08&till=2026-10-08&interval=24&iss.meta=off&start=0
2026-10-08 17:26:07.048 | INFO     | src.database:insert_raw_candles:110 - Вставлено 1 записей в raw_candles
2026-10-08 17:26:07.049 | INFO     | src.database:upsert_meta:149 - Мета-информация обновлена для UTAR
2026-10-08 17:26:07.049 | INFO     | src.moex_loader:load_asset:216 - Загружено 1 свечей для UTAR (stock)
2026-10-08 17:26:07.050 | DEBUG    | src.moex_loader:_fetch_page:48 - Запрос: https://iss.moex.com/iss/engines/stock/markets/shares/boards/TQBR/securities/UWGN/candles.json?from=2026-10-08&till=2026-10-08&interval=24&iss.meta=off&start=0
2026-10-08 17:26:07.857 | DEBUG    | src.moex_loader:_fetch_page:48 - Запрос: https://iss.moex.com/iss/engines/stock/markets/shares/boards/TQBR/securities/UWGN/candles.json?from=2026-10-08&till=2026-10-08&interval=24&iss.meta=off&start=0
2026-10-08 17:26:08.065 | INFO     | src.database:insert_raw_candles:110 - Вставлено 1 записей в raw_candles
2026-10-08 17:26:08.066 | INFO     | src.database:upsert_meta:149 - Мета-информация обновлена для UWGN
2026-10-08 17:26:08.066 | INFO     | src.moex_loader:load_asset:216 - Загружено 1 свечей для UWGN (stock)
2026-10-08 17:26:08.067 | DEBUG    | src.moex_loader:_fetch_page:48 - Запрос: https://iss.moex.com/iss/engines/stock/markets/shares/boards/TQBR/securities/VEON-RX/candles.json?from=2026-10-08&till=2026-10-08&interval=24&iss.meta=off&start=0
2026-10-08 17:26:08.865 | DEBUG    | src.moex_loader:_fetch_page:48 - Запрос: https://iss.moex.com/iss/engines/stock/markets/shares/boards/TQBR/securities/VEON-RX/candles.json?from=2026-10-08&till=2026-10-08&interval=24&iss.meta=off&start=0
2026-10-08 17:26:09.068 | INFO     | src.database:insert_raw_candles:110 - Вставлено 1 записей в raw_candles
2026-10-08 17:26:09.069 | INFO     | src.database:upsert_meta:149 - Мета-информация обновлена для VEON-RX
2026-10-08 17:26:09.069 | INFO     | src.moex_loader:load_asset:216 - Загружено 1 свечей для VEON-RX (stock)
2026-10-08 17:26:09.070 | DEBUG    | src.moex_loader:_fetch_page:48 - Запрос: https://iss.moex.com/iss/engines/stock/markets/shares/boards/TQBR/securities/VGSB/candles.json?from=2026-10-08&till=2026-10-08&interval=24&iss.meta=off&start=0
2026-10-08 17:26:09.882 | DEBUG    | src.moex_loader:_fetch_page:48 - Запрос: https://iss.moex.com/iss/engines/stock/markets/shares/boards/TQBR/securities/VGSB/candles.json?from=2026-10-08&till=2026-10-08&interval=24&iss.meta=off&start=0
2026-10-08 17:26:10.089 | INFO     | src.database:insert_raw_candles:110 - Вставлено 1 записей в raw_candles
2026-10-08 17:26:10.090 | INFO     | src.database:upsert_meta:149 - Мета-информация обновлена для VGSB
2026-10-08 17:26:10.090 | INFO     | src.moex_loader:load_asset:216 - Загружено 1 свечей для VGSB (stock)
2026-10-08 17:26:10.090 | DEBUG    | src.moex_loader:_fetch_page:48 - Запрос: https://iss.moex.com/iss/engines/stock/markets/shares/boards/TQBR/securities/VGSBP/candles.json?from=2026-10-08&till=2026-10-08&interval=24&iss.meta=off&start=0
2026-10-08 17:26:10.956 | DEBUG    | src.moex_loader:_fetch_page:48 - Запрос: https://iss.moex.com/iss/engines/stock/markets/shares/boards/TQBR/securities/VGSBP/candles.json?from=2026-10-08&till=2026-10-08&interval=24&iss.meta=off&start=0
2026-10-08 17:26:11.166 | INFO     | src.database:insert_raw_candles:110 - Вставлено 1 записей в raw_candles
2026-10-08 17:26:11.167 | INFO     | src.database:upsert_meta:149 - Мета-информация обновлена для VGSBP
2026-10-08 17:26:11.167 | INFO     | src.moex_loader:load_asset:216 - Загружено 1 свечей для VGSBP (stock)
2026-10-08 17:26:11.167 | DEBUG    | src.moex_loader:_fetch_page:48 - Запрос: https://iss.moex.com/iss/engines/stock/markets/shares/boards/TQBR/securities/VJGZ/candles.json?from=2026-10-08&till=2026-10-08&interval=24&iss.meta=off&start=0
2026-10-08 17:26:12.001 | DEBUG    | src.moex_loader:_fetch_page:48 - Запрос: https://iss.moex.com/iss/engines/stock/markets/shares/boards/TQBR/securities/VJGZ/candles.json?from=2026-10-08&till=2026-10-08&interval=24&iss.meta=off&start=0
2026-10-08 17:26:12.233 | INFO     | src.database:insert_raw_candles:110 - Вставлено 1 записей в raw_candles
2026-10-08 17:26:12.233 | INFO     | src.database:upsert_meta:149 - Мета-информация обновлена для VJGZ
2026-10-08 17:26:12.234 | INFO     | src.moex_loader:load_asset:216 - Загружено 1 свечей для VJGZ (stock)
2026-10-08 17:26:12.234 | DEBUG    | src.moex_loader:_fetch_page:48 - Запрос: https://iss.moex.com/iss/engines/stock/markets/shares/boards/TQBR/securities/VJGZP/candles.json?from=2026-10-08&till=2026-10-08&interval=24&iss.meta=off&start=0
2026-10-08 17:26:13.012 | DEBUG    | src.moex_loader:_fetch_page:48 - Запрос: https://iss.moex.com/iss/engines/stock/markets/shares/boards/TQBR/securities/VJGZP/candles.json?from=2026-10-08&till=2026-10-08&interval=24&iss.meta=off&start=0
2026-10-08 17:26:13.214 | INFO     | src.database:insert_raw_candles:110 - Вставлено 1 записей в raw_candles
2026-10-08 17:26:13.215 | INFO     | src.database:upsert_meta:149 - Мета-информация обновлена для VJGZP
2026-10-08 17:26:13.215 | INFO     | src.moex_loader:load_asset:216 - Загружено 1 свечей для VJGZP (stock)
2026-10-08 17:26:13.215 | DEBUG    | src.moex_loader:_fetch_page:48 - Запрос: https://iss.moex.com/iss/engines/stock/markets/shares/boards/TQBR/securities/VKCO/candles.json?from=2026-10-08&till=2026-10-08&interval=24&iss.meta=off&start=0
2026-10-08 17:26:14.082 | DEBUG    | src.moex_loader:_fetch_page:48 - Запрос: https://iss.moex.com/iss/engines/stock/markets/shares/boards/TQBR/securities/VKCO/candles.json?from=2026-10-08&till=2026-10-08&interval=24&iss.meta=off&start=0
2026-10-08 17:26:14.323 | INFO     | src.database:insert_raw_candles:110 - Вставлено 1 записей в raw_candles
2026-10-08 17:26:14.324 | INFO     | src.database:upsert_meta:149 - Мета-информация обновлена для VKCO
2026-10-08 17:26:14.324 | INFO     | src.moex_loader:load_asset:216 - Загружено 1 свечей для VKCO (stock)
2026-10-08 17:26:14.324 | DEBUG    | src.moex_loader:_fetch_page:48 - Запрос: https://iss.moex.com/iss/engines/stock/markets/shares/boards/TQBR/securities/VLHZ/candles.json?from=2026-10-08&till=2026-10-08&interval=24&iss.meta=off&start=0
2026-10-08 17:26:15.106 | DEBUG    | src.moex_loader:_fetch_page:48 - Запрос: https://iss.moex.com/iss/engines/stock/markets/shares/boards/TQBR/securities/VLHZ/candles.json?from=2026-10-08&till=2026-10-08&interval=24&iss.meta=off&start=0
2026-10-08 17:26:15.307 | INFO     | src.database:insert_raw_candles:110 - Вставлено 1 записей в raw_candles
2026-10-08 17:26:15.308 | INFO     | src.database:upsert_meta:149 - Мета-информация обновлена для VLHZ
2026-10-08 17:26:15.308 | INFO     | src.moex_loader:load_asset:216 - Загружено 1 свечей для VLHZ (stock)
2026-10-08 17:26:15.308 | DEBUG    | src.moex_loader:_fetch_page:48 - Запрос: https://iss.moex.com/iss/engines/stock/markets/shares/boards/TQBR/securities/VRSB/candles.json?from=2026-10-08&till=2026-10-08&interval=24&iss.meta=off&start=0
2026-10-08 17:26:16.088 | DEBUG    | src.moex_loader:_fetch_page:48 - Запрос: https://iss.moex.com/iss/engines/stock/markets/shares/boards/TQBR/securities/VRSB/candles.json?from=2026-10-08&till=2026-10-08&interval=24&iss.meta=off&start=0
2026-10-08 17:26:16.546 | INFO     | src.database:insert_raw_candles:110 - Вставлено 1 записей в raw_candles
2026-10-08 17:26:16.547 | INFO     | src.database:upsert_meta:149 - Мета-информация обновлена для VRSB
2026-10-08 17:26:16.547 | INFO     | src.moex_loader:load_asset:216 - Загружено 1 свечей для VRSB (stock)
2026-10-08 17:26:16.548 | DEBUG    | src.moex_loader:_fetch_page:48 - Запрос: https://iss.moex.com/iss/engines/stock/markets/shares/boards/TQBR/securities/VRSBP/candles.json?from=2026-10-08&till=2026-10-08&interval=24&iss.meta=off&start=0
2026-10-08 17:26:17.451 | DEBUG    | src.moex_loader:_fetch_page:48 - Запрос: https://iss.moex.com/iss/engines/stock/markets/shares/boards/TQBR/securities/VRSBP/candles.json?from=2026-10-08&till=2026-10-08&interval=24&iss.meta=off&start=0
2026-10-08 17:26:17.660 | INFO     | src.database:insert_raw_candles:110 - Вставлено 1 записей в raw_candles
2026-10-08 17:26:17.661 | INFO     | src.database:upsert_meta:149 - Мета-информация обновлена для VRSBP
2026-10-08 17:26:17.661 | INFO     | src.moex_loader:load_asset:216 - Загружено 1 свечей для VRSBP (stock)
2026-10-08 17:26:17.661 | DEBUG    | src.moex_loader:_fetch_page:48 - Запрос: https://iss.moex.com/iss/engines/stock/markets/shares/boards/TQBR/securities/VSEH/candles.json?from=2026-10-08&till=2026-10-08&interval=24&iss.meta=off&start=0
2026-10-08 17:26:18.415 | DEBUG    | src.moex_loader:_fetch_page:48 - Запрос: https://iss.moex.com/iss/engines/stock/markets/shares/boards/TQBR/securities/VSEH/candles.json?from=2026-10-08&till=2026-10-08&interval=24&iss.meta=off&start=0
2026-10-08 17:26:18.608 | INFO     | src.database:insert_raw_candles:110 - Вставлено 1 записей в raw_candles
2026-10-08 17:26:18.609 | INFO     | src.database:upsert_meta:149 - Мета-информация обновлена для VSEH
2026-10-08 17:26:18.609 | INFO     | src.moex_loader:load_asset:216 - Загружено 1 свечей для VSEH (stock)
2026-10-08 17:26:18.610 | DEBUG    | src.moex_loader:_fetch_page:48 - Запрос: https://iss.moex.com/iss/engines/stock/markets/shares/boards/TQBR/securities/VSMO/candles.json?from=2026-10-08&till=2026-10-08&interval=24&iss.meta=off&start=0
2026-10-08 17:26:19.392 | DEBUG    | src.moex_loader:_fetch_page:48 - Запрос: https://iss.moex.com/iss/engines/stock/markets/shares/boards/TQBR/securities/VSMO/candles.json?from=2026-10-08&till=2026-10-08&interval=24&iss.meta=off&start=0
2026-10-08 17:26:19.592 | INFO     | src.database:insert_raw_candles:110 - Вставлено 1 записей в raw_candles
2026-10-08 17:26:19.592 | INFO     | src.database:upsert_meta:149 - Мета-информация обновлена для VSMO
2026-10-08 17:26:19.592 | INFO     | src.moex_loader:load_asset:216 - Загружено 1 свечей для VSMO (stock)
2026-10-08 17:26:19.593 | DEBUG    | src.moex_loader:_fetch_page:48 - Запрос: https://iss.moex.com/iss/engines/stock/markets/shares/boards/TQBR/securities/VSYD/candles.json?from=2026-10-08&till=2026-10-08&interval=24&iss.meta=off&start=0
2026-10-08 17:26:20.375 | DEBUG    | src.moex_loader:_fetch_page:48 - Запрос: https://iss.moex.com/iss/engines/stock/markets/shares/boards/TQBR/securities/VSYD/candles.json?from=2026-10-08&till=2026-10-08&interval=24&iss.meta=off&start=0
2026-10-08 17:26:20.790 | INFO     | src.database:insert_raw_candles:110 - Вставлено 1 записей в raw_candles
2026-10-08 17:26:20.790 | INFO     | src.database:upsert_meta:149 - Мета-информация обновлена для VSYD
2026-10-08 17:26:20.791 | INFO     | src.moex_loader:load_asset:216 - Загружено 1 свечей для VSYD (stock)
2026-10-08 17:26:20.791 | DEBUG    | src.moex_loader:_fetch_page:48 - Запрос: https://iss.moex.com/iss/engines/stock/markets/shares/boards/TQBR/securities/VSYDP/candles.json?from=2026-10-08&till=2026-10-08&interval=24&iss.meta=off&start=0
2026-10-08 17:26:21.586 | DEBUG    | src.moex_loader:_fetch_page:48 - Запрос: https://iss.moex.com/iss/engines/stock/markets/shares/boards/TQBR/securities/VSYDP/candles.json?from=2026-10-08&till=2026-10-08&interval=24&iss.meta=off&start=0
2026-10-08 17:26:21.789 | INFO     | src.database:insert_raw_candles:110 - Вставлено 1 записей в raw_candles
2026-10-08 17:26:21.789 | INFO     | src.database:upsert_meta:149 - Мета-информация обновлена для VSYDP
2026-10-08 17:26:21.790 | INFO     | src.moex_loader:load_asset:216 - Загружено 1 свечей для VSYDP (stock)
2026-10-08 17:26:21.790 | DEBUG    | src.moex_loader:_fetch_page:48 - Запрос: https://iss.moex.com/iss/engines/stock/markets/shares/boards/TQBR/securities/VTBR/candles.json?from=2026-10-08&till=2026-10-08&interval=24&iss.meta=off&start=0
2026-10-08 17:26:22.842 | DEBUG    | src.moex_loader:_fetch_page:48 - Запрос: https://iss.moex.com/iss/engines/stock/markets/shares/boards/TQBR/securities/VTBR/candles.json?from=2026-10-08&till=2026-10-08&interval=24&iss.meta=off&start=0
2026-10-08 17:26:23.207 | INFO     | src.database:insert_raw_candles:110 - Вставлено 1 записей в raw_candles
2026-10-08 17:26:23.207 | INFO     | src.database:upsert_meta:149 - Мета-информация обновлена для VTBR
2026-10-08 17:26:23.207 | INFO     | src.moex_loader:load_asset:216 - Загружено 1 свечей для VTBR (stock)
2026-10-08 17:26:23.208 | DEBUG    | src.moex_loader:_fetch_page:48 - Запрос: https://iss.moex.com/iss/engines/stock/markets/shares/boards/TQBR/securities/WTCM/candles.json?from=2026-10-08&till=2026-10-08&interval=24&iss.meta=off&start=0
2026-10-08 17:26:23.995 | DEBUG    | src.moex_loader:_fetch_page:48 - Запрос: https://iss.moex.com/iss/engines/stock/markets/shares/boards/TQBR/securities/WTCM/candles.json?from=2026-10-08&till=2026-10-08&interval=24&iss.meta=off&start=0
2026-10-08 17:26:24.301 | INFO     | src.database:insert_raw_candles:110 - Вставлено 1 записей в raw_candles
2026-10-08 17:26:24.302 | INFO     | src.database:upsert_meta:149 - Мета-информация обновлена для WTCM
2026-10-08 17:26:24.302 | INFO     | src.moex_loader:load_asset:216 - Загружено 1 свечей для WTCM (stock)
2026-10-08 17:26:24.303 | DEBUG    | src.moex_loader:_fetch_page:48 - Запрос: https://iss.moex.com/iss/engines/stock/markets/shares/boards/TQBR/securities/WTCMP/candles.json?from=2026-10-08&till=2026-10-08&interval=24&iss.meta=off&start=0
2026-10-08 17:26:25.111 | DEBUG    | src.moex_loader:_fetch_page:48 - Запрос: https://iss.moex.com/iss/engines/stock/markets/shares/boards/TQBR/securities/WTCMP/candles.json?from=2026-10-08&till=2026-10-08&interval=24&iss.meta=off&start=0
2026-10-08 17:26:25.307 | INFO     | src.database:insert_raw_candles:110 - Вставлено 1 записей в raw_candles
2026-10-08 17:26:25.307 | INFO     | src.database:upsert_meta:149 - Мета-информация обновлена для WTCMP
2026-10-08 17:26:25.307 | INFO     | src.moex_loader:load_asset:216 - Загружено 1 свечей для WTCMP (stock)
2026-10-08 17:26:25.308 | DEBUG    | src.moex_loader:_fetch_page:48 - Запрос: https://iss.moex.com/iss/engines/stock/markets/shares/boards/TQBR/securities/WUSH/candles.json?from=2026-10-08&till=2026-10-08&interval=24&iss.meta=off&start=0
2026-10-08 17:26:26.415 | DEBUG    | src.moex_loader:_fetch_page:48 - Запрос: https://iss.moex.com/iss/engines/stock/markets/shares/boards/TQBR/securities/WUSH/candles.json?from=2026-10-08&till=2026-10-08&interval=24&iss.meta=off&start=0
2026-10-08 17:26:26.822 | INFO     | src.database:insert_raw_candles:110 - Вставлено 1 записей в raw_candles
2026-10-08 17:26:26.823 | INFO     | src.database:upsert_meta:149 - Мета-информация обновлена для WUSH
2026-10-08 17:26:26.823 | INFO     | src.moex_loader:load_asset:216 - Загружено 1 свечей для WUSH (stock)
2026-10-08 17:26:26.823 | DEBUG    | src.moex_loader:_fetch_page:48 - Запрос: https://iss.moex.com/iss/engines/stock/markets/shares/boards/TQBR/securities/X5/candles.json?from=2026-10-08&till=2026-10-08&interval=24&iss.meta=off&start=0
2026-10-08 17:26:27.614 | DEBUG    | src.moex_loader:_fetch_page:48 - Запрос: https://iss.moex.com/iss/engines/stock/markets/shares/boards/TQBR/securities/X5/candles.json?from=2026-10-08&till=2026-10-08&interval=24&iss.meta=off&start=0
2026-10-08 17:26:27.822 | INFO     | src.database:insert_raw_candles:110 - Вставлено 1 записей в raw_candles
2026-10-08 17:26:27.823 | INFO     | src.database:upsert_meta:149 - Мета-информация обновлена для X5
2026-10-08 17:26:27.823 | INFO     | src.moex_loader:load_asset:216 - Загружено 1 свечей для X5 (stock)
2026-10-08 17:26:27.824 | DEBUG    | src.moex_loader:_fetch_page:48 - Запрос: https://iss.moex.com/iss/engines/stock/markets/shares/boards/TQBR/securities/YAKG/candles.json?from=2026-10-08&till=2026-10-08&interval=24&iss.meta=off&start=0
2026-10-08 17:26:28.716 | DEBUG    | src.moex_loader:_fetch_page:48 - Запрос: https://iss.moex.com/iss/engines/stock/markets/shares/boards/TQBR/securities/YAKG/candles.json?from=2026-10-08&till=2026-10-08&interval=24&iss.meta=off&start=0
2026-10-08 17:26:28.926 | INFO     | src.database:insert_raw_candles:110 - Вставлено 1 записей в raw_candles
2026-10-08 17:26:28.927 | INFO     | src.database:upsert_meta:149 - Мета-информация обновлена для YAKG
2026-10-08 17:26:28.927 | INFO     | src.moex_loader:load_asset:216 - Загружено 1 свечей для YAKG (stock)
2026-10-08 17:26:28.927 | DEBUG    | src.moex_loader:_fetch_page:48 - Запрос: https://iss.moex.com/iss/engines/stock/markets/shares/boards/TQBR/securities/YDEX/candles.json?from=2026-10-08&till=2026-10-08&interval=24&iss.meta=off&start=0
2026-10-08 17:26:29.722 | DEBUG    | src.moex_loader:_fetch_page:48 - Запрос: https://iss.moex.com/iss/engines/stock/markets/shares/boards/TQBR/securities/YDEX/candles.json?from=2026-10-08&till=2026-10-08&interval=24&iss.meta=off&start=0
2026-10-08 17:26:29.954 | INFO     | src.database:insert_raw_candles:110 - Вставлено 1 записей в raw_candles
2026-10-08 17:26:29.954 | INFO     | src.database:upsert_meta:149 - Мета-информация обновлена для YDEX
2026-10-08 17:26:29.954 | INFO     | src.moex_loader:load_asset:216 - Загружено 1 свечей для YDEX (stock)
2026-10-08 17:26:29.955 | DEBUG    | src.moex_loader:_fetch_page:48 - Запрос: https://iss.moex.com/iss/engines/stock/markets/shares/boards/TQBR/securities/YKEN/candles.json?from=2026-10-08&till=2026-10-08&interval=24&iss.meta=off&start=0
2026-10-08 17:26:30.724 | DEBUG    | src.moex_loader:_fetch_page:48 - Запрос: https://iss.moex.com/iss/engines/stock/markets/shares/boards/TQBR/securities/YKEN/candles.json?from=2026-10-08&till=2026-10-08&interval=24&iss.meta=off&start=0
2026-10-08 17:26:30.933 | INFO     | src.database:insert_raw_candles:110 - Вставлено 1 записей в raw_candles
2026-10-08 17:26:30.934 | INFO     | src.database:upsert_meta:149 - Мета-информация обновлена для YKEN
2026-10-08 17:26:30.934 | INFO     | src.moex_loader:load_asset:216 - Загружено 1 свечей для YKEN (stock)
2026-10-08 17:26:30.934 | DEBUG    | src.moex_loader:_fetch_page:48 - Запрос: https://iss.moex.com/iss/engines/stock/markets/shares/boards/TQBR/securities/YKENP/candles.json?from=2026-10-08&till=2026-10-08&interval=24&iss.meta=off&start=0
2026-10-08 17:26:31.729 | DEBUG    | src.moex_loader:_fetch_page:48 - Запрос: https://iss.moex.com/iss/engines/stock/markets/shares/boards/TQBR/securities/YKENP/candles.json?from=2026-10-08&till=2026-10-08&interval=24&iss.meta=off&start=0
2026-10-08 17:26:31.937 | INFO     | src.database:insert_raw_candles:110 - Вставлено 1 записей в raw_candles
2026-10-08 17:26:31.938 | INFO     | src.database:upsert_meta:149 - Мета-информация обновлена для YKENP
2026-10-08 17:26:31.938 | INFO     | src.moex_loader:load_asset:216 - Загружено 1 свечей для YKENP (stock)
2026-10-08 17:26:31.939 | DEBUG    | src.moex_loader:_fetch_page:48 - Запрос: https://iss.moex.com/iss/engines/stock/markets/shares/boards/TQBR/securities/YRSB/candles.json?from=2026-10-08&till=2026-10-08&interval=24&iss.meta=off&start=0
2026-10-08 17:26:32.728 | DEBUG    | src.moex_loader:_fetch_page:48 - Запрос: https://iss.moex.com/iss/engines/stock/markets/shares/boards/TQBR/securities/YRSB/candles.json?from=2026-10-08&till=2026-10-08&interval=24&iss.meta=off&start=0
2026-10-08 17:26:32.937 | INFO     | src.database:insert_raw_candles:110 - Вставлено 1 записей в raw_candles
2026-10-08 17:26:32.938 | INFO     | src.database:upsert_meta:149 - Мета-информация обновлена для YRSB
2026-10-08 17:26:32.938 | INFO     | src.moex_loader:load_asset:216 - Загружено 1 свечей для YRSB (stock)
2026-10-08 17:26:32.939 | DEBUG    | src.moex_loader:_fetch_page:48 - Запрос: https://iss.moex.com/iss/engines/stock/markets/shares/boards/TQBR/securities/YRSBP/candles.json?from=2026-10-08&till=2026-10-08&interval=24&iss.meta=off&start=0
2026-10-08 17:26:34.090 | DEBUG    | src.moex_loader:_fetch_page:48 - Запрос: https://iss.moex.com/iss/engines/stock/markets/shares/boards/TQBR/securities/YRSBP/candles.json?from=2026-10-08&till=2026-10-08&interval=24&iss.meta=off&start=0
2026-10-08 17:26:34.629 | INFO     | src.database:insert_raw_candles:110 - Вставлено 1 записей в raw_candles
2026-10-08 17:26:34.630 | INFO     | src.database:upsert_meta:149 - Мета-информация обновлена для YRSBP
2026-10-08 17:26:34.630 | INFO     | src.moex_loader:load_asset:216 - Загружено 1 свечей для YRSBP (stock)
2026-10-08 17:26:34.630 | DEBUG    | src.moex_loader:_fetch_page:48 - Запрос: https://iss.moex.com/iss/engines/stock/markets/shares/boards/TQBR/securities/ZAYM/candles.json?from=2026-10-08&till=2026-10-08&interval=24&iss.meta=off&start=0
2026-10-08 17:26:35.414 | DEBUG    | src.moex_loader:_fetch_page:48 - Запрос: https://iss.moex.com/iss/engines/stock/markets/shares/boards/TQBR/securities/ZAYM/candles.json?from=2026-10-08&till=2026-10-08&interval=24&iss.meta=off&start=0
2026-10-08 17:26:35.795 | INFO     | src.database:insert_raw_candles:110 - Вставлено 1 записей в raw_candles
2026-10-08 17:26:35.796 | INFO     | src.database:upsert_meta:149 - Мета-информация обновлена для ZAYM
2026-10-08 17:26:35.796 | INFO     | src.moex_loader:load_asset:216 - Загружено 1 свечей для ZAYM (stock)
2026-10-08 17:26:35.797 | DEBUG    | src.moex_loader:_fetch_page:48 - Запрос: https://iss.moex.com/iss/engines/stock/markets/shares/boards/TQBR/securities/ZILL/candles.json?from=2026-10-08&till=2026-10-08&interval=24&iss.meta=off&start=0
2026-10-08 17:26:36.604 | DEBUG    | src.moex_loader:_fetch_page:48 - Запрос: https://iss.moex.com/iss/engines/stock/markets/shares/boards/TQBR/securities/ZILL/candles.json?from=2026-10-08&till=2026-10-08&interval=24&iss.meta=off&start=0
2026-10-08 17:26:36.813 | INFO     | src.database:insert_raw_candles:110 - Вставлено 1 записей в raw_candles
2026-10-08 17:26:36.814 | INFO     | src.database:upsert_meta:149 - Мета-информация обновлена для ZILL
2026-10-08 17:26:36.814 | INFO     | src.moex_loader:load_asset:216 - Загружено 1 свечей для ZILL (stock)
2026-10-08 17:26:36.814 | DEBUG    | src.moex_loader:_fetch_page:48 - Запрос: https://iss.moex.com/iss/engines/stock/markets/shares/boards/TQBR/securities/ZVEZ/candles.json?from=2026-10-08&till=2026-10-08&interval=24&iss.meta=off&start=0
2026-10-08 17:26:37.605 | DEBUG    | src.moex_loader:_fetch_page:48 - Запрос: https://iss.moex.com/iss/engines/stock/markets/shares/boards/TQBR/securities/ZVEZ/candles.json?from=2026-10-08&till=2026-10-08&interval=24&iss.meta=off&start=0
2026-10-08 17:26:37.807 | INFO     | src.database:insert_raw_candles:110 - Вставлено 1 записей в raw_candles
2026-10-08 17:26:37.808 | INFO     | src.database:upsert_meta:149 - Мета-информация обновлена для ZVEZ
2026-10-08 17:26:37.808 | INFO     | src.moex_loader:load_asset:216 - Загружено 1 свечей для ZVEZ (stock)
2026-10-08 17:26:37.808 | DEBUG    | src.moex_loader:_fetch_page:48 - Запрос: https://iss.moex.com/iss/engines/futures/markets/forts/securities/SiZ6/candles.json?from=2026-10-09&till=2026-10-08&interval=24&iss.meta=off&start=0
2026-10-08 17:26:38.960 | WARNING  | src.moex_loader:fetch_candles_async:85 - Нет данных для SiZ6 за период 2026-10-09 - 2026-10-08
2026-10-08 17:26:38.961 | WARNING  | src.moex_loader:load_asset:204 - Нет данных для SiZ6 (futures)
2026-10-08 17:26:38.962 | DEBUG    | src.moex_loader:_fetch_page:48 - Запрос: https://iss.moex.com/iss/engines/futures/markets/forts/securities/CRZ6/candles.json?from=2026-10-08&till=2026-10-08&interval=24&iss.meta=off&start=0
2026-10-08 17:26:39.742 | DEBUG    | src.moex_loader:_fetch_page:48 - Запрос: https://iss.moex.com/iss/engines/futures/markets/forts/securities/CRZ6/candles.json?from=2026-10-08&till=2026-10-08&interval=24&iss.meta=off&start=0
2026-10-08 17:26:40.361 | INFO     | src.database:insert_raw_candles:110 - Вставлено 1 записей в raw_candles
2026-10-08 17:26:40.361 | INFO     | src.database:upsert_meta:149 - Мета-информация обновлена для CRZ6
2026-10-08 17:26:40.361 | INFO     | src.moex_loader:load_asset:216 - Загружено 1 свечей для CRZ6 (futures)
2026-10-08 17:26:40.362 | DEBUG    | src.moex_loader:_fetch_page:48 - Запрос: https://iss.moex.com/iss/engines/futures/markets/forts/securities/UCZ6/candles.json?from=2026-10-08&till=2026-10-08&interval=24&iss.meta=off&start=0
2026-10-08 17:26:42.172 | DEBUG    | src.moex_loader:_fetch_page:48 - Запрос: https://iss.moex.com/iss/engines/futures/markets/forts/securities/UCZ6/candles.json?from=2026-10-08&till=2026-10-08&interval=24&iss.meta=off&start=0
2026-10-08 17:26:42.393 | INFO     | src.database:insert_raw_candles:110 - Вставлено 1 записей в raw_candles
2026-10-08 17:26:42.394 | INFO     | src.database:upsert_meta:149 - Мета-информация обновлена для UCZ6
2026-10-08 17:26:42.394 | INFO     | src.moex_loader:load_asset:216 - Загружено 1 свечей для UCZ6 (futures)
2026-10-08 17:26:42.394 | DEBUG    | src.moex_loader:_fetch_page:48 - Запрос: https://iss.moex.com/iss/engines/futures/markets/forts/securities/EDZ6/candles.json?from=2026-10-08&till=2026-10-08&interval=24&iss.meta=off&start=0
2026-10-08 17:26:43.722 | DEBUG    | src.moex_loader:_fetch_page:48 - Запрос: https://iss.moex.com/iss/engines/futures/markets/forts/securities/EDZ6/candles.json?from=2026-10-08&till=2026-10-08&interval=24&iss.meta=off&start=0
2026-10-08 17:26:43.999 | INFO     | src.database:insert_raw_candles:110 - Вставлено 1 записей в raw_candles
2026-10-08 17:26:44.000 | INFO     | src.database:upsert_meta:149 - Мета-информация обновлена для EDZ6
2026-10-08 17:26:44.000 | INFO     | src.moex_loader:load_asset:216 - Загружено 1 свечей для EDZ6 (futures)
2026-10-08 17:26:44.000 | DEBUG    | src.moex_loader:_fetch_page:48 - Запрос: https://iss.moex.com/iss/engines/futures/markets/forts/securities/UMZ6/candles.json?from=2026-10-08&till=2026-10-08&interval=24&iss.meta=off&start=0
2026-10-08 17:26:44.800 | DEBUG    | src.moex_loader:_fetch_page:48 - Запрос: https://iss.moex.com/iss/engines/futures/markets/forts/securities/UMZ6/candles.json?from=2026-10-08&till=2026-10-08&interval=24&iss.meta=off&start=0
2026-10-08 17:26:45.209 | INFO     | src.database:insert_raw_candles:110 - Вставлено 1 записей в raw_candles
2026-10-08 17:26:45.210 | INFO     | src.database:upsert_meta:149 - Мета-информация обновлена для UMZ6
2026-10-08 17:26:45.210 | INFO     | src.moex_loader:load_asset:216 - Загружено 1 свечей для UMZ6 (futures)
2026-10-08 17:26:45.210 | DEBUG    | src.moex_loader:_fetch_page:48 - Запрос: https://iss.moex.com/iss/engines/futures/markets/forts/securities/USDRUBF/candles.json?from=2026-10-08&till=2026-10-08&interval=24&iss.meta=off&start=0
2026-10-08 17:26:46.003 | DEBUG    | src.moex_loader:_fetch_page:48 - Запрос: https://iss.moex.com/iss/engines/futures/markets/forts/securities/USDRUBF/candles.json?from=2026-10-08&till=2026-10-08&interval=24&iss.meta=off&start=0
2026-10-08 17:26:46.604 | INFO     | src.database:insert_raw_candles:110 - Вставлено 1 записей в raw_candles
2026-10-08 17:26:46.605 | INFO     | src.database:upsert_meta:149 - Мета-информация обновлена для USDRUBF
2026-10-08 17:26:46.605 | INFO     | src.moex_loader:load_asset:216 - Загружено 1 свечей для USDRUBF (futures)
2026-10-08 17:26:46.605 | DEBUG    | src.moex_loader:_fetch_page:48 - Запрос: https://iss.moex.com/iss/engines/futures/markets/forts/securities/EURRUBF/candles.json?from=2026-10-08&till=2026-10-08&interval=24&iss.meta=off&start=0
2026-10-08 17:26:47.480 | DEBUG    | src.moex_loader:_fetch_page:48 - Запрос: https://iss.moex.com/iss/engines/futures/markets/forts/securities/EURRUBF/candles.json?from=2026-10-08&till=2026-10-08&interval=24&iss.meta=off&start=0
2026-10-08 17:26:47.745 | INFO     | src.database:insert_raw_candles:110 - Вставлено 1 записей в raw_candles
2026-10-08 17:26:47.745 | INFO     | src.database:upsert_meta:149 - Мета-информация обновлена для EURRUBF
2026-10-08 17:26:47.745 | INFO     | src.moex_loader:load_asset:216 - Загружено 1 свечей для EURRUBF (futures)
2026-10-08 17:26:47.746 | DEBUG    | src.moex_loader:_fetch_page:48 - Запрос: https://iss.moex.com/iss/engines/futures/markets/forts/securities/CNYRUBF/candles.json?from=2026-10-08&till=2026-10-08&interval=24&iss.meta=off&start=0
2026-10-08 17:26:48.520 | DEBUG    | src.moex_loader:_fetch_page:48 - Запрос: https://iss.moex.com/iss/engines/futures/markets/forts/securities/CNYRUBF/candles.json?from=2026-10-08&till=2026-10-08&interval=24&iss.meta=off&start=0
2026-10-08 17:26:48.792 | INFO     | src.database:insert_raw_candles:110 - Вставлено 1 записей в raw_candles
2026-10-08 17:26:48.793 | INFO     | src.database:upsert_meta:149 - Мета-информация обновлена для CNYRUBF
2026-10-08 17:26:48.793 | INFO     | src.moex_loader:load_asset:216 - Загружено 1 свечей для CNYRUBF (futures)
2026-10-08 17:26:48.794 | DEBUG    | src.moex_loader:_fetch_page:48 - Запрос: https://iss.moex.com/iss/engines/futures/markets/forts/securities/SRZ6/candles.json?from=2026-10-08&till=2026-10-08&interval=24&iss.meta=off&start=0
2026-10-08 17:26:49.841 | DEBUG    | src.moex_loader:_fetch_page:48 - Запрос: https://iss.moex.com/iss/engines/futures/markets/forts/securities/SRZ6/candles.json?from=2026-10-08&till=2026-10-08&interval=24&iss.meta=off&start=0
2026-10-08 17:26:50.201 | INFO     | src.database:insert_raw_candles:110 - Вставлено 1 записей в raw_candles
2026-10-08 17:26:50.201 | INFO     | src.database:upsert_meta:149 - Мета-информация обновлена для SRZ6
2026-10-08 17:26:50.201 | INFO     | src.moex_loader:load_asset:216 - Загружено 1 свечей для SRZ6 (futures)
2026-10-08 17:26:50.202 | DEBUG    | src.moex_loader:_fetch_page:48 - Запрос: https://iss.moex.com/iss/engines/futures/markets/forts/securities/KKZ6/candles.json?from=2026-10-08&till=2026-10-08&interval=24&iss.meta=off&start=0
2026-10-08 17:26:51.003 | DEBUG    | src.moex_loader:_fetch_page:48 - Запрос: https://iss.moex.com/iss/engines/futures/markets/forts/securities/KKZ6/candles.json?from=2026-10-08&till=2026-10-08&interval=24&iss.meta=off&start=0
2026-10-08 17:26:51.416 | INFO     | src.database:insert_raw_candles:110 - Вставлено 1 записей в raw_candles
2026-10-08 17:26:51.416 | INFO     | src.database:upsert_meta:149 - Мета-информация обновлена для KKZ6
2026-10-08 17:26:51.416 | INFO     | src.moex_loader:load_asset:216 - Загружено 1 свечей для KKZ6 (futures)
2026-10-08 17:26:51.417 | DEBUG    | src.moex_loader:_fetch_page:48 - Запрос: https://iss.moex.com/iss/engines/futures/markets/forts/securities/MXZ6/candles.json?from=2026-10-09&till=2026-10-08&interval=24&iss.meta=off&start=0
2026-10-08 17:26:52.222 | WARNING  | src.moex_loader:fetch_candles_async:85 - Нет данных для MXZ6 за период 2026-10-09 - 2026-10-08
2026-10-08 17:26:52.223 | WARNING  | src.moex_loader:load_asset:204 - Нет данных для MXZ6 (futures)
2026-10-08 17:26:52.224 | DEBUG    | src.moex_loader:_fetch_page:48 - Запрос: https://iss.moex.com/iss/engines/futures/markets/forts/securities/MMZ6/candles.json?from=2026-10-08&till=2026-10-08&interval=24&iss.meta=off&start=0
2026-10-08 17:26:53.149 | DEBUG    | src.moex_loader:_fetch_page:48 - Запрос: https://iss.moex.com/iss/engines/futures/markets/forts/securities/MMZ6/candles.json?from=2026-10-08&till=2026-10-08&interval=24&iss.meta=off&start=0
2026-10-08 17:26:53.355 | INFO     | src.database:insert_raw_candles:110 - Вставлено 1 записей в raw_candles
2026-10-08 17:26:53.355 | INFO     | src.database:upsert_meta:149 - Мета-информация обновлена для MMZ6
2026-10-08 17:26:53.355 | INFO     | src.moex_loader:load_asset:216 - Загружено 1 свечей для MMZ6 (futures)
2026-10-08 17:26:53.356 | DEBUG    | src.moex_loader:_fetch_page:48 - Запрос: https://iss.moex.com/iss/engines/futures/markets/forts/securities/RIZ6/candles.json?from=2026-10-08&till=2026-10-08&interval=24&iss.meta=off&start=0
2026-10-08 17:26:54.314 | DEBUG    | src.moex_loader:_fetch_page:48 - Запрос: https://iss.moex.com/iss/engines/futures/markets/forts/securities/RIZ6/candles.json?from=2026-10-08&till=2026-10-08&interval=24&iss.meta=off&start=0
2026-10-08 17:26:54.522 | INFO     | src.database:insert_raw_candles:110 - Вставлено 1 записей в raw_candles
2026-10-08 17:26:54.522 | INFO     | src.database:upsert_meta:149 - Мета-информация обновлена для RIZ6
2026-10-08 17:26:54.522 | INFO     | src.moex_loader:load_asset:216 - Загружено 1 свечей для RIZ6 (futures)
2026-10-08 17:26:54.523 | DEBUG    | src.moex_loader:_fetch_page:48 - Запрос: https://iss.moex.com/iss/engines/futures/markets/forts/securities/RBZ6/candles.json?from=2026-10-08&till=2026-10-08&interval=24&iss.meta=off&start=0
2026-10-08 17:26:55.499 | DEBUG    | src.moex_loader:_fetch_page:48 - Запрос: https://iss.moex.com/iss/engines/futures/markets/forts/securities/RBZ6/candles.json?from=2026-10-08&till=2026-10-08&interval=24&iss.meta=off&start=0
2026-10-08 17:26:55.706 | INFO     | src.database:insert_raw_candles:110 - Вставлено 1 записей в raw_candles
2026-10-08 17:26:55.706 | INFO     | src.database:upsert_meta:149 - Мета-информация обновлена для RBZ6
2026-10-08 17:26:55.707 | INFO     | src.moex_loader:load_asset:216 - Загружено 1 свечей для RBZ6 (futures)
2026-10-08 17:26:55.707 | DEBUG    | src.moex_loader:_fetch_page:48 - Запрос: https://iss.moex.com/iss/engines/futures/markets/forts/securities/RGBIF/candles.json?from=2026-10-08&till=2026-10-08&interval=24&iss.meta=off&start=0
2026-10-08 17:26:56.567 | DEBUG    | src.moex_loader:_fetch_page:48 - Запрос: https://iss.moex.com/iss/engines/futures/markets/forts/securities/RGBIF/candles.json?from=2026-10-08&till=2026-10-08&interval=24&iss.meta=off&start=0
2026-10-08 17:26:56.768 | INFO     | src.database:insert_raw_candles:110 - Вставлено 1 записей в raw_candles
2026-10-08 17:26:56.769 | INFO     | src.database:upsert_meta:149 - Мета-информация обновлена для RGBIF
2026-10-08 17:26:56.769 | INFO     | src.moex_loader:load_asset:216 - Загружено 1 свечей для RGBIF (futures)
2026-10-08 17:26:56.770 | DEBUG    | src.moex_loader:_fetch_page:48 - Запрос: https://iss.moex.com/iss/engines/futures/markets/forts/securities/IMOEXF/candles.json?from=2026-10-08&till=2026-10-08&interval=24&iss.meta=off&start=0
2026-10-08 17:26:57.588 | DEBUG    | src.moex_loader:_fetch_page:48 - Запрос: https://iss.moex.com/iss/engines/futures/markets/forts/securities/IMOEXF/candles.json?from=2026-10-08&till=2026-10-08&interval=24&iss.meta=off&start=0
2026-10-08 17:26:57.808 | INFO     | src.database:insert_raw_candles:110 - Вставлено 1 записей в raw_candles
2026-10-08 17:26:57.808 | INFO     | src.database:upsert_meta:149 - Мета-информация обновлена для IMOEXF
2026-10-08 17:26:57.808 | INFO     | src.moex_loader:load_asset:216 - Загружено 1 свечей для IMOEXF (futures)
2026-10-08 17:26:57.809 | DEBUG    | src.moex_loader:_fetch_page:48 - Запрос: https://iss.moex.com/iss/engines/futures/markets/forts/securities/SFZ6/candles.json?from=2026-10-08&till=2026-10-08&interval=24&iss.meta=off&start=0
2026-10-08 17:26:58.763 | DEBUG    | src.moex_loader:_fetch_page:48 - Запрос: https://iss.moex.com/iss/engines/futures/markets/forts/securities/SFZ6/candles.json?from=2026-10-08&till=2026-10-08&interval=24&iss.meta=off&start=0
2026-10-08 17:26:58.981 | INFO     | src.database:insert_raw_candles:110 - Вставлено 1 записей в raw_candles
2026-10-08 17:26:58.981 | INFO     | src.database:upsert_meta:149 - Мета-информация обновлена для SFZ6
2026-10-08 17:26:58.981 | INFO     | src.moex_loader:load_asset:216 - Загружено 1 свечей для SFZ6 (futures)
2026-10-08 17:26:58.982 | DEBUG    | src.moex_loader:_fetch_page:48 - Запрос: https://iss.moex.com/iss/engines/futures/markets/forts/securities/NAZ6/candles.json?from=2026-10-08&till=2026-10-08&interval=24&iss.meta=off&start=0
2026-10-08 17:26:59.755 | DEBUG    | src.moex_loader:_fetch_page:48 - Запрос: https://iss.moex.com/iss/engines/futures/markets/forts/securities/NAZ6/candles.json?from=2026-10-08&till=2026-10-08&interval=24&iss.meta=off&start=0
2026-10-08 17:26:59.954 | INFO     | src.database:insert_raw_candles:110 - Вставлено 1 записей в raw_candles
2026-10-08 17:26:59.954 | INFO     | src.database:upsert_meta:149 - Мета-информация обновлена для NAZ6
2026-10-08 17:26:59.954 | INFO     | src.moex_loader:load_asset:216 - Загружено 1 свечей для NAZ6 (futures)
2026-10-08 17:26:59.955 | DEBUG    | src.moex_loader:_fetch_page:48 - Запрос: https://iss.moex.com/iss/engines/futures/markets/forts/securities/DJZ6/candles.json?from=2026-10-08&till=2026-10-08&interval=24&iss.meta=off&start=0
2026-10-08 17:27:00.795 | DEBUG    | src.moex_loader:_fetch_page:48 - Запрос: https://iss.moex.com/iss/engines/futures/markets/forts/securities/DJZ6/candles.json?from=2026-10-08&till=2026-10-08&interval=24&iss.meta=off&start=0
2026-10-08 17:27:01.003 | INFO     | src.database:insert_raw_candles:110 - Вставлено 1 записей в raw_candles
2026-10-08 17:27:01.004 | INFO     | src.database:upsert_meta:149 - Мета-информация обновлена для DJZ6
2026-10-08 17:27:01.004 | INFO     | src.moex_loader:load_asset:216 - Загружено 1 свечей для DJZ6 (futures)
2026-10-08 17:27:01.004 | DEBUG    | src.moex_loader:_fetch_page:48 - Запрос: https://iss.moex.com/iss/engines/futures/markets/forts/securities/BRZ6/candles.json?from=2026-10-09&till=2026-10-08&interval=24&iss.meta=off&start=0
2026-10-08 17:27:01.792 | WARNING  | src.moex_loader:fetch_candles_async:85 - Нет данных для BRZ6 за период 2026-10-09 - 2026-10-08
2026-10-08 17:27:01.793 | WARNING  | src.moex_loader:load_asset:204 - Нет данных для BRZ6 (futures)
2026-10-08 17:27:01.794 | DEBUG    | src.moex_loader:_fetch_page:48 - Запрос: https://iss.moex.com/iss/engines/futures/markets/forts/securities/BRX6/candles.json?from=2026-10-08&till=2026-10-08&interval=24&iss.meta=off&start=0
2026-10-08 17:27:02.609 | DEBUG    | src.moex_loader:_fetch_page:48 - Запрос: https://iss.moex.com/iss/engines/futures/markets/forts/securities/BRX6/candles.json?from=2026-10-08&till=2026-10-08&interval=24&iss.meta=off&start=0
2026-10-08 17:27:02.989 | INFO     | src.database:insert_raw_candles:110 - Вставлено 1 записей в raw_candles
2026-10-08 17:27:02.989 | INFO     | src.database:upsert_meta:149 - Мета-информация обновлена для BRX6
2026-10-08 17:27:02.990 | INFO     | src.moex_loader:load_asset:216 - Загружено 1 свечей для BRX6 (futures)
2026-10-08 17:27:02.990 | DEBUG    | src.moex_loader:_fetch_page:48 - Запрос: https://iss.moex.com/iss/engines/futures/markets/forts/securities/WTZ6/candles.json?from=2026-10-08&till=2026-10-08&interval=24&iss.meta=off&start=0
2026-10-08 17:27:03.921 | DEBUG    | src.moex_loader:_fetch_page:48 - Запрос: https://iss.moex.com/iss/engines/futures/markets/forts/securities/WTZ6/candles.json?from=2026-10-08&till=2026-10-08&interval=24&iss.meta=off&start=0
2026-10-08 17:27:04.340 | INFO     | src.database:insert_raw_candles:110 - Вставлено 1 записей в raw_candles
2026-10-08 17:27:04.340 | INFO     | src.database:upsert_meta:149 - Мета-информация обновлена для WTZ6
2026-10-08 17:27:04.341 | INFO     | src.moex_loader:load_asset:216 - Загружено 1 свечей для WTZ6 (futures)
2026-10-08 17:27:04.341 | DEBUG    | src.moex_loader:_fetch_page:48 - Запрос: https://iss.moex.com/iss/engines/futures/markets/forts/securities/NGZ6/candles.json?from=2026-10-08&till=2026-10-08&interval=24&iss.meta=off&start=0
2026-10-08 17:27:05.122 | DEBUG    | src.moex_loader:_fetch_page:48 - Запрос: https://iss.moex.com/iss/engines/futures/markets/forts/securities/NGZ6/candles.json?from=2026-10-08&till=2026-10-08&interval=24&iss.meta=off&start=0
2026-10-08 17:27:05.377 | INFO     | src.database:insert_raw_candles:110 - Вставлено 1 записей в raw_candles
2026-10-08 17:27:05.378 | INFO     | src.database:upsert_meta:149 - Мета-информация обновлена для NGZ6
2026-10-08 17:27:05.378 | INFO     | src.moex_loader:load_asset:216 - Загружено 1 свечей для NGZ6 (futures)
2026-10-08 17:27:05.378 | DEBUG    | src.moex_loader:_fetch_page:48 - Запрос: https://iss.moex.com/iss/engines/futures/markets/forts/securities/NRZ6/candles.json?from=2026-10-08&till=2026-10-08&interval=24&iss.meta=off&start=0
2026-10-08 17:27:06.171 | DEBUG    | src.moex_loader:_fetch_page:48 - Запрос: https://iss.moex.com/iss/engines/futures/markets/forts/securities/NRZ6/candles.json?from=2026-10-08&till=2026-10-08&interval=24&iss.meta=off&start=0
2026-10-08 17:27:06.909 | INFO     | src.database:insert_raw_candles:110 - Вставлено 1 записей в raw_candles
2026-10-08 17:27:06.910 | INFO     | src.database:upsert_meta:149 - Мета-информация обновлена для NRZ6
2026-10-08 17:27:06.910 | INFO     | src.moex_loader:load_asset:216 - Загружено 1 свечей для NRZ6 (futures)
2026-10-08 17:27:06.910 | DEBUG    | src.moex_loader:_fetch_page:48 - Запрос: https://iss.moex.com/iss/engines/futures/markets/forts/securities/GZZ6/candles.json?from=2026-10-08&till=2026-10-08&interval=24&iss.meta=off&start=0
2026-10-08 17:27:07.901 | DEBUG    | src.moex_loader:_fetch_page:48 - Запрос: https://iss.moex.com/iss/engines/futures/markets/forts/securities/GZZ6/candles.json?from=2026-10-08&till=2026-10-08&interval=24&iss.meta=off&start=0
2026-10-08 17:27:08.115 | INFO     | src.database:insert_raw_candles:110 - Вставлено 1 записей в raw_candles
2026-10-08 17:27:08.115 | INFO     | src.database:upsert_meta:149 - Мета-информация обновлена для GZZ6
2026-10-08 17:27:08.115 | INFO     | src.moex_loader:load_asset:216 - Загружено 1 свечей для GZZ6 (futures)
2026-10-08 17:27:08.116 | DEBUG    | src.moex_loader:_fetch_page:48 - Запрос: https://iss.moex.com/iss/engines/futures/markets/forts/securities/GDZ6/candles.json?from=2026-10-09&till=2026-10-08&interval=24&iss.meta=off&start=0
2026-10-08 17:27:08.899 | WARNING  | src.moex_loader:fetch_candles_async:85 - Нет данных для GDZ6 за период 2026-10-09 - 2026-10-08
2026-10-08 17:27:08.901 | WARNING  | src.moex_loader:load_asset:204 - Нет данных для GDZ6 (futures)
2026-10-08 17:27:08.902 | DEBUG    | src.moex_loader:_fetch_page:48 - Запрос: https://iss.moex.com/iss/engines/futures/markets/forts/securities/GLZ6/candles.json?from=2026-10-08&till=2026-10-08&interval=24&iss.meta=off&start=0
2026-10-08 17:27:09.687 | DEBUG    | src.moex_loader:_fetch_page:48 - Запрос: https://iss.moex.com/iss/engines/futures/markets/forts/securities/GLZ6/candles.json?from=2026-10-08&till=2026-10-08&interval=24&iss.meta=off&start=0
2026-10-08 17:27:09.891 | INFO     | src.database:insert_raw_candles:110 - Вставлено 1 записей в raw_candles
2026-10-08 17:27:09.891 | INFO     | src.database:upsert_meta:149 - Мета-информация обновлена для GLZ6
2026-10-08 17:27:09.891 | INFO     | src.moex_loader:load_asset:216 - Загружено 1 свечей для GLZ6 (futures)
2026-10-08 17:27:09.892 | DEBUG    | src.moex_loader:_fetch_page:48 - Запрос: https://iss.moex.com/iss/engines/futures/markets/forts/securities/GLDRUBF/candles.json?from=2026-10-08&till=2026-10-08&interval=24&iss.meta=off&start=0
2026-10-08 17:27:10.677 | DEBUG    | src.moex_loader:_fetch_page:48 - Запрос: https://iss.moex.com/iss/engines/futures/markets/forts/securities/GLDRUBF/candles.json?from=2026-10-08&till=2026-10-08&interval=24&iss.meta=off&start=0
2026-10-08 17:27:10.880 | INFO     | src.database:insert_raw_candles:110 - Вставлено 1 записей в raw_candles
2026-10-08 17:27:10.881 | INFO     | src.database:upsert_meta:149 - Мета-информация обновлена для GLDRUBF
2026-10-08 17:27:10.881 | INFO     | src.moex_loader:load_asset:216 - Загружено 1 свечей для GLDRUBF (futures)
2026-10-08 17:27:10.882 | DEBUG    | src.moex_loader:_fetch_page:48 - Запрос: https://iss.moex.com/iss/engines/futures/markets/forts/securities/SVZ6/candles.json?from=2026-10-08&till=2026-10-08&interval=24&iss.meta=off&start=0
2026-10-08 17:27:11.682 | DEBUG    | src.moex_loader:_fetch_page:48 - Запрос: https://iss.moex.com/iss/engines/futures/markets/forts/securities/SVZ6/candles.json?from=2026-10-08&till=2026-10-08&interval=24&iss.meta=off&start=0
2026-10-08 17:27:11.883 | INFO     | src.database:insert_raw_candles:110 - Вставлено 1 записей в raw_candles
2026-10-08 17:27:11.883 | INFO     | src.database:upsert_meta:149 - Мета-информация обновлена для SVZ6
2026-10-08 17:27:11.883 | INFO     | src.moex_loader:load_asset:216 - Загружено 1 свечей для SVZ6 (futures)
2026-10-08 17:27:11.884 | DEBUG    | src.moex_loader:_fetch_page:48 - Запрос: https://iss.moex.com/iss/engines/futures/markets/forts/securities/SLVRUBF/candles.json?from=2026-10-08&till=2026-10-08&interval=24&iss.meta=off&start=0
2026-10-08 17:27:15.705 | DEBUG    | src.moex_loader:_fetch_page:48 - Запрос: https://iss.moex.com/iss/engines/futures/markets/forts/securities/SLVRUBF/candles.json?from=2026-10-08&till=2026-10-08&interval=24&iss.meta=off&start=0
2026-10-08 17:27:16.331 | INFO     | src.database:insert_raw_candles:110 - Вставлено 1 записей в raw_candles
2026-10-08 17:27:16.331 | INFO     | src.database:upsert_meta:149 - Мета-информация обновлена для SLVRUBF
2026-10-08 17:27:16.331 | INFO     | src.moex_loader:load_asset:216 - Загружено 1 свечей для SLVRUBF (futures)
2026-10-08 17:27:16.332 | DEBUG    | src.moex_loader:_fetch_page:48 - Запрос: https://iss.moex.com/iss/engines/futures/markets/forts/securities/PDZ6/candles.json?from=2026-10-08&till=2026-10-08&interval=24&iss.meta=off&start=0
2026-10-08 17:27:17.269 | DEBUG    | src.moex_loader:_fetch_page:48 - Запрос: https://iss.moex.com/iss/engines/futures/markets/forts/securities/PDZ6/candles.json?from=2026-10-08&till=2026-10-08&interval=24&iss.meta=off&start=0
2026-10-08 17:27:17.473 | INFO     | src.database:insert_raw_candles:110 - Вставлено 1 записей в raw_candles
2026-10-08 17:27:17.474 | INFO     | src.database:upsert_meta:149 - Мета-информация обновлена для PDZ6
2026-10-08 17:27:17.474 | INFO     | src.moex_loader:load_asset:216 - Загружено 1 свечей для PDZ6 (futures)
2026-10-08 17:27:17.475 | DEBUG    | src.moex_loader:_fetch_page:48 - Запрос: https://iss.moex.com/iss/engines/futures/markets/forts/securities/PTZ6/candles.json?from=2026-10-08&till=2026-10-08&interval=24&iss.meta=off&start=0
2026-10-08 17:27:18.283 | DEBUG    | src.moex_loader:_fetch_page:48 - Запрос: https://iss.moex.com/iss/engines/futures/markets/forts/securities/PTZ6/candles.json?from=2026-10-08&till=2026-10-08&interval=24&iss.meta=off&start=0
2026-10-08 17:27:18.491 | INFO     | src.database:insert_raw_candles:110 - Вставлено 1 записей в raw_candles
2026-10-08 17:27:18.492 | INFO     | src.database:upsert_meta:149 - Мета-информация обновлена для PTZ6
2026-10-08 17:27:18.492 | INFO     | src.moex_loader:load_asset:216 - Загружено 1 свечей для PTZ6 (futures)
2026-10-08 17:27:18.493 | DEBUG    | src.moex_loader:_fetch_page:48 - Запрос: https://iss.moex.com/iss/engines/futures/markets/forts/securities/LDZ6/candles.json?from=2026-10-08&till=2026-10-08&interval=24&iss.meta=off&start=0
2026-10-08 17:27:19.297 | DEBUG    | src.moex_loader:_fetch_page:48 - Запрос: https://iss.moex.com/iss/engines/futures/markets/forts/securities/LDZ6/candles.json?from=2026-10-08&till=2026-10-08&interval=24&iss.meta=off&start=0
2026-10-08 17:27:19.503 | INFO     | src.database:insert_raw_candles:110 - Вставлено 1 записей в raw_candles
2026-10-08 17:27:19.503 | INFO     | src.database:upsert_meta:149 - Мета-информация обновлена для LDZ6
2026-10-08 17:27:19.504 | INFO     | src.moex_loader:load_asset:216 - Загружено 1 свечей для LDZ6 (futures)
2026-10-08 17:27:19.504 | DEBUG    | src.moex_loader:_fetch_page:48 - Запрос: https://iss.moex.com/iss/engines/futures/markets/forts/securities/LTZ6/candles.json?from=2026-10-08&till=2026-10-08&interval=24&iss.meta=off&start=0
2026-10-08 17:27:20.309 | DEBUG    | src.moex_loader:_fetch_page:48 - Запрос: https://iss.moex.com/iss/engines/futures/markets/forts/securities/LTZ6/candles.json?from=2026-10-08&till=2026-10-08&interval=24&iss.meta=off&start=0
2026-10-08 17:27:20.605 | INFO     | src.database:insert_raw_candles:110 - Вставлено 1 записей в raw_candles
2026-10-08 17:27:20.606 | INFO     | src.database:upsert_meta:149 - Мета-информация обновлена для LTZ6
2026-10-08 17:27:20.606 | INFO     | src.moex_loader:load_asset:216 - Загружено 1 свечей для LTZ6 (futures)
2026-10-08 17:27:20.607 | DEBUG    | src.moex_loader:_fetch_page:48 - Запрос: https://iss.moex.com/iss/engines/futures/markets/forts/securities/NCZ6/candles.json?from=2026-10-08&till=2026-10-08&interval=24&iss.meta=off&start=0
2026-10-08 17:27:21.402 | DEBUG    | src.moex_loader:_fetch_page:48 - Запрос: https://iss.moex.com/iss/engines/futures/markets/forts/securities/NCZ6/candles.json?from=2026-10-08&till=2026-10-08&interval=24&iss.meta=off&start=0
2026-10-08 17:27:21.696 | INFO     | src.database:insert_raw_candles:110 - Вставлено 1 записей в raw_candles
2026-10-08 17:27:21.696 | INFO     | src.database:upsert_meta:149 - Мета-информация обновлена для NCZ6
2026-10-08 17:27:21.696 | INFO     | src.moex_loader:load_asset:216 - Загружено 1 свечей для NCZ6 (futures)
2026-10-08 17:27:21.697 | DEBUG    | src.moex_loader:_fetch_page:48 - Запрос: https://iss.moex.com/iss/engines/futures/markets/forts/securities/CEZ6/candles.json?from=2026-10-08&till=2026-10-08&interval=24&iss.meta=off&start=0
2026-10-08 17:27:22.503 | DEBUG    | src.moex_loader:_fetch_page:48 - Запрос: https://iss.moex.com/iss/engines/futures/markets/forts/securities/CEZ6/candles.json?from=2026-10-08&till=2026-10-08&interval=24&iss.meta=off&start=0
2026-10-08 17:27:22.753 | INFO     | src.database:insert_raw_candles:110 - Вставлено 1 записей в raw_candles
2026-10-08 17:27:22.754 | INFO     | src.database:upsert_meta:149 - Мета-информация обновлена для CEZ6
2026-10-08 17:27:22.754 | INFO     | src.moex_loader:load_asset:216 - Загружено 1 свечей для CEZ6 (futures)
2026-10-08 17:27:22.754 | DEBUG    | src.moex_loader:_fetch_page:48 - Запрос: https://iss.moex.com/iss/engines/futures/markets/forts/securities/ANZ6/candles.json?from=2026-10-08&till=2026-10-08&interval=24&iss.meta=off&start=0
2026-10-08 17:27:23.557 | DEBUG    | src.moex_loader:_fetch_page:48 - Запрос: https://iss.moex.com/iss/engines/futures/markets/forts/securities/ANZ6/candles.json?from=2026-10-08&till=2026-10-08&interval=24&iss.meta=off&start=0
2026-10-08 17:27:23.764 | INFO     | src.database:insert_raw_candles:110 - Вставлено 1 записей в raw_candles
2026-10-08 17:27:23.765 | INFO     | src.database:upsert_meta:149 - Мета-информация обновлена для ANZ6
2026-10-08 17:27:23.765 | INFO     | src.moex_loader:load_asset:216 - Загружено 1 свечей для ANZ6 (futures)
2026-10-08 17:27:23.765 | DEBUG    | src.moex_loader:_fetch_page:48 - Запрос: https://iss.moex.com/iss/engines/futures/markets/forts/securities/ZCZ6/candles.json?from=2026-10-08&till=2026-10-08&interval=24&iss.meta=off&start=0
2026-10-08 17:27:24.557 | DEBUG    | src.moex_loader:_fetch_page:48 - Запрос: https://iss.moex.com/iss/engines/futures/markets/forts/securities/ZCZ6/candles.json?from=2026-10-08&till=2026-10-08&interval=24&iss.meta=off&start=0
2026-10-08 17:27:24.788 | INFO     | src.database:insert_raw_candles:110 - Вставлено 1 записей в raw_candles
2026-10-08 17:27:24.789 | INFO     | src.database:upsert_meta:149 - Мета-информация обновлена для ZCZ6
2026-10-08 17:27:24.789 | INFO     | src.moex_loader:load_asset:216 - Загружено 1 свечей для ZCZ6 (futures)
2026-10-08 17:27:24.789 | DEBUG    | src.moex_loader:_fetch_page:48 - Запрос: https://iss.moex.com/iss/engines/futures/markets/forts/securities/KCX6/candles.json?from=2026-10-09&till=2026-10-08&interval=24&iss.meta=off&start=0
2026-10-08 17:27:25.590 | WARNING  | src.moex_loader:fetch_candles_async:85 - Нет данных для KCX6 за период 2026-10-09 - 2026-10-08
2026-10-08 17:27:25.592 | WARNING  | src.moex_loader:load_asset:204 - Нет данных для KCX6 (futures)
2026-10-08 17:27:25.593 | DEBUG    | src.moex_loader:_fetch_page:48 - Запрос: https://iss.moex.com/iss/engines/futures/markets/forts/securities/CCX6/candles.json?from=2026-10-08&till=2026-10-08&interval=24&iss.meta=off&start=0
2026-10-08 17:27:26.348 | DEBUG    | src.moex_loader:_fetch_page:48 - Запрос: https://iss.moex.com/iss/engines/futures/markets/forts/securities/CCX6/candles.json?from=2026-10-08&till=2026-10-08&interval=24&iss.meta=off&start=0
2026-10-08 17:27:26.621 | INFO     | src.database:insert_raw_candles:110 - Вставлено 1 записей в raw_candles
2026-10-08 17:27:26.621 | INFO     | src.database:upsert_meta:149 - Мета-информация обновлена для CCX6
2026-10-08 17:27:26.621 | INFO     | src.moex_loader:load_asset:216 - Загружено 1 свечей для CCX6 (futures)
2026-10-08 17:27:26.622 | DEBUG    | src.moex_loader:_fetch_page:48 - Запрос: https://iss.moex.com/iss/engines/futures/markets/forts/securities/SuV6/candles.json?from=2026-10-09&till=2026-10-08&interval=24&iss.meta=off&start=0
2026-10-08 17:27:27.427 | WARNING  | src.moex_loader:fetch_candles_async:85 - Нет данных для SuV6 за период 2026-10-09 - 2026-10-08
2026-10-08 17:27:27.428 | WARNING  | src.moex_loader:load_asset:204 - Нет данных для SuV6 (futures)
2026-10-08 17:27:27.429 | DEBUG    | src.moex_loader:_fetch_page:48 - Запрос: https://iss.moex.com/iss/engines/futures/markets/forts/securities/W4Z6/candles.json?from=2026-10-08&till=2026-10-08&interval=24&iss.meta=off&start=0
2026-10-08 17:27:28.230 | DEBUG    | src.moex_loader:_fetch_page:48 - Запрос: https://iss.moex.com/iss/engines/futures/markets/forts/securities/W4Z6/candles.json?from=2026-10-08&till=2026-10-08&interval=24&iss.meta=off&start=0
2026-10-08 17:27:28.718 | INFO     | src.database:insert_raw_candles:110 - Вставлено 1 записей в raw_candles
2026-10-08 17:27:28.719 | INFO     | src.database:upsert_meta:149 - Мета-информация обновлена для W4Z6
2026-10-08 17:27:28.719 | INFO     | src.moex_loader:load_asset:216 - Загружено 1 свечей для W4Z6 (futures)
2026-10-08 17:27:28.719 | DEBUG    | src.moex_loader:_fetch_page:48 - Запрос: https://iss.moex.com/iss/engines/futures/markets/forts/securities/BTZ6/candles.json?from=2026-10-09&till=2026-10-08&interval=24&iss.meta=off&start=0
2026-10-08 17:27:29.719 | WARNING  | src.moex_loader:fetch_candles_async:85 - Нет данных для BTZ6 за период 2026-10-09 - 2026-10-08
2026-10-08 17:27:29.721 | WARNING  | src.moex_loader:load_asset:204 - Нет данных для BTZ6 (futures)
2026-10-08 17:27:29.722 | DEBUG    | src.moex_loader:_fetch_page:48 - Запрос: https://iss.moex.com/iss/engines/futures/markets/forts/securities/EHZ6/candles.json?from=2026-10-08&till=2026-10-08&interval=24&iss.meta=off&start=0
2026-10-08 17:27:30.543 | DEBUG    | src.moex_loader:_fetch_page:48 - Запрос: https://iss.moex.com/iss/engines/futures/markets/forts/securities/EHZ6/candles.json?from=2026-10-08&till=2026-10-08&interval=24&iss.meta=off&start=0
2026-10-08 17:27:30.758 | INFO     | src.database:insert_raw_candles:110 - Вставлено 1 записей в raw_candles
2026-10-08 17:27:30.759 | INFO     | src.database:upsert_meta:149 - Мета-информация обновлена для EHZ6
2026-10-08 17:27:30.759 | INFO     | src.moex_loader:load_asset:216 - Загружено 1 свечей для EHZ6 (futures)
2026-10-08 17:27:30.759 | DEBUG    | src.moex_loader:_fetch_page:48 - Запрос: https://iss.moex.com/iss/engines/futures/markets/forts/securities/S3Z6/candles.json?from=2026-10-08&till=2026-10-08&interval=24&iss.meta=off&start=0
2026-10-08 17:27:31.552 | DEBUG    | src.moex_loader:_fetch_page:48 - Запрос: https://iss.moex.com/iss/engines/futures/markets/forts/securities/S3Z6/candles.json?from=2026-10-08&till=2026-10-08&interval=24&iss.meta=off&start=0
2026-10-08 17:27:31.759 | INFO     | src.database:insert_raw_candles:110 - Вставлено 1 записей в raw_candles
2026-10-08 17:27:31.760 | INFO     | src.database:upsert_meta:149 - Мета-информация обновлена для S3Z6
2026-10-08 17:27:31.760 | INFO     | src.moex_loader:load_asset:216 - Загружено 1 свечей для S3Z6 (futures)
2026-10-08 17:27:31.761 | DEBUG    | src.moex_loader:_fetch_page:48 - Запрос: https://iss.moex.com/iss/engines/futures/markets/forts/securities/TXX6/candles.json?from=2026-10-07&till=2026-10-08&interval=24&iss.meta=off&start=0
2026-10-08 17:27:32.537 | DEBUG    | src.moex_loader:_fetch_page:48 - Запрос: https://iss.moex.com/iss/engines/futures/markets/forts/securities/TXX6/candles.json?from=2026-10-07&till=2026-10-08&interval=24&iss.meta=off&start=0
2026-10-08 17:27:32.737 | INFO     | src.database:insert_raw_candles:110 - Вставлено 1 записей в raw_candles
2026-10-08 17:27:32.737 | INFO     | src.database:upsert_meta:149 - Мета-информация обновлена для TXX6
2026-10-08 17:27:32.738 | INFO     | src.moex_loader:load_asset:216 - Загружено 1 свечей для TXX6 (futures)
2026-10-08 17:27:32.738 | DEBUG    | src.moex_loader:_fetch_page:48 - Запрос: https://iss.moex.com/iss/engines/futures/markets/forts/securities/XRZ6/candles.json?from=2026-10-08&till=2026-10-08&interval=24&iss.meta=off&start=0
2026-10-08 17:27:33.526 | DEBUG    | src.moex_loader:_fetch_page:48 - Запрос: https://iss.moex.com/iss/engines/futures/markets/forts/securities/XRZ6/candles.json?from=2026-10-08&till=2026-10-08&interval=24&iss.meta=off&start=0
2026-10-08 17:27:33.745 | INFO     | src.database:insert_raw_candles:110 - Вставлено 1 записей в raw_candles
2026-10-08 17:27:33.745 | INFO     | src.database:upsert_meta:149 - Мета-информация обновлена для XRZ6
2026-10-08 17:27:33.745 | INFO     | src.moex_loader:load_asset:216 - Загружено 1 свечей для XRZ6 (futures)
2026-10-08 17:27:33.746 | DEBUG    | src.moex_loader:_fetch_page:48 - Запрос: https://iss.moex.com/iss/engines/futures/markets/forts/securities/BTCUSDF/candles.json?from=2026-10-08&till=2026-10-08&interval=24&iss.meta=off&start=0
2026-10-08 17:27:34.531 | DEBUG    | src.moex_loader:_fetch_page:48 - Запрос: https://iss.moex.com/iss/engines/futures/markets/forts/securities/BTCUSDF/candles.json?from=2026-10-08&till=2026-10-08&interval=24&iss.meta=off&start=0
2026-10-08 17:27:34.736 | INFO     | src.database:insert_raw_candles:110 - Вставлено 1 записей в raw_candles
2026-10-08 17:27:34.737 | INFO     | src.database:upsert_meta:149 - Мета-информация обновлена для BTCUSDF
2026-10-08 17:27:34.737 | INFO     | src.moex_loader:load_asset:216 - Загружено 1 свечей для BTCUSDF (futures)
2026-10-08 17:27:34.737 | DEBUG    | src.moex_loader:_fetch_page:48 - Запрос: https://iss.moex.com/iss/engines/futures/markets/forts/securities/ETHUSDF/candles.json?from=2026-10-08&till=2026-10-08&interval=24&iss.meta=off&start=0
2026-10-08 17:27:35.820 | DEBUG    | src.moex_loader:_fetch_page:48 - Запрос: https://iss.moex.com/iss/engines/futures/markets/forts/securities/ETHUSDF/candles.json?from=2026-10-08&till=2026-10-08&interval=24&iss.meta=off&start=0
2026-10-08 17:27:36.021 | INFO     | src.database:insert_raw_candles:110 - Вставлено 1 записей в raw_candles
2026-10-08 17:27:36.021 | INFO     | src.database:upsert_meta:149 - Мета-информация обновлена для ETHUSDF
2026-10-08 17:27:36.022 | INFO     | src.moex_loader:load_asset:216 - Загружено 1 свечей для ETHUSDF (futures)
2026-10-08 17:27:36.022 | DEBUG    | src.moex_loader:_fetch_page:48 - Запрос: https://iss.moex.com/iss/engines/futures/markets/forts/securities/SOLUSDF/candles.json?from=2026-10-08&till=2026-10-08&interval=24&iss.meta=off&start=0
2026-10-08 17:27:36.795 | DEBUG    | src.moex_loader:_fetch_page:48 - Запрос: https://iss.moex.com/iss/engines/futures/markets/forts/securities/SOLUSDF/candles.json?from=2026-10-08&till=2026-10-08&interval=24&iss.meta=off&start=0
2026-10-08 17:27:37.044 | INFO     | src.database:insert_raw_candles:110 - Вставлено 1 записей в raw_candles
2026-10-08 17:27:37.045 | INFO     | src.database:upsert_meta:149 - Мета-информация обновлена для SOLUSDF
2026-10-08 17:27:37.045 | INFO     | src.moex_loader:load_asset:216 - Загружено 1 свечей для SOLUSDF (futures)
2026-10-08 17:27:37.045 | INFO     | src.pipeline:incremental_update:72 - Incremental update: {'updated': 305, 'new': 4, 'empty': 12, 'errors': 0}
2026-10-08 17:27:37.045 | INFO     | src.database:_init_db:58 - База данных инициализирована (таблицы созданы)
2026-10-08 17:27:47.520 | WARNING  | src.scanner:scan_all:256 - Без данных (нет свечей в БД): 15 активов, напр. ['GAZC', 'GAZS', 'GAZT', 'MGNZ', 'KKZ6']
stats: {'updated': 305, 'new': 4, 'empty': 12, 'errors': 0}, длительность: 374.7 с

📊 <b>Отчёт сканера MOEX</b>
Дата: 2026-10-08 17:27 MSK
Просканировано: 294 | сигналы: 🟢3 🔴0 👁225
<code>FLOT   </code> 🟢 ПОКУПКА B35/S10 @ 78.19 | SL 75.57 → TP 82.12
   └ RSI oversold (24.7); Close below lower BB; Strong trend ADX=28
<code>MDMG   </code> 🟢 ПОКУПКА B35/S10 @ 1 270.70 | SL 1 241.47 → TP 1 314.54
   └ RSI oversold (27.1); Close below lower BB; Strong trend ADX=45
<code>ANZ6   </code> 🟢 ПОКУПКА B35/S10 @ 3 072.50 | SL 2 969.93 → TP 3 226.36
   └ RSI oversold (12.5); Close below lower BB; Strong trend ADX=41
<code>BAZA   </code> 👁 наблюдение (шорт запрещён) B10/S35 @ 115.02
   └ RSI overbought (71.7); Close above upper BB; Strong trend ADX=34
<code>ABIO   </code> 👁 наблюдение B25/S10 @ 43.18
   └ RSI oversold (27.6); Strong trend ADX=28
<code>AKRN   </code> 👁 наблюдение B25/S10 @ 16 788.00
   └ RSI oversold (12.7); Strong trend ADX=67
<code>BRZL   </code> 👁 наблюдение B25/S10 @ 1 148.00
   └ RSI oversold (28.1); Strong trend ADX=52
<code>CHKZ   </code> 👁 наблюдение B25/S10 @ 15 450.00
   └ RSI oversold (18.2); Strong trend ADX=28
<code>CNTL   </code> 👁 наблюдение B25/S10 @ 8.16
   └ RSI oversold (21.7); Strong trend ADX=42
<code>CNTLP  </code> 👁 наблюдение B25/S10 @ 4.31
   └ RSI oversold (13.6); Strong trend ADX=66
<code>GAZP   </code> 👁 наблюдение B25/S10 @ 95.99
   └ RSI oversold (29.5); Strong trend ADX=32
<code>GEMA   </code> 👁 наблюдение B25/S10 @ 95.60
   └ RSI oversold (21.3); Strong trend ADX=52
<code>JNOSP  </code> 👁 наблюдение B25/S10 @ 11.54
   └ RSI oversold (18.2); Strong trend ADX=57
<code>KCHEP  </code> 👁 наблюдение B25/S10 @ 1.01
   └ RSI oversold (16.7); Strong trend ADX=49
<code>KGKC   </code> 👁 наблюдение B25/S10 @ 36.20
   └ RSI oversold (23.5); Strong trend ADX=39
<code>KLVZ   </code> 👁 наблюдение B25/S10 @ 1.81
   └ RSI oversold (28.4); Strong trend ADX=55
<code>KZOSP  </code> 👁 наблюдение B25/S10 @ 14.49
   └ RSI oversold (10.8); Strong trend ADX=51
<code>LVHK   </code> 👁 наблюдение B10/S25 @ 21.30
   └ RSI overbought (73.2); Strong trend ADX=56
<code>MGTSP  </code> 👁 наблюдение B25/S10 @ 1 150.00
   └ RSI oversold (25.0); Strong trend ADX=35
<code>MSNG   </code> 👁 наблюдение B25/S10 @ 1.30
   └ RSI oversold (28.3); Strong trend ADX=77
<code>MTSS   </code> 👁 наблюдение B25/S10 @ 167.00
   └ RSI oversold (24.2); Strong trend ADX=59
<code>OMZZP  </code> 👁 наблюдение B25/S10 @ 9 400.00
   └ RSI oversold (17.6); Strong trend ADX=62
<code>PRFN   </code> 👁 наблюдение B25/S10 @ 2.93
   └ RSI oversold (28.1); Strong trend ADX=53
<code>ROSN   </code> 👁 наблюдение B25/S10 @ 347.00
   └ RSI oversold (26.9); Strong trend ADX=33
<code>RTSB   </code> 👁 наблюдение B25/S10 @ 2.75
   └ RSI oversold (20.6); Strong trend ADX=71

------------------------------------------------------------
